closest_abs	Full_HA_SI06_H1_avg_enrich	Full_HA_MI15_H1_avg_enrich	Full_HA_SP16_H3_avg_enrich	Full_HA_QH_H5_avg_enrich	Full_HA_SH_H7_avg_enrich	Full_HA_Phu_FluB_avg_enrich	Full_HA_Lee_FluB_avg_enrich	Full_HA_H1_stem_avg_enrich	Full_HA_H3_stem_avg_enrich	CR9114_compitition_SI06_H1_avg_enrich	CR9114_compitition_MI15_H1_avg_enrich	CR9114_compitition_QH_H5_avg_enrich	CR9114_compitition_SH_H7_avg_enrich	CR9114_compitition_Phu_FluB_avg_enrich	CR9114_compitition_Lee_FluB_avg_enrich	Full_HA_SI06_H1_avg_enrich_normalized	Full_HA_MI15_H1_avg_enrich_normalized	Full_HA_SP16_H3_avg_enrich_normalized	Full_HA_QH_H5_avg_enrich_normalized	Full_HA_SH_H7_avg_enrich_normalized	Full_HA_Phu_FluB_avg_enrich_normalized	Full_HA_Lee_FluB_avg_enrich_normalized	Full_HA_H1_stem_avg_enrich_normalized	Full_HA_H3_stem_avg_enrich_normalized	CR9114_compitition_SI06_H1_avg_enrich_normalized	CR9114_compitition_MI15_H1_avg_enrich_normalized	CR9114_compitition_QH_H5_avg_enrich_normalized	CR9114_compitition_SH_H7_avg_enrich_normalized	CR9114_compitition_Phu_FluB_avg_enrich_normalized	CR9114_compitition_Lee_FluB_avg_enrich_normalized	Full_HA_H1_stem_avg_enrich_normalized_capped	Full_HA_H3_stem_avg_enrich_normalized_capped	Full_HA_SI06_H1_avg_enrich_normalized_capped	CR9114_compitition_SI06_H1_avg_enrich_normalized_capped	Full_HA_MI15_H1_avg_enrich_normalized_capped	CR9114_compitition_MI15_H1_avg_enrich_normalized_capped	Full_HA_SP16_H3_avg_enrich_normalized_capped	Full_HA_QH_H5_avg_enrich_normalized_capped	CR9114_compitition_QH_H5_avg_enrich_normalized_capped	Full_HA_SH_H7_avg_enrich_normalized_capped	CR9114_compitition_SH_H7_avg_enrich_normalized_capped	Full_HA_Phu_FluB_avg_enrich_normalized_capped	CR9114_compitition_Phu_FluB_avg_enrich_normalized_capped	Full_HA_Lee_FluB_avg_enrich_normalized_capped	CR9114_compitition_Lee_FluB_avg_enrich_normalized_capped
W85-1F04	0.13869825893934604	1.1206176459508734	0.2460574316820948	0.2737842610842053	1.6353719315982078	0.0854731133105539	0.12498627649442018	0.682326884	0.091428517	0.20917765237319863	0.17286678031712668	0.6628869209233055	1.0075700498344318	0.21599505848697492	0.7602066956338229	0.3899848425931004	1.0110240709537999	0.1777942019618661	0.325992512923271	1.2710411979508023	0.1018324651057776	0.34972768306886437	0.43854156309150377	-0.1902553589547031	0.2959165014442293	0.7697971446821552	0.9381860133389273	0.3216270908544652	0.47170082135423325	0.15838277278961083	0.43854156309150377	-0.1902553589547031	0.3899848425931004	0.2959165014442293	1.0110240709537999	0.7697971446821552	0.1777942019618661	0.325992512923271	0.9381860133389273	1.2710411979508023	0.3216270908544652	0.1018324651057776	0.47170082135423325	0.34972768306886437	0.15838277278961083
042-100809-3G04	0.1910678818267821	0.8239237431691007	0.38696704031519	2.5267169680335515	0.8338779295967074	10.026770796146256	20.04629934971531	0.411393229	0.067233706	0.1292317109340482	0.22551438415902947	0.8249390823801086	1.1780483408180578	2.171442633679211	1.1514855303275662	0.8389797234893995	0.4396273646055171	0.6242064472926181	9.218722089247448	0.11921429747714853	73.11459721344048	135.675435812804	-0.44297993941506114	-0.4588543198443907	-0.21547665179767928	1.2117700677025052	1.5214203219884315	0.770686771791549	12.725807511623909	1.3362165275245383	-0.44297993941506114	-0.4588543198443907	0.8389797234893995	-0.21547665179767928	0.4396273646055171	1.2117700677025052	0.6242064472926181	9.218722089247448	1.5214203219884315	0.11921429747714853	0.770686771791549	50	12.725807511623909	50	1.3362165275245383
C2-3-G03	13.895757212114578	0.3300723718981396	0.2007615417860254	0.19671729780512745	0.34579888725608154	0.19587263800086072	0.1019572247739378	0.341967342	0.2290217	27.010667548096983	0.26054910944311443	0.7198495826302214	1.2740456152998685	0.5866665333865858	0.6973014770965899	118.33715928455683	-0.5114708693793102	0.034293413698306435	0.021795382846827305	-0.582204015225708	0.9126496020333283	0.19329107067408172	-0.6688670194867157	1.337236878091688	171.73799576931444	1.5058841167961847	1.143197648609985	1.0235547774531732	2.794569436235361	-0.030975513865793523	-0.6688670194867157	1.337236878091688	50	50	-0.5114708693793102	1.5058841167961847	0.034293413698306435	0.021795382846827305	1.143197648609985	-0.582204015225708	1.0235547774531732	0.9126496020333283	2.794569436235361	0.19329107067408172	-0.030975513865793523
R95-1D06	0.07865381396591144	0.5522711468748835	0.20428491066050403	0.18578474069836448	0.7432065163283635	1.3953272574548894	0.608060527170084	0.586993286	0.053279085	0.1334327316874766	0.0638619149420744	0.2619396991605068	0.5880609524600515	0.3817471440811164	0.8456285012456957	-0.1248106998013725	-0.08354280282338811	0.04545571146949668	-0.021357381382783563	-0.011089575846468299	9.721911808083663	3.6312566069730727	0.128360029725644	-0.6137716986248827	-0.1886038273458508	-0.14529101617554455	-0.5048442652303575	-0.7834087487835393	1.510411225444531	0.4155208470195125	0.128360029725644	-0.6137716986248827	-0.1248106998013725	-0.1886038273458508	-0.08354280282338811	-0.14529101617554455	0.04545571146949668	-0.021357381382783563	-0.5048442652303575	-0.011089575846468299	-0.7834087487835393	9.721911808083663	1.510411225444531	3.6312566069730727	0.4155208470195125
SFV019-4E01	0.17256702190419176	1.0073569456520768	0.4423904025593376	0.27311151189481986	1.246446605257262	0.05978315843882947	0.0613511891901569	0.599332997	0.086944896	0.1614711104878219	0.10417533848157094	0.46086587176755367	0.6591824801055425	0.08632168746083589	0.5946556035751858	0.6803612164347032	0.7928976096323702	0.7997918301717422	0.3233370511798101	0.7121166744530492	-0.086844575989477	-0.08254619464669931	0.16850904916443157	-0.2400303268857683	-0.009249695186267878	0.19313733266656513	0.21110156177849446	-0.5960663585708775	-0.3409168849962004	-0.33996175052843075	0.16850904916443157	-0.2400303268857683	0.6803612164347032	-0.009249695186267878	0.7928976096323702	0.19313733266656513	0.7997918301717422	0.3233370511798101	0.21110156177849446	0.7121166744530492	-0.5960663585708775	-0.086844575989477	-0.3409168849962004	-0.08254619464669931	-0.33996175052843075
051-09-5D01	0.19890651128666836	0.7436024410520262	0.07426379649738864	0.2162926639797182	0.5237312425397261	0.03607376333832247	0.17501048154116078	0.33156087	0.069835602	0.4493950135786904	5.162757243419552	0.5420766796052583	0.7249010450746545	0.08837240766807408	0.49315122050871385	0.9061847997660937	0.2849382151184814	-0.3664609638872319	0.09906286500961027	-0.3264974562638935	-0.2609756142127337	0.689542681542895	-0.7027259685834327	-0.42996934273326415	1.8325237587848515	42.65957583530223	0.50338355874968	-0.4229560015488978	-0.3280657380106217	-0.6455118545170909	-0.7027259685834327	-0.42996934273326415	0.9061847997660937	1.8325237587848515	0.2849382151184814	42.65957583530223	-0.3664609638872319	0.09906286500961027	0.50338355874968	-0.3264974562638935	-0.4229560015488978	-0.2609756142127337	-0.3280657380106217	0.689542681542895	-0.6455118545170909
024-10128-3E01	0.07744767286199047	0.4632472003517651	0.12595087215925826	0.12283421071989228	0.5528682936863041	0.04269492757157506	0.03014151460528686	0.39439699	0.06885241	0.15728954130947936	0.0726331445703651	0.3934866010760947	0.6696835078145472	0.1059378696924497	0.6711472322467861	-0.13515164081718123	-0.2549921968031844	-0.20271241810228263	-0.2698344166968382	-0.28462460477991897	-0.2123472035217198	-0.2945538719605764	-0.49827964051805146	-0.44088425955386057	-0.035998093030070774	-0.0716571617471522	-0.03140000071696289	-0.5684054281068921	-0.21798912514647045	-0.10970543657631425	-0.49827964051805146	-0.44088425955386057	-0.13515164081718123	-0.035998093030070774	-0.2549921968031844	-0.0716571617471522	-0.20271241810228263	-0.2698344166968382	-0.03140000071696289	-0.28462460477991897	-0.5684054281068921	-0.2123472035217198	-0.21798912514647045	-0.2945538719605764	-0.10970543657631425
R95-2A07	0.14556098145462462	0.964659159647833	0.13368095515751743	0.8738803759713906	0.7164267137161053	1.3592114549261454	4.300798237815424	0.494953119	0.237882531	0.12926969045961595	0.1351896186218158	0.29302953681543087	0.6573947495383404	0.11924847386450216	1.958570278495054	0.4488229076483883	0.7106668186978706	-0.17822293337997916	2.694679537188877	-0.04957482584353052	9.456663278379004	28.716066217349937	-0.17110585355413965	1.4356054910649052	-0.21523370676520998	0.45350002818673785	-0.3929502935135506	-0.6007754491740108	-0.1345762197300496	3.7657158385911753	-0.17110585355413965	1.4356054910649052	0.4488229076483883	-0.21523370676520998	0.7106668186978706	0.45350002818673785	-0.17822293337997916	2.694679537188877	-0.3929502935135506	-0.04957482584353052	-0.6007754491740108	9.456663278379004	-0.1345762197300496	28.716066217349937	3.7657158385911753
K77-1F06	0.07850692253354687	0.7489455233187339	0.31979332201189425	0.202723773893182	0.794223707474925	0.0145416724318495	3.1201703359631523	0.548864259	0.062415029	0.1829160622390817	0.1938933812655465	0.4735643379158628	1.1859830625099248	0.13384991552882497	6.106259588696693	-0.12607008448934282	0.2952283477444635	0.4113950520593007	0.04550402154383191	0.06222722128797339	-0.4191156818427807	20.69604734265783	0.004301772104776001	-0.5123489156510304	0.12792801890125138	0.9463139774379705	0.2568040137441993	0.7915877532051684	-0.043074086788045	16.251155991602435	0.004301772104776001	-0.5123489156510304	-0.12607008448934282	0.12792801890125138	0.2952283477444635	0.9463139774379705	0.4113950520593007	0.04550402154383191	0.2568040137441993	0.06222722128797339	0.7915877532051684	-0.4191156818427807	-0.043074086788045	20.69604734265783	16.251155991602435
K77-1F11	0.1693143149889764	1.1723920908363166	0.5334666386411486	0.26575669940364643	1.8161283789324405	0.104580931279524	0.10199626372708208	0.608835058	0.100666772	0.23718181007638744	0.1794584127739075	0.5210887882648202	1.4895215335627994	0.1967563762987588	0.8072034081757118	0.6524738902813948	1.1107354131929852	1.0883282006858372	0.294306286804633	1.5308062591411526	0.2421677274358829	0.19355626273042234	0.19942536736649877	-0.08769676928711027	0.4750517302490301	0.8251334344997838	0.42784702664847574	1.5911434513334775	0.3511387223721551	0.2998530223540608	0.19942536736649877	-0.08769676928711027	0.6524738902813948	0.4750517302490301	1.1107354131929852	0.8251334344997838	1.0883282006858372	0.294306286804633	0.42784702664847574	1.5308062591411526	1.5911434513334775	0.2421677274358829	0.3511387223721551	0.19355626273042234	0.2998530223540608
019-10117-3C04	0.05072947038941534	0.38645706174543487	0.08771019685001617	0.2558088277817654	0.2379986923684027	0.8854095423226067	0.5392652552441538	0.20160305	0.106224363	0.04493389663149971	0.03915425579724629	0.46156102266779186	1.065579881189893	0.6754685059481667	0.7160580326700405	-0.3642221491674543	-0.40288075085937786	-0.3238617555631032	0.25504025283899157	-0.7371236578404489	5.976877370553179	3.163929535954406	-1.1255623738608713	-0.025999111568276265	-0.7547075907490093	-0.3527100730052254	0.21360344667199263	0.47443174539079874	3.3510603695036862	0.02548576724148487	-1.1255623738608713	-0.025999111568276265	-0.3642221491674543	-0.7547075907490093	-0.40288075085937786	-0.3527100730052254	-0.3238617555631032	0.25504025283899157	0.21360344667199263	-0.7371236578404489	0.47443174539079874	5.976877370553179	3.3510603695036862	3.163929535954406	0.02548576724148487
AG13-3G01	0.08748467645386127	0.5504946674949215	0.13121689644589965	18.928082920671436	0.7565000446148358	16.220384183622443	0.4597817404891552	0.340419696	0.036704853	0.3165313798485184	0.6281702007575759	42.82405753358455	3.964282954936315	43.60661544020632	1.5570429530310843	-0.04909863940500348	-0.08696408805065002	-0.18602925682910798	73.95785595207639	0.008014551501121622	118.60290785750358	2.623997108843497	-0.6739025077034464	-0.7977707177841813	0.9826300508451397	4.5920372640523395	152.67847119727944	8.109953370563217	272.3855574034245	2.5570319143761884	-0.6739025077034464	-0.7977707177841813	-0.04909863940500348	0.9826300508451397	-0.08696408805065002	4.5920372640523395	-0.18602925682910798	50	50	0.008014551501121622	8.109953370563217	50	50	2.623997108843497	2.5570319143761884
01.i.01	0.1088646891189278	0.7948703652331726	0.780241996595283	0.1213728198866193	1.2028756996187244	0.09359191060009338	0.03382279469452282	0.503758654	0.100905638	0.20914208670611	0.06584390459972939	0.43289556236821225	1.1371783625222238	0.14368004412424792	0.9189587240159478	0.1342044991481657	0.3836740595148772	1.8701311075653275	-0.2756027884930882	0.6495009330162557	0.1614600766563329	-0.2695468941038098	-0.14245578258538488	-0.08504499575633637	0.29568899722935377	-0.128652352713853	0.11043493741146244	0.6630304871846397	0.018527894321339396	0.6362606467805647	-0.14245578258538488	-0.08504499575633637	0.1342044991481657	0.29568899722935377	0.3836740595148772	-0.128652352713853	1.8701311075653275	-0.2756027884930882	0.11043493741146244	0.6495009330162557	0.6630304871846397	0.1614600766563329	0.018527894321339396	-0.2695468941038098	0.6362606467805647
W85-3B09	0.07812779191100208	0.38624958094780626	0.17749292033465588	0.12444925978217056	0.6208332077687047	0.03308555250486331	0.02914556824367818	0.509778644	0.082163768	0.12575665352708745	0.08140288541841172	0.3389289837709879	0.7615598544857551	0.09377849358414415	0.5902715842047102	-0.12932058925389928	-0.4032803338750177	-0.039423330309578716	-0.2634595283040179	-0.18695223775908243	-0.282922199212243	-0.30131934701478363	-0.12286888176320951	-0.2931080720552011	-0.23770567972644452	0.0019641944760380755	-0.22775575385506672	-0.326392426429158	-0.2941876865441822	-0.3531585951775914	-0.12286888176320951	-0.2931080720552011	-0.12932058925389928	-0.23770567972644452	-0.4032803338750177	0.0019641944760380755	-0.039423330309578716	-0.2634595283040179	-0.22775575385506672	-0.18695223775908243	-0.326392426429158	-0.282922199212243	-0.2941876865441822	-0.30131934701478363	-0.3531585951775914
008-10-5E02	0.2646024162287385	0.8645674150094875	0.3375027257426646	0.19345333312864252	0.4512471324496786	0.03145536025254305	0.02242110220949589	0.801550261	0.828352558	0.8581138761420759	2.223095881684705	0.5770555157445199	0.5661316769275495	0.09713426281740874	0.7555773606654212	1.4694335571276056	0.5179021791728363	0.467499775928821	0.00891192870497773	-0.4306643591354314	-0.2948949664716644	-0.3469987218895916	0.8264519185877478	7.990715001476281	4.446990786793086	17.981325926009195	0.6292742419077975	-0.8411730155238281	-0.27315825331669924	0.14444747523633011	0.8264519185877478	7.990715001476281	1.4694335571276056	4.446990786793086	0.5179021791728363	17.981325926009195	0.467499775928821	0.00891192870497773	0.6292742419077975	-0.4306643591354314	-0.8411730155238281	-0.2948949664716644	-0.27315825331669924	-0.3469987218895916	0.14444747523633011
029-09-3A02	0.07484463644017227	1.225564283395882	0.16940458556169918	0.17732290230418912	0.5805992880951926	0.02428660285742908	0.07290164820094584	0.713504171	0.097111693	0.2272508642102416	4.717395046342697	0.351184404226599	0.6749231616327495	0.08757588616373921	0.5362497177806392	-0.15746896837738003	1.213138649029616	-0.06504778361697618	-0.054757775600439415	-0.24477239720596577	-0.3475451147647835	-0.004083794145617508	0.5399813376382222	-0.1271635179747008	0.4115260824207594	38.92079158529316	-0.1836478467936563	-0.5546035694758207	-0.33305725996142327	-0.5157760743925223	0.5399813376382222	-0.1271635179747008	-0.15746896837738003	0.4115260824207594	1.213138649029616	38.92079158529316	-0.06504778361697618	-0.054757775600439415	-0.1836478467936563	-0.24477239720596577	-0.5546035694758207	-0.3475451147647835	-0.33305725996142327	-0.004083794145617508	-0.5157760743925223
014-10-1G06	0.1622688603952422	1.781357626798863	0.5667746840358308	0.5962023992765999	2.330929195566552	0.16367513218015745	0.13936773339130298	0.591850385	0.135167075	0.2780786620389393	0.10206165607350697	0.6105258976023036	0.6059547630448081	0.4600566291947865	1.1087534621207522	0.5920691580767469	2.2835296575848267	1.1938505953362641	1.598634747022342	2.270626429353561	0.6761785704869132	0.44742108467119507	0.1441632979032468	0.2953087245842562	0.7366581321039078	0.17539311784846934	0.7497359182444193	-0.7362743668890658	2.0011494061133024	1.207583777984136	0.1441632979032468	0.2953087245842562	0.5920691580767469	0.7366581321039078	2.2835296575848267	0.17539311784846934	1.1938505953362641	1.598634747022342	0.7497359182444193	2.270626429353561	-0.7362743668890658	0.6761785704869132	2.0011494061133024	0.44742108467119507	1.207583777984136
AG11-2A01	0.03334047888747969	0.35666219755347184	0.04152933149844843	0.04918448600246443	0.3289864388493498	0.33305792488944785	0.02533025347010049	0.172427138	0.123083891	0.10587599133730168	0.07607166705205065	0.18081687709083935	0.6557394146267961	0.26560547370857435	0.7394754051044585	-0.5133079691112038	-0.4602620691330609	-0.47016621267496905	-0.5605430931089517	-0.6063651821082304	1.9201918161471832	-0.32723682401916276	-1.2204903878177913	0.16116712427835186	-0.36487704506098195	-0.0427910079015677	-0.7968095967641257	-0.605135794194677	0.7825919589058464	0.09597711319441685	-1.2204903878177913	0.16116712427835186	-0.5133079691112038	-0.36487704506098195	-0.4602620691330609	-0.0427910079015677	-0.47016621267496905	-0.5605430931089517	-0.7968095967641257	-0.6063651821082304	-0.605135794194677	1.9201918161471832	0.7825919589058464	-0.32723682401916276	0.09597711319441685
150055-015-1D02	0.05695714609323571	0.8313215644446308	0.4372353165369899	0.5063139903929613	0.7087446416063752	0.11169857719001368	38.111445301456655	0.40643365	0.048341115	0.45484680748670026	0.1949818211809118	0.32709449605554053	1.391352408284575	0.32999417465478975	31.565494593282615	-0.3108287054738119	0.45387467697479195	0.7834601296693186	1.2438290709439637	-0.060614730428304966	0.29444249306550374	258.3921794029974	-0.4591166409698386	-0.6685906269853668	1.8673974500223767	0.9554513538012067	-0.2703487016990847	1.332554537630992	1.1860934493332869	92.8889490416691	-0.4591166409698386	-0.6685906269853668	-0.3108287054738119	1.8673974500223767	0.45387467697479195	0.9554513538012067	0.7834601296693186	1.2438290709439637	-0.2703487016990847	-0.060614730428304966	1.332554537630992	0.29444249306550374	1.1860934493332869	50	50
011-10069-2G04	0.1904596103009188	0.7761764965328068	0.9138649699408082	4.993704770338407	0.9296188887593728	7.78133213923001	10.336660083867724	1.613958222	0.292970022	0.16464522872635173	0.4379416237978973	2.3160126429504424	1.2905814994433449	7.191790929364399	1.1099815912203617	0.8337646620425253	0.34767192093317245	2.2934587438961334	18.956365528981408	0.25680361438447724	56.6232205697951	69.71774494646274	3.469737731230754	2.0471598793434502	0.011054304060522106	2.995081770059774	6.887873008746376	1.067112222888823	44.186576093769055	1.2112807116805995	3.469737731230754	2.0471598793434502	0.8337646620425253	0.011054304060522106	0.34767192093317245	2.995081770059774	2.2934587438961334	18.956365528981408	6.887873008746376	0.25680361438447724	1.067112222888823	50	44.186576093769055	50	1.2112807116805995
SFV020-5C05	0.07005128985154592	0.6904120079335565	0.17062779060514066	0.1139657357038342	0.6474010503455445	0.03157062975001039	0.06297893234558552	0.663635956	0.125633471	0.1949274049324573	1.142210144827124	0.3939505590116569	0.7922699573438816	0.1514782123281841	0.5503480921257771	-0.19856508406415724	0.18249985016331394	-0.06117257797812978	-0.3048398786127342	-0.1487715954945928	-0.29404838235661745	-0.07148891672771454	0.37772794828310363	0.18947131473907208	0.20476141787135163	8.907366358836537	-0.029730191543438228	-0.24549843745586486	0.06739628965549105	-0.4733369243076741	0.37772794828310363	0.18947131473907208	-0.19856508406415724	0.20476141787135163	0.18249985016331394	8.907366358836537	-0.06117257797812978	-0.3048398786127342	-0.029730191543438228	-0.1487715954945928	-0.24549843745586486	-0.29404838235661745	0.06739628965549105	-0.07148891672771454	-0.4733369243076741
C1-2D03	0.2214775227774808	0.5990238326120567	0.21037801730331543	1.6350099632133204	0.4960974760745632	6.553447523254684	11.904072335077398	0.649068603	0.13435769	0.1357923316379942	0.04813019607334486	0.932055813821052	0.7289693028515719	3.873649598724514	1.303204885643185	1.0996990558799682	0.006497236397796274	0.0647591318951376	5.698994566662993	-0.3662099375756648	47.605157388859034	80.36519434131718	0.33033097611992396	0.28632332808912764	-0.1735100872839729	-0.2773576871189394	1.906939109551203	-0.4122397365703392	23.392943784267104	1.7929245374970886	0.33033097611992396	0.28632332808912764	1.0996990558799682	-0.1735100872839729	0.006497236397796274	-0.2773576871189394	0.0647591318951376	5.698994566662993	1.906939109551203	-0.3662099375756648	-0.4122397365703392	47.605157388859034	23.392943784267104	50	1.7929245374970886
R95-2G09	0.09016231756646792	0.710610835169837	0.3208383878039801	0.21096924721193236	0.9139945032164908	0.03354829233042979	2.1599420968027294	0.604126066	0.062720662	0.23597895069787872	0.09039948470081552	0.5128039564550859	0.7531406137010552	0.153642575888705	2.2534464529355653	-0.02614168294530195	0.22140035754380374	0.4147058991426829	0.07805038399232728	0.23434981245118533	-0.27952365758300435	14.173205903795612	0.18410398655416865	-0.5089559275341321	0.46735735528253625	0.0774900112639628	0.3980294783394036	-0.34856968758479073	0.08095959982735686	4.653356776274363	0.18410398655416865	-0.5089559275341321	-0.02614168294530195	0.46735735528253625	0.22140035754380374	0.0774900112639628	0.4147058991426829	0.07805038399232728	0.3980294783394036	0.23434981245118533	-0.34856968758479073	-0.27952365758300435	0.08095959982735686	14.173205903795612	4.653356776274363
K77-2A04	0.10621975320606504	1.0964717063408456	0.5631591870988374	4.990189073620803	1.1781969324959167	14.69539180537809	22.721583938845875	0.400637044	0.065607527	0.2334164116088392	0.17253127843821334	1.6260300934680605	1.1598353394105878	2.129318600417483	0.8584773806892053	0.11152794316595593	0.9645219007524712	1.1823964289292574	18.942488443311877	0.614035080780818	107.40276947436263	153.84867470232902	-0.4779767299113862	-0.4769073639297788	0.45096546694575296	0.7669806300588604	4.404589283247599	0.7227116040810124	12.4618309139578	0.45419874773175206	-0.4779767299113862	-0.4769073639297788	0.11152794316595593	0.45096546694575296	0.9645219007524712	0.7669806300588604	1.1823964289292574	18.942488443311877	4.404589283247599	0.614035080780818	0.7227116040810124	50	12.4618309139578	50	0.45419874773175206
36.d.02	0.10999064975950296	0.8207655786437044	0.13941498855792042	0.27546681649039456	1.3248315810057183	0.06241966217173657	0.0216945088534164	0.557681167	0.114656334	0.0842986325744136	0.04907248418603613	0.4010383857294077	0.873363910049413	0.14898319319543163	0.6302084607813004	0.1438580069611893	0.4335451202755932	-0.16005708401096586	0.33263386096632197	0.8247637104066355	-0.06748106501231216	-0.3519344788887621	0.032988846760090285	0.06760850738985402	-0.5029017319649945	-0.2694472448366257	-0.0042207279337423175	-0.03188751774427195	0.05176087654859295	-0.23293997582035353	0.032988846760090285	0.06760850738985402	0.1438580069611893	-0.5029017319649945	0.4335451202755932	-0.2694472448366257	-0.16005708401096586	0.33263386096632197	-0.0042207279337423175	0.8247637104066355	-0.03188751774427195	-0.06748106501231216	0.05176087654859295	-0.3519344788887621	-0.23293997582035353
W85-1D12	0.03011044822200563	0.2909917229971428	0.12532572761806912	0.0373362998237353	0.2595297043255346	0.00578508184920938	0.3620769635519448	0.521630373	0.098975661	0.08087399650512403	0.02872496054901734	0.17512843630708147	0.5665450615505723	0.04112534405056405	0.9158289205039531	-0.541000878740382	-0.5867354901032756	-0.20469292305858527	-0.6073100095518533	-0.7061814440438221	-0.4834274959142629	1.960287438798737	-0.08430758174538519	-0.10647065668590497	-0.5248082278627627	-0.4402632714327153	-0.8172825963093556	-0.8400841122631969	-0.6241465768508085	0.6268392626032157	-0.08430758174538519	-0.10647065668590497	-0.541000878740382	-0.5248082278627627	-0.5867354901032756	-0.4402632714327153	-0.20469292305858527	-0.6073100095518533	-0.8172825963093556	-0.7061814440438221	-0.8400841122631969	-0.4834274959142629	-0.6241465768508085	1.960287438798737	0.6268392626032157
024-10128-3E06	0.18045542724530467	1.1151877388127789	0.5528479592670057	0.27498758281749464	1.5074014708470838	0.07115158686673978	0.10808250100266097	0.641908231	0.088842782	0.16836579732326568	0.11549314137567752	0.5683091447251707	0.9177055014437854	0.23109182228600575	0.6147857937771223	0.7479930499540627	1.0005667240875709	1.1497296831113017	0.330742239683617	1.0871348695302976	-0.0033504068330282603	0.234900142329928	0.3070336789128054	-0.2189609245462714	0.034853802476296394	0.2881494901485584	0.5977955895479402	0.08491340024306214	0.5663069650412804	-0.2793655326736287	0.3070336789128054	-0.2189609245462714	0.7479930499540627	0.034853802476296394	1.0005667240875709	0.2881494901485584	1.1497296831113017	0.330742239683617	0.5977955895479402	1.0871348695302976	0.08491340024306214	-0.0033504068330282603	0.5663069650412804	0.234900142329928	-0.2793655326736287
AG2-B02	27.239636003641607	0.5061169137033704	0.16056517812449045	0.7434608212234222	0.8177213235656398	1.246358014815413	0.15356849663812916	0.347771541	0.156988013	42.33426207668664	0.5787992756808006	1.3097810456541543	1.9184924726752757	1.8094494768332188	0.7290623438532491	232.7419026903701	-0.17243029451421307	-0.09305169165217955	2.1798901569908633	0.0959956415664787	8.627823630203933	0.5438870322368071	-0.6499822256307175	0.5375541082096253	269.75899826060993	4.177571828285749	3.2663922169161257	2.721102884512167	10.457322883646995	0.06463155104205409	-0.6499822256307175	0.5375541082096253	50	50	-0.17243029451421307	4.177571828285749	-0.09305169165217955	2.1798901569908633	3.2663922169161257	0.0959956415664787	2.721102884512167	8.627823630203933	10.457322883646995	0.5438870322368071	0.06463155104205409
01.e.01	0.157743847388157	1.0333095835178605	0.3407891000472692	0.21951094315872613	1.6768739985266734	0.07551204211440675	0.08633623451315385	0.488693193	0.119378384	0.2390352122295777	0.077358243129194093	0.42738328637576006	1.031091260460691	0.12323309793366934	0.54761144781058	0.5532736204320059	0.842879262974488	0.47791125706589416	0.11176599029682092	1.3306838116124018	0.028674475969066537	0.08717750471793441	-0.19147342056274877	0.12003039749137831	0.48690745618437	-0.03199029242720907	0.09059596427687644	0.3835847001086336	-0.10960597297751731	-0.48157481443445654	-0.19147342056274877	0.12003039749137831	0.5532736204320059	0.48690745618437	0.842879262974488	-0.03199029242720907	0.47791125706589416	0.11176599029682092	0.09059596427687644	1.3306838116124018	0.3835847001086336	0.028674475969066537	-0.10960597297751731	0.08717750471793441	-0.48157481443445654
01.f.01	0.068215828223408	0.6522300723220172	0.39999946060638064	0.13481452984766165	0.9104429524475376	0.10531238322997512	0.12558409906528795	0.57768321	0.135699974	0.22438635234141552	0.03799590245979573	0.4301207233083326	0.9970437961122556	0.1132137443901452	0.7244402413683855	-0.2143015516894229	0.108966042943545	0.6654941356250235	-0.2225459477990798	0.22924587941629965	0.2475397956393334	0.35378869864756984	0.09806836225461567	0.30122470870412205	0.39320255366210666	-0.36243436761853365	0.10044814472598547	0.2938997121326945	-0.17239376071854443	0.050718024825442715	0.09806836225461567	0.30122470870412205	-0.2143015516894229	0.39320255366210666	0.108966042943545	-0.36243436761853365	0.6654941356250235	-0.2225459477990798	0.10044814472598547	0.22924587941629965	0.2938997121326945	0.2475397956393334	-0.17239376071854443	0.35378869864756984	0.050718024825442715
AG11-2B01	0.10899671157679064	1.2741275163727084	0.4839505880731368	4.1992538591607165	1.9674890168710208	5.751821525694567	0.12332324081658716	0.811566256	0.09478902	0.30189044321371294	0.2628150725099297	2.499918961994957	1.656721765726041	6.615080286223708	0.9621266243130202	0.13533640357052854	1.306665584070789	0.9314576257945691	15.82052525600055	1.7483266074096897	41.71770363349468	0.33843066264051264	0.8590403947646856	-0.15294869787490883	0.8889758312899547	1.5249067170099364	7.549761587583963	2.0315683434098717	40.57253200477561	0.766205344992315	0.8590403947646856	-0.15294869787490883	0.13533640357052854	0.8889758312899547	1.306665584070789	1.5249067170099364	0.9314576257945691	15.82052525600055	7.549761587583963	1.7483266074096897	2.0315683434098717	41.71770363349468	40.57253200477561	0.33843066264051264	0.766205344992315
R95-2F07	0.07402678096905621	0.290164957144954	0.14118617329208313	0.26697318594190683	0.28354612211448166	0.02166350747896699	10.5371328818214	0.547266271	0.176579844	0.14852445025561123	0.19268732677219547	0.27114084125291227	0.6822965167370754	0.18662961722857185	7.731609814975558	-0.16448091346305369	-0.5883277415126663	-0.15444583746970322	0.29910797741199996	-0.6716674539288077	-0.36681014956107244	71.07955896163922	-8.975110287551807e-4	0.7550530359146763	-0.09206607436595612	0.9361892349834254	-0.47172886770151656	-0.535181293058805	0.2876778617246752	21.143811024363686	-8.975110287551807e-4	0.7550530359146763	-0.16448091346305369	-0.09206607436595612	-0.5883277415126663	0.9361892349834254	-0.15444583746970322	0.29910797741199996	-0.47172886770151656	-0.6716674539288077	-0.535181293058805	-0.36681014956107244	0.2876778617246752	50	21.143811024363686
R95-1C11	0.0742307773257611	0.4417710375485421	0.1980378794686435	0.608821255203217	0.5661758530611354	0.7798344632216613	1.4603713882735514	0.244890056	0.355289146	0.2103699364846156	0.06575520875717664	0.1784313398183694	0.887900278031614	0.1369941493477452	1.0410680859478514	-0.16273193543281542	-0.29635269857186125	0.025664646487752737	1.648443635220317	-0.26550031335752056	5.201492842334787	9.421014059283564	-0.9847218918316797	2.7389963210480617	0.3035432292095386	-0.12939694805974017	-0.8053952717058173	0.006402969158240216	-0.02337027208853059	1.0038361849900688	-0.9847218918316797	2.7389963210480617	-0.16273193543281542	0.3035432292095386	-0.29635269857186125	-0.12939694805974017	0.025664646487752737	1.648443635220317	-0.8053952717058173	-0.26550031335752056	0.006402969158240216	5.201492842334787	-0.02337027208853059	9.421014059283564	1.0038361849900688
AG12-3D05	0.1912663046328977	1.1081399556794589	0.4860750704330177	0.24509071357769177	1.3878119307637546	0.04933458823485515	0.08902927574754917	0.569231656	0.119107512	0.1906291177764679	0.06336664517467844	0.5091885858526575	0.8719081241626	0.17711537107619546	1.2840592070290706	0.8406809162665648	0.9869935430020192	0.9381881458040987	0.2127339332179108	0.9152727608441832	-0.16358294783970304	0.10547136470234555	0.07057001923556422	0.11702330899896922	0.17726640583357764	-0.14944877096030038	0.3850175681318303	-0.0357222273842681	0.22805540551167927	1.7352919120404602	0.07057001923556422	0.11702330899896922	0.8406809162665648	0.17726640583357764	0.9869935430020192	-0.14944877096030038	0.9381881458040987	0.2127339332179108	0.3850175681318303	0.9152727608441832	-0.0357222273842681	-0.16358294783970304	0.22805540551167927	0.10547136470234555	1.7352919120404602
034-100809-1F05	0.30664557495920813	1.0061060235864174	0.15248178243968774	1.2752657456724252	2.258230119885159	3.2948737698983597	7.68488980181597	1.125006314	0.29199554	1.5365793936628624	0.8072235446028982	2.1652092233503675	2.579423311233384	10.65151506005215	7.825890093894621	1.8298937247951528	0.790488484464935	-0.11866049755657804	4.279019600979543	2.166150599465514	23.67292173317765	51.704239014545706	1.8788625754897228	2.0363416566838186	8.78695619498011	6.095177463813894	6.345123517584076	4.462071718560898	65.86745833996292	21.427615015457693	1.8788625754897228	2.0363416566838186	1.8298937247951528	8.78695619498011	0.790488484464935	6.095177463813894	-0.11866049755657804	4.279019600979543	6.345123517584076	2.166150599465514	4.462071718560898	23.67292173317765	50	50	21.427615015457693
034-100809-1F04	13.00811304092888	0.5515857616101351	0.10461750210198728	0.2665203078107413	0.6308188802138217	0.15596194303184424	0.06738999421745766	0.364948138	0.146687485	20.994601156151035	0.29204322186849213	0.5648041519030298	1.053030955331035	0.30438601361712	0.569337318270398	110.72687555621187	-0.08486277225715495	-0.27029814004219443	0.29732038618077344	-0.17260182950539368	0.6195299032090452	-0.041524522853618365	-0.5940957039086756	0.4232026831286387	133.25480191473213	1.7702749705257326	0.5851809348153791	0.4413764125987592	1.0256160519955633	-0.41617525455639376	-0.5940957039086756	0.4232026831286387	50	50	-0.08486277225715495	1.7702749705257326	-0.27029814004219443	0.29732038618077344	0.5851809348153791	-0.17260182950539368	0.4413764125987592	0.6195299032090452	1.0256160519955633	-0.041524522853618365	-0.41617525455639376
AG13-3E04	0.14166901588073602	0.905074198728215	0.30180657010330075	0.17599737228720463	1.4921569423161338	0.08507760621494266	0.04924039487514799	0.602170243	0.149956775	0.12947590585939953	0.08850611005792684	0.3635294162884817	0.8878152255141782	0.12490306200507686	0.8764578990422647	0.41545484954614365	0.595913363712302	0.3544116682885751	-0.05998988038101442	1.0652269600473352	0.09892770684891351	-0.1648149592943086	0.17774043592921263	0.4594967420839676	-0.21391460110901314	0.061595264604588994	-0.13921749479800477	0.006178930917815483	-0.09914089165313907	0.5083239892885575	0.17774043592921263	0.4594967420839676	0.41545484954614365	-0.21391460110901314	0.595913363712302	0.061595264604588994	0.3544116682885751	-0.05998988038101442	-0.13921749479800477	1.0652269600473352	0.006178930917815483	0.09892770684891351	-0.09914089165313907	-0.1648149592943086	0.5083239892885575
S5V2-52-Ig	0.10866647654416688	0.4039676163280264	0.1210636335282106	0.15234416908819046	0.511273026968722	0.02595280823137742	0.0986613980798989	0.358022835	0.135462717	0.21477116151087697	0.03245538888839248	0.3754240334291266	1.7613957660660091	0.2004016437271919	1.054864156155998	0.13250510880525224	-0.3691575326839644	-0.21819555791025708	-0.1533533168537791	-0.34440115584336384	-0.3353078531042112	0.1709024821506051	-0.6166281704118615	0.2985907975045759	0.33169670772001586	-0.40894658848884075	-0.09640813796925415	2.307291855910293	0.373982339633637	1.0453653343665397	-0.6166281704118615	0.2985907975045759	0.13250510880525224	0.33169670772001586	-0.3691575326839644	-0.40894658848884075	-0.21819555791025708	-0.1533533168537791	-0.09640813796925415	-0.34440115584336384	2.307291855910293	-0.3353078531042112	0.373982339633637	0.1709024821506051	1.0453653343665397
W85-2C10	0.10753746112782828	1.1015802217363482	0.6012801853196189	0.5327334101552024	1.4072844522595238	0.06792947656939327	25.327493965432517	0.598709402	0.098524939	0.3750373600560931	0.2556450100287688	0.4715106963016109	1.1276021843592274	0.288917611640662	16.696413860699778	0.1228254106436172	0.974360285848867	1.303166620366662	1.3481112604582406	0.94325671833216	-0.02701484065634398	171.55065139302505	0.16648009339902267	-0.11147435193486235	1.3568774130409191	1.4647145479122996	0.24941284884806608	0.6378057181793894	0.9286809817066756	48.12980636424163	0.16648009339902267	-0.11147435193486235	0.1228254106436172	1.3568774130409191	0.974360285848867	1.4647145479122996	1.303166620366662	1.3481112604582406	0.24941284884806608	0.94325671833216	0.6378057181793894	-0.02701484065634398	0.9286809817066756	50	48.12980636424163
W85-1H07	0.10563687630055787	0.769409943617449	0.4234604692204017	0.29922343296769943	1.3548067650577496	0.06798184789723996	6.893948074384033	0.416515084	0.068468786	0.37869422802595687	0.12365126767438046	0.3579921462452383	1.0821172843436564	0.17595623513701147	3.317148007747217	0.10653060439710679	0.3346403553603177	0.7398203766436888	0.42640548820111146	0.8678410425533006	-0.02663020521320357	46.33136279094156	-0.42631524962146305	-0.4451430656165467	1.380269435305381	0.3566363853439127	-0.15914642284465436	0.5179931920765245	0.2207915056007394	7.855328069206201	-0.42631524962146305	-0.4451430656165467	0.10653060439710679	1.380269435305381	0.3346403553603177	0.3566363853439127	0.7398203766436888	0.42640548820111146	-0.15914642284465436	0.8678410425533006	0.5179931920765245	-0.02663020521320357	0.2207915056007394	46.33136279094156	7.855328069206201
AG11-3F04	0.6059771529784023	0.5235649286876104	0.14999772833227062	0.1238422728720332	0.9726987553048436	0.02848526366864465	0.05205036914819659	0.800143668	0.216066877	2.7934105333545283	0.05977334298791711	0.4141226380314096	1.1216759208643712	0.14078211516585887	0.6897887476606641	4.396235409364982	-0.1388275200694573	-0.1265301679244986	-0.2658554145333626	0.31871368362014874	-0.31670851336247124	-0.14572677183753874	0.8218753665356403	1.1934187678237538	16.826574317542967	-0.17961428951927227	0.04287018882387177	0.622195249662874	3.6758612006711216e-4	-0.05359045118217048	0.8218753665356403	1.1934187678237538	4.396235409364982	16.826574317542967	-0.1388275200694573	-0.17961428951927227	-0.1265301679244986	-0.2658554145333626	0.04287018882387177	0.31871368362014874	0.622195249662874	-0.31670851336247124	3.6758612006711216e-4	-0.14572677183753874	-0.05359045118217048
100F4	0.02853643126886475	0.4236916920745328	0.09508205040149235	12.352863627413935	0.8764561205779952	0.07656027817142219	0.05189865902255938	0.230188793	0.039874641	0.11869747546233896	0.12705359277952874	5.101127039858035	0.9602463037738984	0.06193695579618435	0.6113025782240729	-0.5544958308793977	-0.33117133946715466	-0.30050716868938	48.00428579012348	0.1804034088407794	0.03637313011597257	-0.14675734046054306	-1.0325545593845689	-0.7625812813781436	-0.28286138450447323	0.3851986647650905	16.911647176196627	0.196970830024564	-0.4937274779382594	-0.2898507633828504	-1.0325545593845689	-0.7625812813781436	-0.5544958308793977	-0.28286138450447323	-0.33117133946715466	0.3851986647650905	-0.30050716868938	48.00428579012348	16.911647176196627	0.1804034088407794	0.196970830024564	0.03637313011597257	-0.4937274779382594	-0.14675734046054306	-0.2898507633828504
56.e.01	0.1897528752797192	1.3414765075307038	9.24026406030208	12.470987737683808	1.339444176579453	0.07493916946465953	0.3217816251253166	0.482929564	0.060754876	0.2911064491732155	0.4037133576036935	12.211313553759496	2.275022547148339	0.2614214790447504	0.9707243377496232	0.8277054164498884	1.4363716257613848	28.672117726099124	48.470542845131696	0.8457634691391261	0.024467075955387666	1.6865607428290346	-0.21022621410539838	-0.5307791224717365	0.819993458731249	2.7077378881767706	42.50158487603874	3.6602446401197835	0.7563723262997525	0.7920863183577547	-0.21022621410539838	-0.5307791224717365	0.8277054164498884	0.819993458731249	1.4363716257613848	2.7077378881767706	28.672117726099124	48.470542845131696	42.50158487603874	0.8457634691391261	3.6602446401197835	0.024467075955387666	0.7563723262997525	1.6865607428290346	0.7920863183577547
R95-2A05	0.03115275006863434	0.23512441009702037	0.01574759559277119	0.0797589156001984	0.27211705302202194	0.01418816691398517	0.01577905655572642	0.154988444	0.041921387	0.15324451585367138	0.04423041735141507	0.3972818230015036	0.8973815911410796	0.0869191729782017	0.7664491585927792	-0.5320646258578485	-0.6943292029647724	-0.5518446924168727	-0.4398603343543987	-0.6880921672706332	-0.4217119641427897	-0.39211821417520015	-1.277229679717988	-0.7398593081085396	-0.061873056606100624	-0.31009605458652095	-0.017740796076071055	0.03137785255972958	-0.3371726520294987	0.17717393380780405	-1.277229679717988	-0.7398593081085396	-0.5320646258578485	-0.061873056606100624	-0.6943292029647724	-0.31009605458652095	-0.5518446924168727	-0.4398603343543987	-0.017740796076071055	-0.6880921672706332	0.03137785255972958	-0.4217119641427897	-0.3371726520294987	-0.39211821417520015	0.17717393380780405
019-10117-3E02	0.16109197013388055	0.6189043324552876	0.1422732808760739	0.19502435206870117	1.0352021317382147	0.06155250702606548	4.123683709128886	0.533698369	0.068215734	0.17710386240500836	0.10866436018237728	0.4047348344714418	0.8816449627177138	0.1441149977033156	4.105187945816389	0.5819790013486018	0.044784683576429625	-0.15100179882540435	0.015113022306278588	0.40853727577006616	-0.07384979037102521	27.51292519313758	-0.04504262602711833	-0.4479523251826189	0.09074890577915262	0.23082235340492688	0.009082986790811222	-0.01007426018758122	0.021253596421885818	10.22749839082246	-0.04504262602711833	-0.4479523251826189	0.5819790013486018	0.09074890577915262	0.044784683576429625	0.23082235340492688	-0.15100179882540435	0.015113022306278588	0.009082986790811222	0.40853727577006616	-0.01007426018758122	-0.07384979037102521	0.021253596421885818	27.51292519313758	10.22749839082246
019-10-4A03	0.17497426149942918	1.1173830161935645	0.5240002543225408	0.6014869145508246	0.9291356647695778	2.892631709831792	27.58423720581547	0.777558509	0.109713563	0.3554821264048404	0.21696940704125345	0.5612802499583609	1.030538544652969	6.044030566157524	23.76692742213889	0.700999865249793	1.0047945638009619	1.05833798270264	1.61949367686551	0.25610917326700133	20.71869927243865	186.88073410139543	0.7483913126774008	0.012736280674973639	1.2317877284456347	1.1400355871509023	0.5724982251497295	0.3821287822739786	36.993962942676504	69.41357844072606	0.7483913126774008	0.012736280674973639	0.700999865249793	1.2317877284456347	1.0047945638009619	1.1400355871509023	1.05833798270264	1.61949367686551	0.5724982251497295	0.25610917326700133	0.3821287822739786	20.71869927243865	36.993962942676504	50	50
R95-1E05	0.02578495937878068	0.20973575802642325	0.1581837728995319	0.6785303446749678	0.23660824663567345	2.785032626495473	5.797019331339365	0.258821224	0.040722364	0.13201366659790953	0.02214633411702596	0.7557100670197762	1.1187893435672098	0.9961250203428692	1.3885174490539676	-0.5780857810349141	-0.7432246876233568	-0.1005961626348805	1.9235979173575173	-0.7391218671777701	19.928449668271256	38.87991326174747	-0.9393948388045046	-0.7531702751536152	-0.19768121336126937	-0.4954903765890566	1.2722614304982227	0.6145916687460052	5.360502702897049	2.049733769120448	-0.9393948388045046	-0.7531702751536152	-0.5780857810349141	-0.19768121336126937	-0.7432246876233568	-0.4954903765890566	-0.1005961626348805	1.9235979173575173	1.2722614304982227	-0.7391218671777701	0.6145916687460052	19.928449668271256	5.360502702897049	38.87991326174747	2.049733769120448
R95-1A04	0.12134807695075175	0.6838763763330764	0.06558239028714763	1.3440746661926026	0.8989251373948722	2.446000154096377	6.160977119499556	0.280272631	0.093032105	0.25625973825594633	0.04833806651581505	0.358075629163106	0.4639572980151315	0.4602723572466819	1.1086339610952587	0.24123175891628576	0.1699130112178339	-0.39396431214386596	4.550620754772229	0.21269362926943516	17.438463054948095	41.352282689961406	-0.8695996096753665	-0.17245310910471778	0.5970882173231506	-0.2756126294075956	-0.15884596340339235	-1.1103122339523024	2.0025012984358317	1.2072240541016475	-0.8695996096753665	-0.17245310910471778	0.24123175891628576	0.5970882173231506	0.1699130112178339	-0.2756126294075956	-0.39396431214386596	4.550620754772229	-0.15884596340339235	0.21269362926943516	-1.1103122339523024	17.438463054948095	2.0025012984358317	41.352282689961406	1.2072240541016475
017-10116-3D04	0.07906047372702336	0.5268119899907427	0.10311609528073017	3.843585882094464	0.8200784045512137	3.698498863223565	8.241906404168315	0.194634852	0.167346025	0.2428271425303387	0.1619834078204963	1.3935699736638318	0.9887129318185254	3.248859474874698	1.337141309951666	-0.12132417190717275	-0.13257407125731419	-0.2750547098512662	14.416639942758675	0.09938300226911558	26.63730172919762	55.48805918123328	-1.148234405398346	0.6525436925499584	0.511163436644062	0.6784319997631275	3.5679530048802763	0.27195524495105233	19.477602389379655	1.8950805002565407	-1.148234405398346	0.6525436925499584	-0.12132417190717275	0.511163436644062	-0.13257407125731419	0.6784319997631275	-0.2750547098512662	14.416639942758675	3.5679530048802763	0.09938300226911558	0.27195524495105233	26.63730172919762	19.477602389379655	50	1.8950805002565407
R95-1G07	0.17003822657433698	0.7424227639732963	0.37155818440113186	3.247768120151211	0.7736500278388092	13.760509101982851	26.78959266811424	0.270969862	0.042843845	0.3223459323713338	0.36547921053769344	2.592787052194587	1.2488564958811106	20.49278107738236	4.261114428710272	0.6586804004322709	0.28266629921114095	0.5753900320509597	12.064840345110428	0.03266078961483803	100.53662653528373	181.48270464517452	-0.899867502773961	-0.7296186304580969	1.0198242134981181	2.3867649187574043	7.883998760950015	0.9572037021109179	127.53923378085358	10.696870762965364	-0.899867502773961	-0.7296186304580969	0.6586804004322709	1.0198242134981181	0.28266629921114095	2.3867649187574043	0.5753900320509597	12.064840345110428	7.883998760950015	0.03266078961483803	0.9572037021109179	50	50	50	10.696870762965364
AG12-C05	0.1397002995777728	0.7330073422712117	0.19785834716770384	1.176951332988447	1.0870722198711436	1.965280685257953	3.5773209292169024	0.556037192	0.100689764	0.1618498969476545	0.12716957825220174	1.658512033569728	1.0528586586081723	5.783334841826816	3.831399901052248	0.3985759129941747	0.26453333153297326	0.02509587464636213	3.890954976254198	0.4830797710254889	13.907871918054125	23.801476564447075	0.027639938326831055	-0.0874415233457894	-0.006826697863175805	0.3861723546321378	4.521493505372649	0.44092256295638627	35.36027392939187	9.403337275595037	0.027639938326831055	-0.0874415233457894	0.3985759129941747	-0.006826697863175805	0.26453333153297326	0.3861723546321378	0.02509587464636213	3.890954976254198	4.521493505372649	0.4830797710254889	0.44092256295638627	13.907871918054125	35.36027392939187	23.801476564447075	9.403337275595037
W85-3B07	0.07800417558154427	0.6391308047146416	0.07496434245445188	0.19522193559788348	0.8999386190489149	0.6570541187168353	2.0228081274083616	0.686382197	0.125924563	0.14826494506967616	0.11219034386346256	0.4112590072546384	0.9047701497424246	0.5149403377584455	1.203459167923954	-0.1303804231053106	0.08373843194024588	-0.36424158157055625	0.015892919942960885	0.21415010359032563	4.2997461393336085	13.241653277283236	0.45173610552992643	0.19270287578426062	-0.09372606076337657	0.2604227378541613	0.03256383004838082	0.0508401767592584	2.345086430469799	1.4926683958329794	0.45173610552992643	0.19270287578426062	-0.1303804231053106	-0.09372606076337657	0.08373843194024588	0.2604227378541613	-0.36424158157055625	0.015892919942960885	0.03256383004838082	0.21415010359032563	0.0508401767592584	4.2997461393336085	2.345086430469799	13.241653277283236	1.4926683958329794
K77-2E07	0.27055936168768396	1.6242884622026157	0.6228352518897561	1.1489632419614535	2.953139402457098	6.117419805865579	18.597171324601128	0.524018833	0.086805743	0.4191892349960906	0.2609587546927246	0.9668171030265936	1.5471620693861965	6.967439639313337	9.6452392780777	1.5205058748067661	1.9810333727684015	1.3714546935447232	3.7804809598342333	3.16480461690844	44.40279989297091	125.83149252209626	-0.0765363845942717	-0.24157513544842582	1.6393053404710232	1.5093230597899685	2.032046829777223	1.7429753384116002	42.780644950810604	26.904248788550834	-0.0765363845942717	-0.24157513544842582	1.5205058748067661	1.6393053404710232	1.9810333727684015	1.5093230597899685	1.3714546935447232	3.7804809598342333	2.032046829777223	3.16480461690844	1.7429753384116002	44.40279989297091	42.780644950810604	50	26.904248788550834
AG13-3D02	0.03110504723995546	0.975448858455094	0.8911778781802396	0.27330774655143464	1.4512997865813984	0.11640853578864133	0.12932803188805647	0.476618568	0.114898391	0.07432607256710935	0.04594077224730844	0.30007505943772333	0.867480749166155	0.1372124995487512	0.7711200090485859	-0.5324736096293591	0.7314464784858024	2.221584329715967	0.3241116245744771	1.0065111481578013	0.3290342646940448	0.37922127724161697	-0.23075994468321415	0.07029570584228567	-0.5666935745053838	-0.2957377458017533	-0.3675930845831252	-0.047384448959936966	-0.022001947673744752	0.19123420193979807	-0.23075994468321415	0.07029570584228567	-0.5324736096293591	-0.5666935745053838	0.7314464784858024	-0.2957377458017533	2.221584329715967	0.3241116245744771	-0.3675930845831252	1.0065111481578013	-0.047384448959936966	0.3290342646940448	-0.022001947673744752	0.37922127724161697	0.19123420193979807
008-10-1C03	0.06526726598371385	0.40299830588800495	0.05708371621149454	0.12307197950614553	0.524688358243965	0.03053100380980843	0.02661668457623127	0.423118792	0.04452645	0.09717835788467569	0.0563362382543694	0.23502261403032423	0.866574796407513	0.122213266010944	0.6947718051617104	-0.23958127070654064	-0.37102430779347734	-0.42088875124528496	-0.2688959006411572	-0.3251219854403376	-0.30168380044990006	-0.31849808276463765	-0.4048291385723405	-0.7109391725120194	-0.420513517870126	-0.20846854146917945	-0.6017202796915816	-0.04977083407907765	-0.11599690329227688	-0.03859037245030828	-0.4048291385723405	-0.7109391725120194	-0.23958127070654064	-0.420513517870126	-0.37102430779347734	-0.20846854146917945	-0.42088875124528496	-0.2688959006411572	-0.6017202796915816	-0.3251219854403376	-0.04977083407907765	-0.30168380044990006	-0.11599690329227688	-0.31849808276463765	-0.03859037245030828
150055-023-2E04	0.12448459318916975	3.992989707002994	0.2655166621515804	0.2667772066195712	1.0108890475936825	0.05427912605387759	0.10511643093936168	0.475420392	0.080963672	0.32702324242148983	14.031555711828425	0.5678502702135836	0.9104330930584124	0.1432407548407312	0.48014299882725714	0.2681229156069645	6.542866551381209	0.2394425086356196	0.29833441186754045	0.3735969464834855	-0.12726833499063364	0.21475159438014732	-0.23465838213568677	-0.3064309510215989	1.0497437352672119	117.1125137986685	0.5961440758864348	0.06575702924510647	0.01577502187597261	-0.6846694097615158	-0.23465838213568677	-0.3064309510215989	0.2681229156069645	1.0497437352672119	6.542866551381209	50	0.2394425086356196	0.29833441186754045	0.5961440758864348	0.3735969464834855	0.06575702924510647	-0.12726833499063364	0.01577502187597261	0.21475159438014732	-0.6846694097615158
240-14-IgA-2F02	0.02953759375519396	0.2189051112678751	23.137708459214306	0.11634670244544788	0.32086813719977586	0.01451060939644727	0.05627658123088958	0.425508095	31.20664816	0.0934319435048258	0.03560310274304205	0.1723525996931961	0.6684564018894308	0.06802783454755519	0.45271042323135985	-0.5459122893810481	-0.7255656181501184	72.70026753546966	-0.29544177573195063	-0.6180319920940666	-0.4193438208814203	-0.11701806470087592	-0.397055198599828	345.23569832856106	-0.44447834495919736	-0.3825217525675552	-0.827272979244513	-0.5716377680841959	-0.4555580690501396	-0.7672473839610544	-0.397055198599828	50	-0.5459122893810481	-0.44447834495919736	-0.7255656181501184	-0.3825217525675552	50	-0.29544177573195063	-0.827272979244513	-0.6180319920940666	-0.5716377680841959	-0.4193438208814203	-0.4555580690501396	-0.11701806470087592	-0.7672473839610544
W85-3C08	0.08029542175715758	0.6909791138803709	0.31698006198169515	0.1258549159909841	1.1595658547560252	0.05089682107829713	0.04380081111895544	0.519880627	0.116871792	0.14129872612681352	0.08773951530365186	0.26472828202213516	0.930087437569285	0.14288750839957465	0.7351771169570462	-0.1107362525537138	0.18359202788291684	0.4024824325512122	-0.2579111510694461	0.5872603619781405	-0.15210930096588612	-0.2017661141219128	-0.09000063129629776	0.09220343878629049	-0.13828713049667335	0.05515975568121201	-0.4948080078747455	0.11752886262140255	0.01356134985898439	0.08303833803280648	-0.09000063129629776	0.09220343878629049	-0.1107362525537138	-0.13828713049667335	0.18359202788291684	0.05515975568121201	0.4024824325512122	-0.2579111510694461	-0.4948080078747455	0.5872603619781405	0.11752886262140255	-0.15210930096588612	0.01356134985898439	-0.2017661141219128	0.08303833803280648
014-10-3A02	0.10810130201653172	6.039603267787574	0.30412565849822404	0.33705658016776086	1.8733584771150629	0.12144290589979737	0.07350282400727112	0.507786741	0.081500923	0.33931195147718196	28.69024042646742	0.5439340549881606	1.2576778825361956	0.2947402128640695	0.7661712634346856	0.12765954269784285	10.484397660836429	0.36175871486361644	0.5757397075648933	1.6130516239709314	0.3660086409081805	0	-0.12934982384258056	-0.3004666531257837	1.1283513738806872	240.17113865874654	0.510068351088216	0.9804402623433032	0.9651691890673438	0.1763374093948844	-0.12934982384258056	-0.3004666531257837	0.12765954269784285	1.1283513738806872	10.484397660836429	50	0.36175871486361644	0.5757397075648933	0.510068351088216	1.6130516239709314	0.9804402623433032	0.3660086409081805	0.9651691890673438	0	0.1763374093948844
AG10-A05	0.14761355457195652	0.7615724402225902	0.24380445950940652	0.28455028188319875	0.9533692084343262	0.04036029157867228	0.07684771601882598	0.877676009	0.169979212	0.20702553362390175	0.1221866183079065	0.44073068094856493	0.7961719507759886	0.09156445333698998	0.6188980622594511	0.466420796873756	0.31954626820912424	0.1706566165549242	0.36848792846906836	0.2909351949429662	-0.2294936801650168	0.022721889787959165	1.074137957283812	0.6817760470423422	0.2821499640373035	0.3443407571583583	0.13863394399871487	-0.23522013213305493	-0.3080623031533803	-0.26698671685853215	1.074137957283812	0.6817760470423422	0.466420796873756	0.2821499640373035	0.31954626820912424	0.3443407571583583	0.1706566165549242	0.36848792846906836	0.13863394399871487	0.2909351949429662	-0.23522013213305493	-0.2294936801650168	-0.3080623031533803	0.022721889787959165	-0.26698671685853215
W85-1A11	0.1588940746039319	0.9593808851265848	0.3652069175821383	0.27245111086877805	1.934261414903494	0.07343074976699643	0.04779002399611237	0.530443244	0.065525102	0.2004384365066745	0.151037953371915	0.321711636675637	0.8984107011210523	0.14945626391832237	0.7142924513242008	0.563135179543489	0.7005014979805736	0.5552687407574454	0.32073032985235905	1.7005752260033982	0.013388653797545664	-0.17466734530595557	-0.05563364204853769	-0.47782240597541953	0.240014036873903	0.5865456812337497	-0.2897218975933733	0.03408864814894665	0.054725445470762205	0.0201709862682487	-0.05563364204853769	-0.47782240597541953	0.563135179543489	0.240014036873903	0.7005014979805736	0.5865456812337497	0.5552687407574454	0.32073032985235905	-0.2897218975933733	1.7005752260033982	0.03408864814894665	0.013388653797545664	0.054725445470762205	-0.17466734530595557	0.0201709862682487
16.ND.89	0.08214455520247907	0.41918662685769176	0.24413328624389655	0.1330796124620207	0.4661998632452563	0.03559827460194106	0.02502304062079366	0.354190568	0.072370671	0.15491434860205475	0.06776690900620147	0.3607916611342235	0.9911427466999082	0.07659157888880444	0.8012043061092112	-0.09488256858069688	-0.3398475522327421	0.17169836439804465	-0.22939397796890193	-0.4091757921307154	-0.26446778881181443	-0.3293237244270925	-0.6290970007011304	-0.40182624629892294	-0.05119157585535688	-0.1125088662778564	-0.149070820543808	0.2783556604472093	-0.4018920755675248	0.2817944301545747	-0.6290970007011304	-0.40182624629892294	-0.09488256858069688	-0.05119157585535688	-0.3398475522327421	-0.1125088662778564	0.17169836439804465	-0.22939397796890193	-0.149070820543808	-0.4091757921307154	0.2783556604472093	-0.26446778881181443	-0.4018920755675248	-0.3293237244270925	0.2817944301545747
K77-2G04	0.23541022984060336	0.6494203240458363	0.943824419252238	0.34003163457451874	0.5534948640584176	0.1849224462868461	6.415702641168908	0.806412199	0.409152717	0.05478481144896478	0.06211547021673021	0.08034051473839135	0.3511746665070675	0.46366942327660654	2.9527240631808533	1.2191521625371586	0.1035548063268679	2.388372534131777	0.5874827810408754	-0.28372416059962824	0.8322271263091673	43.082636079415366	0.8422709311458361	3.3369633479617216	-0.6916938804826132	-0.1599522965345092	-1.1584293444147482	-1.4073948256889848	2.023789524258247	6.758333330710122	0.8422709311458361	3.3369633479617216	1.2191521625371586	-0.6916938804826132	0.1035548063268679	-0.1599522965345092	2.388372534131777	0.5874827810408754	-1.1584293444147482	-0.28372416059962824	-1.4073948256889848	0.8322271263091673	2.023789524258247	43.082636079415366	6.758333330710122
AG4-C01	0.04247138549360772	0.7225796950204043	0.10401269170655864	0.08837972709135175	0.9102258779396366	0.0998385534136667	0.11089972025200802	0.697712034	0.091460373	0.24660495063439897	0.24006156791849728	0.6602867228119552	0.8145354280723078	0.1309711095869055	0.6322573056492764	-0.43502345801388886	0.24445093941703022	-0.2722142248943333	-0.4058324448027831	0.22893392167615056	0.2073378560735778	0.25403754499376613	0.48859935507858243	-0.18990170921972063	0.5353290811270741	1.3338926499038413	0.9288277626732652	-0.18684859339929002	-0.061114557726978484	-0.22677251049960254	0.48859935507858243	-0.18990170921972063	-0.43502345801388886	0.5353290811270741	0.24445093941703022	1.3338926499038413	-0.2722142248943333	-0.4058324448027831	0.9288277626732652	0.22893392167615056	-0.18684859339929002	0.2073378560735778	-0.061114557726978484	0.25403754499376613	-0.22677251049960254
AG9-4B03	0.05587285161147631	0.4700206267044336	0.12590980123791737	0.1461644768227967	0.7040631118009051	0.03026397411322533	0.04383581964121289	0.31795874	0.067240367	0.1737669925517992	0.12823775443411117	0.3915216635484666	0.706057718414325	0.10315226035760786	0.5236277822928201	-0.32012498535614947	-0.24194739381829064	-0.20284253387218257	-0.17774567087817486	-0.06734255615356792	-0.30364497061494833	-0.2015283008288004	-0.7469824492886061	-0.45878037267950134	0.06940382727395625	0.3951396183814421	-0.03847191490905528	-0.4725915194148855	-0.23544556551317644	-0.5537708248095136	-0.7469824492886061	-0.45878037267950134	-0.32012498535614947	0.06940382727395625	-0.24194739381829064	0.3951396183814421	-0.20284253387218257	-0.17774567087817486	-0.03847191490905528	-0.06734255615356792	-0.4725915194148855	-0.30364497061494833	-0.23544556551317644	-0.2015283008288004	-0.5537708248095136
236-14-IgG-1B03	0.029338843992606	0.28518379506645997	0.02676697721105354	0.05922558646794223	0.30987387278754375	0.03394887668869516	0.05240125293025663	0.704179805	0.2360508	0.17373879079497684	0.06772831273108577	0.15755058305397984	0.9063661390474914	0.06688523387922926	0.8548930987954007	-0.5476162853439971	-0.5979208594660607	-0.5169344621061593	-0.5209090681721366	-0.633831847700354	-0.27658160993037345	-0.14334321428267335	0.5096431756027929	1.4152705091867896	0.06922342805557534	-0.11283287928672586	-0.8805462207957712	0.05504419853808488	-0.46271834819629004	0.44340928552045533	0.5096431756027929	1.4152705091867896	-0.5476162853439971	0.06922342805557534	-0.5979208594660607	-0.11283287928672586	-0.5169344621061593	-0.5209090681721366	-0.8805462207957712	-0.633831847700354	0.05504419853808488	-0.27658160993037345	-0.46271834819629004	-0.14334321428267335	0.44340928552045533
C8-B04	0.18511655432839969	1.5529264769521975	0.6199869570291703	0.3586579916038145	2.0556495328497975	0.10592385506584628	0.11568047175494545	0.900016741	0.146183805	0.1836810467761037	0.12504063715181654	0.480090035034771	0.8126897257825448	0.16892302715986413	0.5651033612260485	0.7879555718155452	1.8435987880052773	1.3624310810571678	0.6610043538524669	1.8750220706451117	0.2520306831197251	0.2865132447706535	1.1468267328430404	0.41761107405920145	0.13282142371363634	0.3683000441676204	0.28029034316669843	-0.19171038827395487	0.17671684871900395	-0.4289203792111322	1.1468267328430404	0.41761107405920145	0.7879555718155452	0.13282142371363634	1.8435987880052773	0.3683000441676204	1.3624310810571678	0.6610043538524669	0.28029034316669843	1.8750220706451117	-0.19171038827395487	0.2520306831197251	0.17671684871900395	0.2865132447706535	-0.4289203792111322
042-100809-2F04	0.06471276857208783	0.7091251803237957	4.24371865386777	0.17648503681594024	1.1230257755893471	0.08252947212660933	0.07366602016149709	0.709481009	4.423355391	0.18308957561982225	0.12921885407001094	0.5206099569137742	0.958412550713069	0.1899880867027772	0.6308951872180283	-0.24433529576082574	0.2185391653256988	12.842685827020556	-0.05806498099780845	0.5347486201254074	0.08021321698307686	0.0011085933469097455	0.5268914030892372	47.90067856098841	0.12903793834568145	0.4033758806651911	0.42612368726517813	0.19214051081111902	0.3087242164186282	-0.2308727810075291	0.5268914030892372	47.90067856098841	-0.24433529576082574	0.12903793834568145	0.2185391653256988	0.4033758806651911	12.842685827020556	-0.05806498099780845	0.42612368726517813	0.5347486201254074	0.19214051081111902	0.08021321698307686	0.3087242164186282	0.0011085933469097455	-0.2308727810075291
31.a.55	1.136538981994381	3.6026801731149782	94.6856543143688	0.321977023165233	1.6562143796179365	0.1589146324543035	0.17813787214867635	154.6393761	18.77700121	0.5250042891059018	0.05851062774720111	0.3869667891075977	0.5888760025291088	0.2494412438081784	0.285697442920148	8.945046954928026	5.791177419825362	299.36954486749767	0.5162179907641169	1.3009938766245006	0.6412156051218986	0.7107870817992834	501.35988094547827	207.24783576597795	2.3161764011848036	-0.1902146949538195	-0.05486514917155309	-0.7812618119398695	0.6812963781506188	-1.2699925064857478	50	50	8.945046954928026	2.3161764011848036	5.791177419825362	-0.1902146949538195	50	0.5162179907641169	-0.05486514917155309	1.3009938766245006	-0.7812618119398695	0.6412156051218986	0.6812963781506188	0.7107870817992834	-1.2699925064857478
01.ad.01	0.23175965315015495	0.4193282536565636	13.62466624227853	0.23899773434644367	0.3530321496499137	0.03960505706739495	0.11038355540601363	0.617092951	29.76864329	0.06222910959781964	0.11851502264007074	0.20426008235672663	1.3392028130985918	0.12889104680606933	0.6660688379104691	1.18785367009138	-0.3395747960835685	42.56223381878876	0.18868385109583205	-0.5718090950109653	-0.23504041676429613	0.25053123127643584	0.22629360654814773	329.27167142062984	-0.6440746638534188	0.3135179703448269	-0.7124362598529556	1.195186427943261	-0.07414958436854908	-0.12499249976195925	0.22629360654814773	50	1.18785367009138	-0.6440746638534188	-0.3395747960835685	0.3135179703448269	42.56223381878876	0.18868385109583205	-0.7124362598529556	-0.5718090950109653	1.195186427943261	-0.23504041676429613	-0.07414958436854908	0.25053123127643584	-0.12499249976195925
FluA-152	0.276205652014925	0.7597359833953214	0.6907324680739234	0.3890485526787607	1.6654086409161275	0.12088469375277049	0.05742754658831767	0.869044317	0.137414061	0.23282826442112592	0.15024620502656505	0.5918507301244897	1.1586777666976729	0.28025739282234413	0.8615868946114826	1.5689147674664403	0.31600947364538834	1.5865581845167556	0.7809613505610847	1.3142069480471117	0.3619089133403294	-0.1091995438305763	1.0460535094472596	0.3202536644200614	0.4472032441301772	0.5798990096864242	0.6825230017678943	0.7196624226859867	0.874410416385938	0.46355905586429663	1.0460535094472596	0.3202536644200614	1.5689147674664403	0.4472032441301772	0.31600947364538834	0.5798990096864242	1.5865581845167556	0.7809613505610847	0.6825230017678943	1.3142069480471117	0.7196624226859867	0.3619089133403294	0.874410416385938	-0.1091995438305763	0.46355905586429663
034-100809-2E03	0.07640964186958349	0.7449606716835933	0.04274613318836997	0.3295744101953274	1.3257854652897454	0.8399037138776881	1.7693509339632958	0.645027235	0.1320361	0.3199757232329161	0.11616860745540324	2.01589386212531	0.9340904492072032	8.11326667685459	8.897202548448833	-0.14405127721143635	0.2875540036536088	-0.4663112933420049	0.5462062403629191	0.8261345373567285	5.6426648308096565	11.519915655999858	0.31718180573892446	0.26055017112535167	1.0046626092525694	0.2938199802729325	5.807729627296095	0.12807326166798624	49.961142625490425	24.652496759520133	0.31718180573892446	0.26055017112535167	-0.14405127721143635	1.0046626092525694	0.2875540036536088	0.2938199802729325	-0.4663112933420049	0.5462062403629191	5.807729627296095	0.8261345373567285	0.12807326166798624	5.6426648308096565	49.961142625490425	11.519915655999858	24.652496759520133
037-10036-4D02	0.02795309914919672	0.43304249633024006	0.0721398647068632	0.13999488939315155	0.5542717004358537	0.8025516114111331	0.5844976830270289	0.356088169	0.051066152	0.2716149009760528	0.11784009507524618	0.31311109318835206	0.7776337790503127	0.1809815764951208	0.649836620438083	-0.559497072460921	-0.3131628172045701	-0.3731897396516061	-0.2020981393030371	-0.2826077691674242	5.3683364325206755	3.47119393653114	-0.6229228837030852	-0.6383385987059993	0.6953111532298429	0.307852001015087	-0.32067570894474945	-0.28405183634745507	0.2522835639604439	-0.17385497827587862	-0.6229228837030852	-0.6383385987059993	-0.559497072460921	0.6953111532298429	-0.3131628172045701	0.307852001015087	-0.3731897396516061	-0.2020981393030371	-0.32067570894474945	-0.2826077691674242	-0.28405183634745507	5.3683364325206755	0.2522835639604439	3.47119393653114	-0.17385497827587862
034-100809-2F01	0.1684094707457553	1.4326061891993016	0.4767467994384682	0.2937015374698354	2.6487497465833743	0.11200061247734104	0.09397413194842535	0.588456435	0.084897937	0.2298154150026121	0.14663489883044156	0.44916664744203216	1.057947686001782	0.1749485906182007	0.5606801598441387	0.6447161404482902	1.6118764118988478	0.9086354812262446	0.40460957602860875	2.7273662917485013	0.2966607579322126	0.13906182957400126	0.13312059483473307	-0.2627546647772191	0.42793083909446256	0.5495823487379947	0.16899543403610176	0.45432765403554287	0.214476949487846	-0.44223517017262487	0.13312059483473307	-0.2627546647772191	0.6447161404482902	0.42793083909446256	1.6118764118988478	0.5495823487379947	0.9086354812262446	0.40460957602860875	0.16899543403610176	2.7273662917485013	0.45432765403554287	0.2966607579322126	0.214476949487846	0.13906182957400126	-0.44223517017262487
041-102909-3G02	8.728074255834173	1.0292616088352848	0.777744491739915	0.39458352727252094	1.3330749049234072	0.1243087815190564	0.09040838191564812	0.870063667	0.139027717	5.97605149718435	0.16427949254590493	0.5616728502856914	0.9622438739469634	0.26122615978356284	0.5253986741863271	74.03164273630598	0.835083351500344	1.8622188242155644	0.8028088882715136	0.8366101898737323	0.3870567484151335	0.11483964871545868	1.0493701108623927	0.33816768428297367	37.18509119570878	0.697707469177436	0.5739112145133252	0.20223266259802736	0.7551483287374442	-0.5484400579414525	1.0493701108623927	0.33816768428297367	50	37.18509119570878	0.835083351500344	0.697707469177436	1.8622188242155644	0.8028088882715136	0.5739112145133252	0.8366101898737323	0.20223266259802736	0.3870567484151335	0.7551483287374442	0.11483964871545868	-0.5484400579414525
K77-1D03	0.09894584476040943	0.7527884809075565	0.22500534099122155	0.18101895063753184	1.1561273809580157	0.0793586165606011	0.05483839725547003	0.617664263	0.126470745	0.33429902975712894	0.14070626058793614	1.153611117918082	1.5060532104492927	0.1821528846738067	0.8523332287800425	0.049164544765558975	0.30262942099976553	0.11109959422443412	-0.0401688097480388	0.582318931839885	0.05692521788295652	-0.12678766493652047	0.22815245207488774	0.19876632127497568	1.0962850325602338	0.499811848613451	2.7043283788520425	1.634689814364045	0.2596237430431744	0.43570352419507563	0.22815245207488774	0.19876632127497568	0.049164544765558975	1.0962850325602338	0.30262942099976553	0.499811848613451	0.11109959422443412	-0.0401688097480388	2.7043283788520425	0.582318931839885	1.634689814364045	0.05692521788295652	0.2596237430431744	-0.12678766493652047	0.43570352419507563
K77-2D01	0.02689909816475055	0.439518877837527	0.5169131423385565	0.1097343751557556	0.9063528535965252	0.02004877016334995	0.22849966272776595	0.465602122	0.09158521	0.049478777812224	0.02181872685633176	0.3325657045204449	0.835187525518636	0.14142481175060387	1.1397842832832563	-0.5685336287770353	-0.30069008679918463	1.035885478545036	-0.3215418178131028	0.22336799901990503	-0.3786694097418696	1.0528953026654109	-0.2666035316683838	-0.18851582988879356	-0.7256351816150266	-0.49824061644890877	-0.25065753277039116	-0.1324485625424555	0.0043951410485918215	1.300993248064335	-0.2666035316683838	-0.18851582988879356	-0.5685336287770353	-0.7256351816150266	-0.30069008679918463	-0.49824061644890877	1.035885478545036	-0.3215418178131028	-0.25065753277039116	0.22336799901990503	-0.1324485625424555	-0.3786694097418696	0.0043951410485918215	1.0528953026654109	1.300993248064335
W85-2B12	0.10517425004424286	0.6576359742056739	0.13755516764134856	0.1973875111642282	0.9123852854444314	0.05746152459779981	0.05659093214325503	0.348404726	0.046017327	0.17225516388353462	0.07940576326687701	0.4318552428929016	0.8274653741709792	0.14615257048513444	0.5847741786689995	0.10256424356804122	0.11937715858226229	-0.16594913664906355	0.02444083521322008	0.23203720585157314	-0.10389555976190133	-0.11488267534874194	-0.6479220674249583	-0.6943881850703596	0.059733057052133304	-0.014801505205054617	0.10669077254193585	-0.15278960890277873	0.034022353086274076	-0.3697069725220872	-0.6479220674249583	-0.6943881850703596	0.10256424356804122	0.059733057052133304	0.11937715858226229	-0.014801505205054617	-0.16594913664906355	0.02444083521322008	0.10669077254193585	0.23203720585157314	-0.15278960890277873	-0.10389555976190133	0.034022353086274076	-0.11488267534874194	-0.3697069725220872
01.o.02	0.11624207854955884	1.2154455080930622	0.537402712425246	0.415865906152767	1.897660047334758	0.08852799098754041	0.08320015817818002	0.740522369	0.278228986	0.4550719716277326	0.0684025128923438	0.5936444204381602	1.87740267877435	0.2953123195608419	0.8034412551917092	0.1974550995172296	1.1936511070676827	1.1007979786718198	0.8868142558260432	1.6479754065979932	0.12426867738718396	0.0658741022153291	0.627888919647478	1.8835121057759083	1.868837765790841	-0.10717301645865096	0.6889785881705711	2.6128675799906524	0.9687543818331371	0.28852812976562486	0.627888919647478	1.8835121057759083	0.1974550995172296	1.868837765790841	1.1936511070676827	-0.10717301645865096	1.1007979786718198	0.8868142558260432	0.6889785881705711	1.6479754065979932	2.6128675799906524	0.12426867738718396	0.9687543818331371	0.0658741022153291	0.28852812976562486
150055-029-2B03	0.121398285758681	2.1008710077545385	0.3437982129402013	0.2973496094485653	1.646637176422649	0.06976227437892799	0.09886384215438015	0.590204762	0.107869527	0.21824722038026345	4.243619411853523	0.5021422886210752	0.9282150254275264	0.17230887340698345	0.49479944032138945	0.24166222788843386	2.8988739292416734	0.4874443531834575	0.4190091706022696	1.28723047946359	-0.01355405922034835	0.1722776870698366	0.13880902746563986	-0.007735305296215563	0.3539321417404292	34.94347853112638	0.3596575713415607	0.11259671088460696	0.19793476408294333	-0.6405503570925964	0.13880902746563986	-0.007735305296215563	0.24166222788843386	0.3539321417404292	2.8988739292416734	34.94347853112638	0.4874443531834575	0.4190091706022696	0.3596575713415607	1.28723047946359	0.11259671088460696	-0.01355405922034835	0.19793476408294333	0.1722776870698366	-0.6405503570925964
56.j.01	0.15307620462881322	0.727376570876944	3.330074999701024	0.19119553640952264	1.1212107341403716	0.09470044649395168	0.06189076539033435	0.72338337	30.99526353	0.2199766318825706	0.12619754513369247	0.5192747644419216	1.0926459165108575	0.22817951111740417	0.6199589502236786	0.5132552359326051	0.25368914431268114	9.948193967698362	0	0.5321402243530323	0.1696015963065396	-0.07888084733196231	0.5721247284105548	342.889009529626	0.36499473210457967	0.37801220512276557	0.42131825886956503	0.5457268358996044	0.5480565285539718	-0.2637932150806063	0.5721247284105548	50	0.5132552359326051	0.36499473210457967	0.25368914431268114	0.37801220512276557	9.948193967698362	0	0.42131825886956503	0.5321402243530323	0.5457268358996044	0.1696015963065396	0.5480565285539718	-0.07888084733196231	-0.2637932150806063
024-10128-3F05	0.1152304474730454	0.8263837082976879	0.18488744745838517	0.1554411989999956	1.065680096528372	0.06750445243975944	0.08376755541466026	0.348962725	0.104050824	0.2744365717544597	0.26183836073253564	0.522892012955199	1.2165168562006523	0.15597565196591806	0.6677084773498332	0.18878180477752046	0.4443649610273764	-0.01599691185249249	-0.14112878417665223	0.45233715403406616	-0.030136383515170093	0.0697284381486747	-0.6461065376530031	-0.05012867872435826	0.7133606388047717	1.5167072904890342	0.43433692777770677	0.872017323289689	0.095580172390584	-0.12005683111331067	-0.6461065376530031	-0.05012867872435826	0.18878180477752046	0.7133606388047717	0.4443649610273764	1.5167072904890342	-0.01599691185249249	-0.14112878417665223	0.43433692777770677	0.45233715403406616	0.872017323289689	-0.030136383515170093	0.095580172390584	0.0697284381486747	-0.12005683111331067
R95-2A04	0.06462246750002744	0.588043993585053	0.32637223926814235	0.4150137278739378	0.7743220192515008	0.9010431909880569	1.669642031829666	0.598083223	0.09445643	0.09415120674893328	0.08018913920881496	0.4860411363772884	0.7799074121307263	0.45349090949697934	0.6279752603502323	-0.24510949875979918	-0.014648610542236266	0.4322375570715328	0.8834505552765018	0.03362650836518748	6.091696979480032	10.842591940515963	0.16444273021902933	-0.1566409494243135	-0.4398774072281045	-0.008225119394185756	0.301708671969005	-0.2780628219118481	1.9600043349305967	-0.23966239118140775	0.16444273021902933	-0.1566409494243135	-0.24510949875979918	-0.4398774072281045	-0.014648610542236266	-0.008225119394185756	0.4322375570715328	0.8834505552765018	0.301708671969005	0.03362650836518748	-0.2780628219118481	6.091696979480032	1.9600043349305967	10.842591940515963	-0.23966239118140775
019-10117-3G01	0.06213953305524481	0.8678842098491588	0.23741373827625575	0.4549860279987329	1.4182057566684758	2.331262954130239	0.5498439215351327	0.450903527	0.085613153	0.12292913810664258	0.06701383443658249	0.3852749483836687	1.3091430458337912	1.0592934656193775	0.8268267365444815	-0.2663971230320746	0.5242899263737457	0.1504103307079299	1.0412283950038133	0.9589517231295495	16.595788340209978	3.2357905373669715	-0.3144275185006416	-0.2548146864731242	-0.2557925519387382	-0.11883087420411048	-0.060954173508502886	1.116005498693619	5.756357277418535	0.3589234766787245	-0.3144275185006416	-0.2548146864731242	-0.2663971230320746	-0.2557925519387382	0.5242899263737457	-0.11883087420411048	0.1504103307079299	1.0412283950038133	-0.060954173508502886	0.9589517231295495	1.116005498693619	16.595788340209978	5.756357277418535	3.2357905373669715	0.3589234766787245
R95-2E02	0.06587691661314189	0.4207276023763779	0.15476440894636134	0.1660873884672165	0.48464012685739866	0.02583583876014732	0.0122135380337363	0.384418254	0.08073765	0.069453407710657	0.04534324043508368	0.2439750646586244	0.6166009505030066	0.05347705846865967	0.6623930629573023	-0.23435438541204928	-0.33687981906503944	-0.11142896498771726	-0.09910636439541425	-0.3826752922801236	-0.3361669224891272	-0.4163388223783113	-0.530746889194988	-0.3089401367448604	-0.5978627295716086	-0.3007539832441957	-0.5694999359085875	-0.7082310687330903	-0.5467426984716063	-0.13605737583182845	-0.530746889194988	-0.3089401367448604	-0.23435438541204928	-0.5978627295716086	-0.33687981906503944	-0.3007539832441957	-0.11142896498771726	-0.09910636439541425	-0.5694999359085875	-0.3826752922801236	-0.7082310687330903	-0.3361669224891272	-0.5467426984716063	-0.4163388223783113	-0.13605737583182845
C1-3E05	0.05148662334894498	0.3645257405168512	0.06301029206822921	0.8595869781214589	0.5545383572448939	5.073464149587419	0.092613472558128	0.405426484	0.05595577	0.13481805633140373	0.08286389242920997	0.5484483202474074	0.833875451854635	5.9092213369275965	0.7189713376720424	-0.3577306416075278	-0.44511783291055895	-0.40211291288342493	2.6382609316023977	-0.2822245567103379	36.73558267734191	0.12981885473401036	-0.4623935999936023	-0.584056450606247	-0.17974227008392474	0.014229245342451626	0.5263154307560741	-0.13590471744360255	36.14916060751078	0.034255444169912705	-0.4623935999936023	-0.584056450606247	-0.3577306416075278	-0.17974227008392474	-0.44511783291055895	0.014229245342451626	-0.40211291288342493	2.6382609316023977	0.5263154307560741	-0.2822245567103379	-0.13590471744360255	36.73558267734191	36.14916060751078	0.12981885473401036	0.034255444169912705
W85-3G10	0.08258163226952961	1.3373278830678137	0.18970431504154783	0.4410620766079521	1.891056927307334	0.08724383373433463	0.03654747564471158	0.538669488	0.146231046	0.21992128177602205	0.09598051644886828	0.7758779318423998	1.1067693543397117	0.16511310430693996	0.2603972481224214	-0.09113525563775908	1.4283818749382446	-7.367128205045773e-4	0.9862680608712588	1.6384860638759637	0.1148373260264794	-0.2510381051672239	-0.02886837742733122	0.41813552054119263	0.36464067203585576	0.12434237937103713	1.3448466437469522	0.5829296166675624	0.1528413934453745	-1.3461515541824003	-0.02886837742733122	0.41813552054119263	-0.09113525563775908	0.36464067203585576	1.4283818749382446	0.12434237937103713	-7.367128205045773e-4	0.9862680608712588	1.3448466437469522	1.6384860638759637	0.5829296166675624	0.1148373260264794	0.1528413934453745	-0.2510381051672239	-1.3461515541824003
K77-2C09	0.12846884300792924	0.6840908974568468	0.1171067341646586	1.7903160135784175	0.520162064778454	5.354806182118502	0.9003420610113918	0.487940127	0.262605364	0.09214663614468972	0.05436715607813985	0.7375781414255067	0.40320509362948226	6.556724779459964	0.9476808493249512	0.30228217958868375	0.17032615305329218	-0.23073131289933313	6.312015409763942	-0.3316267210465861	38.80186821574567	5.616728417738865	-0.19392362879474798	1.7100662940052247	-0.4527001179717187	-0.22499884753417798	1.2070036703215594	-1.2703406185650064	40.20683843419887	0.72272044398158	-0.19392362879474798	1.7100662940052247	0.30228217958868375	-0.4527001179717187	0.17032615305329218	-0.22499884753417798	-0.23073131289933313	6.312015409763942	1.2070036703215594	-0.3316267210465861	-1.2703406185650064	38.80186821574567	40.20683843419887	5.616728417738865	0.72272044398158
W85-1E02	0.22424312197564655	1.4335105948218647	0.7081253477075704	0.32249288999194614	2.502072302169211	0.09419145401441772	0.08400568221064003	0.728435971	0.104484272	0.4935433242008768	0.2117544058245586	0.7399237178875171	1.4954362287885312	0.3054201309829535	0.7461464116342036	1.1234101275685373	1.6136181881507028	1.6416601362242578	0.5182542096770058	2.516576160135456	0.16586335715984868	0.07134603620419372	0.5885640903830873	-0.04531675097672203	2.114928886211707	1.0962560195523705	1.2154455241907522	1.606723447681296	1.0320965041907284	0.11605828286703877	0.5885640903830873	-0.04531675097672203	1.1234101275685373	2.114928886211707	1.6136181881507028	1.0962560195523705	1.6416601362242578	0.5182542096770058	1.2154455241907522	2.516576160135456	1.606723447681296	0.16586335715984868	1.0320965041907284	0.07134603620419372	0.11605828286703877
017-10-5E01	0.4279108254726801	2.634246148024094	9.80210701035468	0.4276573285683008	2.7395761826920264	0.1171875635977018	0.11427762896024704	0.562671869	0.164804422	0.4605543859779721	1.839464320195948	0.4940447256713269	5.0021517778609565	0.2619302259148039	0.522656003037578	2.8695704249345892	3.9260901798642687	30.452078477457896	0.9333571155120458	2.857892948370819	0.3347557485455492	0.27698371758087953	0.049226811458874135	0.6243280588426269	1.9039073279409304	14.760766010249144	0.3305140135741981	10.843820772611789	0.7595604651703963	-0.5566960901381922	0.049226811458874135	0.6243280588426269	2.8695704249345892	1.9039073279409304	3.9260901798642687	14.760766010249144	30.452078477457896	0.9333571155120458	0.3305140135741981	2.857892948370819	10.843820772611789	0.3347557485455492	0.7595604651703963	0.27698371758087953	-0.5566960901381922
C8-A06	0.10922298897089464	0.7362016797304859	0.28740654233025675	0.16807572530512782	0.9829913408132228	0.05930623239075434	0.04798512855623847	0.601533872	0.081320617	0.11332043251963132	0.06504478583904788	0.31558426657976274	0.6018744689161837	0.09990152718319988	0.5804056885847289	0.13727640974230532	0.27068524057485455	0.3087912965243749	-0.09125804218337112	0.3335051565873466	-0.09034730676582065	-0.17334199779189555	0.17566991161553286	-0.3024683221713562	-0.31725691348428214	-0.135360898378332	-0.3117746269712501	-0.7470223370203802	-0.25581677446101964	-0.3828570706675851	0.17566991161553286	-0.3024683221713562	0.13727640974230532	-0.31725691348428214	0.27068524057485455	-0.135360898378332	0.3087912965243749	-0.09125804218337112	-0.3117746269712501	0.3335051565873466	-0.7470223370203802	-0.09034730676582065	-0.25581677446101964	-0.17334199779189555	-0.3828570706675851
C1-2-2D06	0.03030046572130079	0.35421560511275396	0.16971547030289466	0.10486676136514396	0.46028150197054774	0.02277657478898015	0.03041920222594638	0.326760547	0.065876794	0.10174583188064358	0.05563832288039057	0.24849786581908823	0.8746005733838135	0.1180931998051623	0.5737967448875863	-0.5393717494902512	-0.4649739113694383	-0.06406287735896854	-0.3407551627072381	-0.41768106816011497	-0.3586353494245301	-0.2926675367693924	-0.7183445079025026	-0.47391809336255325	-0.3912965884413034	-0.21432749183631383	-0.553222135080331	-0.02863000243737705	-0.1418159185894066	-0.4027514178170546	-0.7183445079025026	-0.47391809336255325	-0.5393717494902512	-0.3912965884413034	-0.4649739113694383	-0.21432749183631383	-0.06406287735896854	-0.3407551627072381	-0.553222135080331	-0.41768106816011497	-0.02863000243737705	-0.3586353494245301	-0.1418159185894066	-0.2926675367693924	-0.4027514178170546
045-09-1G05	0.6750962908664829	2.3643214034848477	0.14476002882558925	2.6471458127200673	0.8541734398819674	0.04045228105042342	0.27295438586007886	0.36480283	2.480474013	1.6734781545951898	6.177056040632284	2.2228690862955647	11.053675341192026	0.08516414055800481	0.5915896402446481	4.988833510566107	3.406247646716323	-0.14312359416297188	9.694076344473505	0.1483809720212188	-0.22881807363209047	1.3548767466334972	-0.5945684843260297	26.33175953687516	9.662661549971514	51.1745427379998	6.5526444170238	26.784238903584857	-0.34817082697155033	-0.3491909619789128	-0.5945684843260297	26.33175953687516	4.988833510566107	9.662661549971514	3.406247646716323	50	-0.14312359416297188	9.694076344473505	6.5526444170238	0.1483809720212188	26.784238903584857	-0.22881807363209047	-0.34817082697155033	1.3548767466334972	-0.3491909619789128
R95-1E04	0.09129491711398575	0.8349837303348784	0.18994498271182	0.16261435003849167	0.9809316047881512	0.0324105404153718	0.05205630947958092	0.531119296	0.100207474	0.1567080143905374	0.04858977576790808	0.5236273656850632	0.7070672659715904	0.16522356570722468	0.49413816654891873	-0.01643125596678396	0.4609275672033034	2.574047211983623e-5	-0.1128150701457303	0.3305451102792924	-0.2878797510796836	-0.14568641909833152	-0.0534340099105054	-0.09279567109455614	-0.03971796772813962	-0.27349954797975146	0.4369835011844438	-0.4699322535263039	0.1535336164440466	-0.642540933891739	-0.0534340099105054	-0.09279567109455614	-0.01643125596678396	-0.03971796772813962	0.4609275672033034	-0.27349954797975146	2.574047211983623e-5	-0.1128150701457303	0.4369835011844438	0.3305451102792924	-0.4699322535263039	-0.2878797510796836	0.1535336164440466	-0.14568641909833152	-0.642540933891739
SFV015-1F04	0.3904608235463144	1.671799219177043	0.5685615018909316	0.4149055057584383	2.230022790450899	0.1686250860158614	0.07257851034619664	0.68340597300000006	0.103741327	0.21551519840312144	0.06651671623138809	0.48544106461872416	1.3240478856368632	0.195633115829798	0.591783285507046	2.5484900308550515	2.0725333658480345	1.1995113687812433	0.883023383171296	2.1256138509037426	0.7125329606733541	-0.006278873298117835	0.4420525339106085	-0.053564563079829236	0.33645611596018055	-0.12300414649388419	0.2995489819401892	1.1552665833030882	0.3440996414976628	-0.34860804793840455	0.4420525339106085	-0.053564563079829236	2.5484900308550515	0.33645611596018055	2.0725333658480345	-0.12300414649388419	1.1995113687812433	0.883023383171296	0.2995489819401892	2.1256138509037426	1.1552665833030882	0.7125329606733541	0.3440996414976628	-0.006278873298117835	-0.34860804793840455
042-10-4C01	0.10245305527770066	0.5746802281080808	0.2328994193388804	0.17172310249745032	0.805105030091561	0.04503777192803461	0.04082183056497364	0.439113227	0.054394743	0.1939600082714355	0.07203534866903377	0.5186663359991508	0.9551149006992068	0.12184413838134936	0.5826757954772774	0.0792338765969938	-0.04038561257145994	0.1361086285563028	-0.07686119005630677	0.07786476825810061	-0.19514044145729767	-0.22200236318293512	-0.3527889504571225	-0.6013862090458044	0.19857323595729937	-0.07667561619902802	0.41912849269186003	0.18345411646423207	-0.11831009716807504	-0.37602355889076505	-0.3527889504571225	-0.6013862090458044	0.0792338765969938	0.19857323595729937	-0.04038561257145994	-0.07667561619902802	0.1361086285563028	-0.07686119005630677	0.41912849269186003	0.07786476825810061	0.18345411646423207	-0.19514044145729767	-0.11831009716807504	-0.22200236318293512	-0.37602355889076505
01.h.02	0.12268766311783484	0.7453658639804552	5.970473772893036	0.2205910791290775	1.0153302536868891	0.08391484924004727	0.06630124576612634	0.496108645	2.71762091	0.13425126729274872	0.06392610547846132	0.4260053642738617	0.620467785213779	0.14051832153121746	0.5908938432693156	0.25271680116745115	0.28833435519334	18.31317600365278	0.11602948075100392	0.3799794030407753	0.09038796644720509	-0.04892040356740618	-0.16734618399331888	28.964448426753812	-0.18336787043940184	-0.14475214114749257	0.08563674968048378	-0.6980453755786306	-0.0012855164146771574	-0.3512854610709236	-0.16734618399331888	28.964448426753812	0.25271680116745115	-0.18336787043940184	0.28833435519334	-0.14475214114749257	18.31317600365278	0.11602948075100392	0.08563674968048378	0.3799794030407753	-0.6980453755786306	0.09038796644720509	-0.0012855164146771574	-0.04892040356740618	-0.3512854610709236
K77-2D02	0.04070808651730663	0.26901952057201384	0.01286056458668333	0.17387533702005342	0.3385631688332786	1.95155052852511	0.24779028484313537	0.199195086	0.049227586	0.11173201504773451	0.01956843373893167	0.24810533884801217	0.6226812738388952	0.988383794814869	0.6210293195708609	-0.450141233743353	-0.629051304412985	-0.56099102392875	-0.06836593427911375	-0.5926024649992867	13.807032295755755	1.183936719886782	-1.1333970300731522	-0.6587494594119212	-0.32741760213207455	-0.5171316685419255	-0.5546348604308834	-0.6922147886457289	5.31199114741634	-0.26057117229331456	-1.1333970300731522	-0.6587494594119212	-0.450141233743353	-0.32741760213207455	-0.629051304412985	-0.5171316685419255	-0.56099102392875	-0.06836593427911375	-0.5546348604308834	-0.5926024649992867	-0.6922147886457289	13.807032295755755	5.31199114741634	1.183936719886782	-0.26057117229331456
W85-2A08	0.12729118120040817	0.5923243400479893	0.22415543578053448	0.548322275059193	0.95470657641667	3.3646147224549643	11.6366226657871	0.453867936	0.086492695	0.2635278005578501	0.1119169656054161	0.53792068938268	0.884729310145153	6.5309121168366815	7.96721100403553	0.29218540795180226	-0.0064051790189728446	0.10840703055115736	1.4096433069172545	0.2928571262538046	24.185126469902492	78.54840567117549	-0.3047823886782724	-0.245050441269521	0.6435800996078594	0.25812774664882865	0.4884259299070331	-0.0019497297052923608	40.04507949688011	21.8530214608232	-0.3047823886782724	-0.245050441269521	0.29218540795180226	0.6435800996078594	-0.0064051790189728446	0.25812774664882865	0.10840703055115736	1.4096433069172545	0.4884259299070331	0.2928571262538046	-0.0019497297052923608	24.185126469902492	40.04507949688011	50	21.8530214608232
01.m.01	0.08777853221504259	0.8159912274699139	0.24913570852136321	0.12066315386479104	1.0368034657588248	0.03740106871243123	0.01700173515130942	0.80592366	0.099735863	0.16383820246034833	0.07742633826133104	0.42377975748095287	0.8938127982080522	0.15552907781808734	0.6563670285372822	-0.04657924504587487	0.42435029520478457	0.18754641466686056	-0.2784039675971769	0.41083855263174723	-0.25122736623537706	-0.3838125444558302	0.8406813994454903	-0.0980312658071641	0.005891969369215119	-0.03141863859307829	0.07762667300197038	0.021977236172803435	0.09278164824600499	-0.15419704022908495	0.8406813994454903	-0.0980312658071641	-0.04657924504587487	0.005891969369215119	0.42435029520478457	-0.03141863859307829	0.18754641466686056	-0.2784039675971769	0.07762667300197038	0.41083855263174723	0.021977236172803435	-0.25122736623537706	0.09278164824600499	-0.3838125444558302	-0.15419704022908495
K77-1G08	0.07026420550584038	0.423036706320749	0.08495462557250164	0.05380765324321052	0.48686173964021506	0.06762340642973999	0.4671138811255259	0.416738927	0.089650117	0.08342274486068464	0.01168919109208857	0.26492459696660337	0.7470328210644357	0.33732796934721465	0.8090232091166536	-0.1967396357685608	-0.3324327631058209	-0.3325916127608988	-0.5422946226014835	-0.3794826129097304	-0.029262739051095655	2.6738044242587375	-0.4255869443185077	-0.20999828614872915	-0.5085045552196388	-0.5832773551389697	-0.4941014599960552	-0.36465832501073536	1.2320517781300449	0.3053310160125149	-0.4255869443185077	-0.20999828614872915	-0.1967396357685608	-0.5085045552196388	-0.3324327631058209	-0.5832773551389697	-0.3325916127608988	-0.5422946226014835	-0.4941014599960552	-0.3794826129097304	-0.36465832501073536	-0.029262739051095655	1.2320517781300449	2.6738044242587375	0.3053310160125149
C6-2-D02	0.13636639717032167	1.2730563128493144	0.4599560270496531	0.3226636497582588	1.7756142888776405	0.10393164639650362	0.08287568165819108	0.519580984	0.083656657	0.1622252608792948	0.11590061669542796	0.5571567910209589	0.973229311389509	0.1848202780120996	0.6057699521383209	0.3699924512119337	1.3046025751604031	0.8554410505863453	0.5189282291093886	1.4725834668846942	0.23739912619980216	0.0636699294945057	-0.09097556277011425	-0.27653474837337344	-0.004425593552446978	0.2915702167341322	0.5576576781247439	0.23116958473890928	0.27633936506599577	-0.30650516218575574	-0.09097556277011425	-0.27653474837337344	0.3699924512119337	-0.004425593552446978	1.3046025751604031	0.2915702167341322	0.8554410505863453	0.5189282291093886	0.5576576781247439	1.4725834668846942	0.23116958473890928	0.23739912619980216	0.27633936506599577	0.0636699294945057	-0.30650516218575574
W85-2A10	0.13398446500734293	0.8349728138720635	0.30695763954630495	0.2101955560563903	0.9709686294144686	0.05574739194129353	0.05512377259730129	0.507639606	0.077742756	0.1977109952825547	0.11442205958451387	0.4957299540720818	0.6879882754723573	0.1454702445851523	0.420491126425899	0.3495707775611906	0.46090654341131126	0.37073064396534133	0.07499648619919444	0.3162273199832863	-0.11648481806497143	-0.12484910696726724	-0.12982854866645405	-0.34218798548295387	0.2225673129655202	0.27915783401438704	0.3365792398099666	-0.5201885374012413	0.029746455086250408	-0.8642344222735099	-0.12982854866645405	-0.34218798548295387	0.3495707775611906	0.2225673129655202	0.46090654341131126	0.27915783401438704	0.37073064396534133	0.07499648619919444	0.3365792398099666	0.3162273199832863	-0.5201885374012413	-0.11648481806497143	0.029746455086250408	-0.12484910696726724	-0.8642344222735099
009-10-1G06	3.81598304108829	6.968273144811727	0.11598970187039924	0.5314807359114553	0.9194166190296597	0.12395745839574708	0.15959839528643835	0.298925924	8.938123711	5.373870052725234	18.13718416573986	1.073767530102825	1.280438729929287	0.17192201728265497	0.7468045665047929	31.917461111261193	12.272903943039223	-0.23427015527796535	1.3431667304851491	0.2421419342081736	0.38447649447131266	0.5848482028952753	-0.8089084457368916	98.02142880820796	33.33309493220731	151.5789752554863	2.4169670791267044	1.040394986251117	0.19551047192525692	0.11803947109826526	-0.8089084457368916	50	31.917461111261193	33.33309493220731	12.272903943039223	50	-0.23427015527796535	1.3431667304851491	2.4169670791267044	0.2421419342081736	1.040394986251117	0.38447649447131266	0.19551047192525692	0.5848482028952753	0.11803947109826526
K77-2A03	0.22002394545197465	1.6057527665561788	0.6372262991425472	0.36054900881347607	2.2771943944164192	0.10541008095995132	0.09637160148981869	0.588545713	0.092228697	0.4630284212284439	0.2195679113124176	0.5081228504830724	1.17663104520488	0.24339454115717207	0.9105838923340672	1.0872367019015559	1.9453358564293535	1.4170466143448677	0.6684685380324134	2.1934041553231065	0.24825732584542656	0.15534786765874226	0.1334110736115421	-0.18137215186849318	1.919733080508162	1.1618498473336838	0.3811819301132101	0.7669534500168238	0.6434038054476746	0.6110505956085835	0.1334110736115421	-0.18137215186849318	1.0872367019015559	1.919733080508162	1.9453358564293535	1.1618498473336838	1.4170466143448677	0.6684685380324134	0.3811819301132101	2.1934041553231065	0.7669534500168238	0.24825732584542656	0.6434038054476746	0.15534786765874226	0.6110505956085835
C6-2-C01	8.886605506740333	0.5624956472652893	0.31468694009972126	0.1544676136823869	0.644403187640189	0.06902664970588955	0.07108251775275877	0.689105684	0.907470448	13.339057917925002	0.1182748589514096	0.419399330765319	0.9025503153689338	0.09990060852470364	0.37131413309066	75.39082227960624	-0.06385164708220746	0.39521764984349406	-0.1449717000889953	-0.15307982350295254	-0.01895677352477559	-0.016441168138810636	0.46059736107345467	8.869043129015058	84.28430602838354	0.31150181310812414	0.061861285338421314	0.04499287438579253	-0.2558225313728221	-1.012267787666134	0.46059736107345467	8.869043129015058	50	50	-0.06385164708220746	0.31150181310812414	0.39521764984349406	-0.1449717000889953	0.061861285338421314	-0.15307982350295254	0.04499287438579253	-0.01895677352477559	-0.2558225313728221	-0.016441168138810636	-1.012267787666134
039-10-4D04	0.12160062357521365	0.7004633132999505	0.3873192127011328	0.24291581095216763	1.1102504583125838	0.0530781937914109	0.04720644014324799	0.577631754	0.086926499	0.20884881012706857	0.10042532154313864	0.4477641028819257	0.8322190209171312	0.16607634327505427	0.5191615684771711	0.24339698630038886	0.2018574531575443	0.6253221559165881	0.20414920237177173	0.5163892137359454	-0.1360884495828721	-0.1786316371099989	0.09790094277905077	-0.24023456138396238	0.2938129841156405	0.16165620481444434	0.16394760190902538	-0.14026794952434418	0.1588776754880356	-0.5672150924813194	0.09790094277905077	-0.24023456138396238	0.24339698630038886	0.2938129841156405	0.2018574531575443	0.16165620481444434	0.6253221559165881	0.20414920237177173	0.16394760190902538	0.5163892137359454	-0.14026794952434418	-0.1360884495828721	0.1588776754880356	-0.1786316371099989	-0.5672150924813194
024-10128-4B04	0.18327846092508604	0.6080778867203775	0.1620423382974282	0.22657916639775189	0.5939578027340671	0.06250134053666209	9.615481023583236	0.632460859	0.085950612	0.34354197342694043	0.16678457864851923	0.3788108582292492	0.6021999651610006	0.10307458967336049	6.052335533828563	0.7721965404688621	0.02393425363370116	-0.08837193704984204	0.13966553547891297	-0.22557487798186315	-0.06688118726660978	64.81876732070947	0.2762952992154642	-0.2510683816665741	1.1554097113550912	0.7187374904204707	-0.08421877620413486	-0.7461649419878493	-0.23593230055202294	16.088832946284704	0.2762952992154642	-0.2510683816665741	0.7721965404688621	1.1554097113550912	0.02393425363370116	0.7187374904204707	-0.08837193704984204	0.13966553547891297	-0.08421877620413486	-0.22557487798186315	-0.7461649419878493	-0.06688118726660978	-0.23593230055202294	50	16.088832946284704
008-10053-6F06	0.08306788572996773	0.3602295783360918	0.1173406708527949	0.139566036586326	0.7389212988671374	0.08539811568514347	0.1690526981224581	0.682589211	0.174206456	0.17320735836443407	0.09682102248205912	0.3149881191972386	0.9186149995248728	0.12527977908383717	0.9750171245217074	-0.08696632520600668	-0.45339172360061997	-0.22999018386470432	-0.20379089826888802	-0.017247861166001386	0.10128165331485514	0.6490713904660372	0.4393950816076442	0.7287048428832013	0.06582399461970628	0.13139836827076234	-0.3139201929629283	0.08730912415459077	-0.09678013735128997	0.8050085331920886	0.4393950816076442	0.7287048428832013	-0.08696632520600668	0.06582399461970628	-0.45339172360061997	0.13139836827076234	-0.22999018386470432	-0.20379089826888802	-0.3139201929629283	-0.017247861166001386	0.08730912415459077	0.10128165331485514	-0.09678013735128997	0.6490713904660372	0.8050085331920886
W85-1C02	0.02420948509015675	0.5191463121908592	0.1640658635955739	0.06192235255907317	0.7705410955216373	0.01719924917591281	0.4332439390651272	0.593214102	0.064855177	0.28247413319095827	0.04568275708061034	0.44054808380578503	0.9527756531378226	0.09487189250417528	1.250606931495975	-0.5915932277487532	-0.14733724301687123	-0.08196125661015032	-0.5102644486035827	0.02819294348532478	-0.39959740245859554	2.4437255194802243	0.14860034674029063	-0.4852595857440081	0.7647748045947275	-0.2979037649381908	0.13797676721456564	0.17729226584098226	-0.28733573756274766	1.6345933416043334	0.14860034674029063	-0.4852595857440081	-0.5915932277487532	0.7647748045947275	-0.14733724301687123	-0.2979037649381908	-0.08196125661015032	-0.5102644486035827	0.13797676721456564	0.02819294348532478	0.17729226584098226	-0.39959740245859554	-0.28733573756274766	2.4437255194802243	1.6345933416043334
150055-008-3F01	0.2566817425907535	1.2472664561655442	0.8725024064499352	0.489350107134948	2.0920584850147668	0.08928650117949176	2.0706318877763605	0.905409294	0.165704923	0.3453944558968125	0.28058938567456326	1.063575983228612	1.470821230844265	0.3512099775441062	3.941767337954273	1.4015250689502212	1.2549344187603726	2.1624190297154238	1.1768695803597482	1.9273453699049252	0.1298394718620116	13.566520629823662	1.1643721774018065	0.6343249806156519	1.1672595543182176	1.6741208230809843	2.3802871623528996	1.5418846751939483	1.3190454729127772	9.735567084826936	1.1643721774018065	0.6343249806156519	1.4015250689502212	1.1672595543182176	1.2549344187603726	1.6741208230809843	2.1624190297154238	1.1768695803597482	2.3802871623528996	1.9273453699049252	1.5418846751939483	0.1298394718620116	1.3190454729127772	13.566520629823662	9.735567084826936
019-10117-4G04	0.02193743743865493	0.5349154714754709	0.07343057182737296	0.09373525858792212	0.7866259422409927	0.0555978230376106	0.1870167037246015	0.794159851	0.106637629	0.14228081500332096	0.1137429339903984	0.37048979694586126	0.9307219170285056	0.0850513866742593	0.8278807402908649	-0.6110727983171622	-0.11696774235431108	-0.3691006823522459	-0.38469320118952155	0.05130847410075446	-0.11758331038726885	0.7711010865017082	0.8024061597567174	-0.02141123451600103	-0.1320049663457488	0.27345662252467723	-0.1141667163069923	0.11920015544041662	-0.3488774161630422	0.3620962554748972	0.8024061597567174	-0.02141123451600103	-0.6110727983171622	-0.1320049663457488	-0.11696774235431108	0.27345662252467723	-0.3691006823522459	-0.38469320118952155	-0.1141667163069923	0.05130847410075446	0.11920015544041662	-0.11758331038726885	-0.3488774161630422	0.7711010865017082	0.3620962554748972
150055-037-2G02	0.0908387415835826	0.36461307233046986	0.1446949739965839	0.3659355885134451	0.4118778931391166	0.6394439015010761	19.807739619065977	0.395618697	0.279328784	0.30206180516861425	0.14982262292712742	0.2983924136485855	0.5498908774522193	2.19504618361745	28.181529617123335	-0.020342311014505315	-0.44494964236065804	-0.14332969275743682	0.689730334474618	-0.487241886572755	4.1704098406166645	134.05489682711053	-0.4943046415823792	1.8957215253902444	0.890071988629341	0.5763430678207747	-0.37364901586295207	-0.8839531735631612	12.873722711643452	82.70248399333381	-0.4943046415823792	1.8957215253902444	-0.020342311014505315	0.890071988629341	-0.44494964236065804	0.5763430678207747	-0.14332969275743682	0.689730334474618	-0.37364901586295207	-0.487241886572755	-0.8839531735631612	4.1704098406166645	12.873722711643452	50	50
C7-3-C02	0.5592863205403413	1.0080393271136292	0.12498596169688776	4.9397510138643685	0.5285080744521798	0.06983466348168262	0.04250456006610753	1.046451335	0.644162223	0.9066351820744168	3.998078319560613	6.018309470929058	0.8538390214505298	0.0757827983905345	1.0456620243703134	3.995928063357614	0.7942117941031275	-0.2057693270684522	18.74340037273395	-0.31963267189611866	-0.013022405436467365	-0.21057156238708563	1.6232726853468697	5.945923968104562	4.757368814663851	32.88217836999858	20.212635304230773	-0.0833183491654336	-0.4069604203498363	1.0176649312992951	1.6232726853468697	5.945923968104562	3.995928063357614	4.757368814663851	0.7942117941031275	32.88217836999858	-0.2057693270684522	18.74340037273395	20.212635304230773	-0.31963267189611866	-0.0833183491654336	-0.013022405436467365	-0.4069604203498363	-0.21057156238708563	1.0176649312992951
R95-2H10	0.04486277266506068	0.36255113745848855	0.22179309280432863	0.09580698236828568	0.4084916224988666	0.02025640400038611	0.0140997187456229	0.577266784	0.111003321	0.07943194679842286	0.02323508690967756	0.20457642138824284	0.7291084966401398	0.05656900428005358	0.6093730159419692	-0.41452072114042826	-0.44892068046932243	0.10092295020717364	-0.37651573575578484	-0.4921082955614486	-0.37714446591854056	-0.4035259751749902	0.09671346054185939	0.027054543322247975	-0.5340326404266298	-0.48635037364305733	-0.7112977389305154	-0.41187308391373373	-0.5273665544450253	-0.2956591623715252	0.09671346054185939	0.027054543322247975	-0.41452072114042826	-0.5340326404266298	-0.44892068046932243	-0.48635037364305733	0.10092295020717364	-0.37651573575578484	-0.7112977389305154	-0.4921082955614486	-0.41187308391373373	-0.37714446591854056	-0.5273665544450253	-0.4035259751749902	-0.2956591623715252
024-10128-3G04	0.0793239541346156	0.5110910377383069	0.11687186962736032	0.2064416324044584	0.6041225398240632	0.2862926991892528	1.4799470020342402	0.308216432	0.060033309	0.10320332565423412	0.06060959166412155	0.3205659907682601	0.5754942452797096	0.1690271609256812	0.6273908427242292	-0.11906520291517404	-0.16285073098465497	-0.23147538142993912	0.06017907608133948	-0.21096713595601843	1.5767297721178206	9.553991428019385	-0.7786804455602091	-0.5387896064723054	-0.3819733842449499	-0.17259404083133853	-0.293845137868229	-0.8165109196480754	0.17736941864344014	-0.24142161438934673	-0.7786804455602091	-0.5387896064723054	-0.11906520291517404	-0.3819733842449499	-0.16285073098465497	-0.17259404083133853	-0.23147538142993912	0.06017907608133948	-0.293845137868229	-0.21096713595601843	-0.8165109196480754	1.5767297721178206	0.17736941864344014	9.553991428019385	-0.24142161438934673
C1-2-B02	0.07476081906638657	0.5956501862421335	0.1985734776669927	0.08064631273267608	0.7965907570995291	0.06705989541363908	0.7230513098717568	0.553047308	0.09221639	0.2139512868214637	0.06639762578059012	0.4153600604116544	0.8315458684072294	0.16331702124086245	1.973673402432134	-0.15818758290398907	0	0.027361461890474774	-0.4363576186711526	0.06562890792014604	-0.03340138357863134	4.412390312382001	0.01791192193846344	-0.18150877816458907	0.32645218504463513	-0.12400390243341468	0.0473237374835229	-0.14204111166466332	0.14158596844931612	3.8111795018352184	0.01791192193846344	-0.18150877816458907	-0.15818758290398907	0.32645218504463513	0	-0.12400390243341468	0.027361461890474774	-0.4363576186711526	0.0473237374835229	0.06562890792014604	-0.14204111166466332	-0.03340138357863134	0.14158596844931612	4.412390312382001	3.8111795018352184
R95-2G10	0.07378215350490674	0.2708566090451394	0.04849342875834055	3.622158311675869	0.40874763286224647	4.090203974734153	10.041549836612514	0.23978487	0.100738255	0.1349151209042435	0.07492575442568827	0.6478277674547568	0.5873583100726683	1.0139349473131576	1.010704883454573	-0.16657824533358934	-0.6255132933754395	-0.4481034284216602	13.542625597633664	-0.4917403831096965	29.51413673302429	67.7130576530415	-1.0013323466431923	-0.08690319997502609	-0.1791213735496035	-0.05241086362226068	0.8839873227252449	-0.7852595906970208	5.472111292157423	0.9124363912178687	-1.0013323466431923	-0.08690319997502609	-0.16657824533358934	-0.1791213735496035	-0.6255132933754395	-0.05241086362226068	-0.4481034284216602	13.542625597633664	0.8839873227252449	-0.4917403831096965	-0.7852595906970208	29.51413673302429	5.472111292157423	50	0.9124363912178687
K77-2F02	0.16995363918163117	1.0368532973217333	0.3901727742894753	0.20028169462157233	1.5539608894846482	0.0645659795092029	0.06698748823517706	0.490098577	0.056965303	0.22217285799601183	0.1131591653886005	0.4096214398600003	1.381695531657922	0.10525832369935229	0.6021964379278861	0.6579551840908261	0.8497040287576365	0.6343624537940629	0.03586469654340715	1.1540454025140001	-0.05171767397069105	-0.04425875060649662	-0.1869008021655303	-0.572849108883931	0.3790434127150868	0.2685559262635728	0.026670138296954957	1.3071171994702637	-0.22224760244138966	-0.3172622113457732	-0.1869008021655303	-0.572849108883931	0.6579551840908261	0.3790434127150868	0.8497040287576365	0.2685559262635728	0.6343624537940629	0.03586469654340715	0.026670138296954957	1.1540454025140001	1.3071171994702637	-0.05171767397069105	-0.22224760244138966	-0.04425875060649662	-0.3172622113457732
3C11	0.0494211909662148	0.5674301231164435	0.05336003343545097	12.62920755360275	1.0934996172568578	0.07076954752855913	0.02702575999027575	0.424371443	0.103780698	0.19878171584363297	0.17991709169731637	7.661120400446535	0.9349050601019646	0.09162691526481964	0.43295206150148735	-0.3754387807071084	-0.05434844117716912	-0.4326856585327177	49.0950648436108	0.4923165827675759	-0.006156252630338375	-0.31571922878646047	-0.40075345889483294	-0.053127485489547974	0.22941643068324105	0.8289840117286281	26.12519881529742	0.13021904167539244	-0.30767087607683014	-0.8267243178512348	-0.40075345889483294	-0.053127485489547974	-0.3754387807071084	0.22941643068324105	-0.05434844117716912	0.8289840117286281	-0.4326856585327177	49.0950648436108	26.12519881529742	0.4923165827675759	0.13021904167539244	-0.006156252630338375	-0.30767087607683014	-0.31571922878646047	-0.8267243178512348
W85-1F07	0.02770176997494607	0.5171036962699114	0.12720343032116946	0.14289256300189057	0.731425017061281	0.01358402005608802	0.01701407821565611	0.438586993	0.107239662	0.1669390311984459	0.04256369509995077	0.3763169088099075	0.8910501559822346	0.1296317974407558	0.705315380929312	-0.5616518619445303	-0.15127107515370014	-0.19874421957494098	-0.19066050171915214	-0.02802076653516774	-0.4261490541300707	-0.38372869787819414	-0.3545011282459987	-0.014727758533431801	0.025727154964543926	-0.3240880703970569	-0.09319463220210827	0.014700114673573319	-0.06950755897063435	-0.006851933430455702	-0.3545011282459987	-0.014727758533431801	-0.5616518619445303	0.025727154964543926	-0.15127107515370014	-0.3240880703970569	-0.19874421957494098	-0.19066050171915214	-0.09319463220210827	-0.02802076653516774	0.014700114673573319	-0.4261490541300707	-0.06950755897063435	-0.38372869787819414	-0.006851933430455702
W85-2D05	0.07490157337597703	0.5776961411193852	0.32589037578905644	0.1208661989281824	0.972263243066158	0.04843474805717385	0.20543971134300176	0.412210763	0.066146856	0.13790689705547057	0.05830439081018978	0.2941064365359287	0.7499161120011413	0.10756983772269428	0.5412371162458272	-0.15698081529739305	-0.034577327516947885	0.43071097730363533	-0.27760251230515803	0.3180878090524652	-0.17019172481230888	0.8962487884968576	-0.4403199752993806	-0.4709199970940686	-0.15998376866024885	-0.1919460395019851	-0.38907447440491855	-0.35706340075020204	-0.20776215173565918	-0.5007629284215438	-0.4403199752993806	-0.4709199970940686	-0.15698081529739305	-0.15998376866024885	-0.034577327516947885	-0.1919460395019851	0.43071097730363533	-0.27760251230515803	-0.38907447440491855	0.3180878090524652	-0.35706340075020204	-0.17019172481230888	-0.20776215173565918	0.8962487884968576	-0.5007629284215438
AG2-B01	0.20245684031684608	1.53663111445206	1.9274475315911848	0.8752121275092317	2.689821987186386	0.24041028889683871	0.17154705066524856	0.896581969	0.050897724	0.26656297240792637	0.08625306493088863	1.0763259133867185	2.2270139322177895	1.123607763562214	2.0980992813294628	0.9366238113945267	1.812215883354963	5.50456458375841	2.6999361994284308	2.786391202067402	1.239751468515606	0.6660155558901565	1.1356512095430376	-0.6402084040037025	0.662995295365145	0.0426811095846548	2.4261748360145368	3.533784354891945	6.159392510221353	4.185728256159081	1.1356512095430376	-0.6402084040037025	0.9366238113945267	0.662995295365145	1.812215883354963	0.0426811095846548	5.50456458375841	2.6999361994284308	2.4261748360145368	2.786391202067402	3.533784354891945	1.239751468515606	6.159392510221353	0.6660155558901565	4.185728256159081
R95-1B02	0.2340784178230813	1.0596182335732691	0.5434358865874125	0.40919386280286574	1.4451118557531637	0.06656697744051737	0.08190306664153209	0.585894978	0.114714354	0.1233600256689201	0.04044821173203592	0.4482201308834988	1.0244481369090084	0.09920755828221282	0.5635510043351383	1.2077337725390318	0.8935465528958013	1.1199115284881216	0.8604785037420295	0.9976184737666866	-0.03702156528528105	0.05706294453406546	0.12478652713374573	0.06825261705910589	-0.25303627757134534	-0.34184740414614756	0.16558887083028698	0.36608593868081785	-0.2601656350800974	-0.43359330854793265	0.12478652713374573	0.06825261705910589	1.2077337725390318	-0.25303627757134534	0.8935465528958013	-0.34184740414614756	1.1199115284881216	0.8604785037420295	0.16558887083028698	0.9976184737666866	0.36608593868081785	-0.03702156528528105	-0.2601656350800974	0.05706294453406546	-0.43359330854793265
037-10-5E04	0.07810323066294435	3.549347319928287	32.41078191028654	0.1700158172872594	1.2961279127951562	0.05578509757929233	0.07911878256910007	0.551204889	0.082947209	0.26533841682384895	6.129859774181845	0.29444324590696647	6.859969626280044	0.19510349180076889	0.43462346836200394	-0.1295311669521586	5.68846477097984	102.07806214129383	-0.08360015107234348	0.7835136734698226	-0.11620789316394516	0.03814927090465512	0.011917347491347674	-0.28441069316191786	0.6551621354799996	50.77833340810536	-0.38786227964677433	15.737529440364826	0.34078067276651935	-0.8216930224075321	0.011917347491347674	-0.28441069316191786	-0.1295311669521586	0.6551621354799996	5.68846477097984	50	50	-0.08360015107234348	-0.38786227964677433	0.7835136734698226	15.737529440364826	-0.11620789316394516	0.34078067276651935	0.03814927090465512	-0.8216930224075321
01.g.01	0.01788247381250444	0.2697909184676822	0.03392162037103456	0.07138023855584738	0.31746580579887773	0.03410353665307848	0.03354271242711863	0.339111964	0.064413106	0.0586240187212067	0.03393214503423811	0.18533325547569368	0.6862219602867865	0.06382870581659417	0.5616424998300156	-0.6458383324184027	-0.6275656850162388	-0.4942680141004463	-0.47293247580493514	-0.6229214819992865	-0.2754457268740797	-0.271449496157788	-0.6781574013138985	-0.4901672418211507	-0.667135481675146	-0.39654932474389176	-0.7805549118453303	-0.5248412173940441	-0.4818725415669058	-0.439338319082317	-0.6781574013138985	-0.4901672418211507	-0.6458383324184027	-0.667135481675146	-0.6275656850162388	-0.39654932474389176	-0.4942680141004463	-0.47293247580493514	-0.7805549118453303	-0.6229214819992865	-0.5248412173940441	-0.2754457268740797	-0.4818725415669058	-0.271449496157788	-0.439338319082317
AG8-2D02	0.16686698296408808	1.3471673530901591	0.3941448954404538	0.3932213918178532	2.0171521364796163	0.09788043574428654	0.09311353146517969	0.561739697	1.068410472	0.26517177017138227	0.1407012404888809	0.65984756856751	1.0573139389169697	0.1912814862830046	0.6286583778395018	0.6314915060203836	1.4473315085851355	0.6469464325513328	0.7974322952612921	1.8196974685562137	0.19295667674415748	0.1332157606234277	0.04619385616937897	10.655720578653389	0.6540961406896698	0.4997697052357589	0.9272472232972584	0.45265829037604927	0.3168294996542058	-0.23760606007946816	0.04619385616937897	10.655720578653389	0.6314915060203836	0.6540961406896698	1.4473315085851355	0.4997697052357589	0.6469464325513328	0.7974322952612921	0.9272472232972584	1.8196974685562137	0.45265829037604927	0.19295667674415748	0.3168294996542058	0.1332157606234277	-0.23760606007946816
W85-3D10	0.08255406250721478	0.3837420032591141	0.30721750313972357	0.1011796633195997	0.3844526297380674	0.03110230369709471	0.7383831327472974	0.432443577	0.150541326	0.11974610648633384	0.09652677212991406	0.2755231000193151	0.5099411756494758	0.03771104635453199	1.0499169249167633	-0.09137162705814322	-0.40810962635051906	0.37155391138722305	-0.35530880016799327	-0.5266547281648558	-0.2974879514167097	4.5165395609745165	-0.37448961326032015	0.46598614145092415	-0.2761535677436161	0.1289281573067866	-0.4559568863902553	-0.9891853426655293	-0.6455427875037102	1.030473100416266	-0.37448961326032015	0.46598614145092415	-0.09137162705814322	-0.2761535677436161	-0.40810962635051906	0.1289281573067866	0.37155391138722305	-0.35530880016799327	-0.4559568863902553	-0.5266547281648558	-0.9891853426655293	-0.2974879514167097	-0.6455427875037102	4.5165395609745165	1.030473100416266
R95-1G10	0.04960008015350192	0.5305306842000117	0.2217192223978028	0.6551319045141216	0.7095155724726545	1.5558604391119262	3.812684283073578	0.362651042	0.074238889	0.08952566349802228	0.06751537593325939	0.7419933967280217	0.8356249460950913	0.8438085716995367	1.6810114355240584	-0.37390506087276365	-0.12541231429780023	0.10068892319964322	1.8312400763015544	-0.05950682580522791	10.900930061089396	25.400302525937494	-0.6015696351828166	-0.38108620358830153	-0.4694657904025104	-0.11462046869414759	1.2228944079132316	-0.13129634578004543	4.405988740959263	2.930203806788353	-0.6015696351828166	-0.38108620358830153	-0.37390506087276365	-0.4694657904025104	-0.12541231429780023	-0.11462046869414759	0.10068892319964322	1.8312400763015544	1.2228944079132316	-0.05950682580522791	-0.13129634578004543	10.900930061089396	4.405988740959263	25.400302525937494	2.930203806788353
220-14-IgG-1A03	33.73666285542134	1.377373253902249	0.31440456370143965	0.5863057874518349	1.2614877722827689	0.3684877160733372	0.11215581981461178	0.495077024	0.126899155	33.83386466735347	1.041888314051708	1.1488251565804453	2.2530210019801484	0.5171835301891382	0.5278248889116919	288.4446486078846	1.5055044338609407	0.394323060161441	1.5595710446720588	0.733732333149474	2.180402011166115	0.2625702437253223	-0.17070271086679778	0.20352231961010447	215.38419252670124	8.065171661358715	2.6871034506135887	3.6022900067389303	2.359143733627012	-0.5411366278900768	-0.17070271086679778	0.20352231961010447	50	50	1.5055044338609407	8.065171661358715	0.394323060161441	1.5595710446720588	2.6871034506135887	0.733732333149474	3.6022900067389303	2.180402011166115	2.359143733627012	0.2625702437253223	-0.5411366278900768
220-14-IgG-1E01	0.25447080018217827	1.48076097382968	0.7407286792499715	0.35241733531751496	2.102555731059857	0.1163327058672526	0.06761673884699046	0.759665016	0.106104091	0.362436682322036	0.18348758799115425	0.5277259814084422	1.076770873891035	0.3198434738788749	0.29831355124885606	1.382569388754843	1.7046167246411277	1.7449499443522736	0.6363713639004518	1.9424309604962853	0.32847734019707503	-0.039984243985284725	0.690172267005682	-0.027334312501407165	1.2762741928723351	0.8589580764241396	0.45173463616688053	0.5039101240321399	1.1224825543816104	-1.2320152970755438	0.690172267005682	-0.027334312501407165	1.382569388754843	1.2762741928723351	1.7046167246411277	0.8589580764241396	1.7449499443522736	0.6363713639004518	0.45173463616688053	1.9424309604962853	0.5039101240321399	0.32847734019707503	1.1224825543816104	-0.039984243985284725	-1.2320152970755438
037-102909-2G04	0.158599356560155	1.2357058109863894	0.44536805953509223	0.3160650944182758	2.0311181123402395	0.11461438184250523	0.2768268453526018	0.558334247	0.087662387	0.2733461477593933	0.11952841161022552	0.648990515421703	0.95274016571195	0.222357031653313	0.7671509516310857	0.5606083923399985	1.2326700091560778	0.8092252715762425	0.49288254738446263	1.8397679702037124	0.31585729885207986	1.381182408368909	0.035113736201591986	-0.23206509264410785	0.706385483403893	0.3220252993135085	0.8881721142179291	0.17719878782658105	0.5115690842163944	0.17928648234369	0.035113736201591986	-0.23206509264410785	0.5606083923399985	0.706385483403893	1.2326700091560778	0.3220252993135085	0.8092252715762425	0.49288254738446263	0.8881721142179291	1.8397679702037124	0.17719878782658105	0.31585729885207986	0.5115690842163944	1.381182408368909	0.17928648234369
C1-2-C06	5.650025811290616	0.33415515248154126	0.14729579320552016	0.28474189725827614	0.6229479905499313	0.1769255347541084	0.07533445481763948	0.488707045	0.272397419	7.708508742844832	0.11478646662250716	0.4046349113141211	0.8292835104431067	0.22199553750686557	0.5744937001948661	47.64176405183614	-0.5036079259341449	-0.1350901017598936	0.36924426873079613	-0.18391308376667262	0.7734946912608615	0.012442289096823236	-0.19142835109416356	1.8187729004744657	48.267164378741406	0.2822170054105768	0.008723358057358278	-0.14800042613029238	0.5093037267122233	-0.4006534318958422	-0.19142835109416356	1.8187729004744657	47.64176405183614	48.267164378741406	-0.5036079259341449	0.2822170054105768	-0.1350901017598936	0.36924426873079613	0.008723358057358278	-0.18391308376667262	-0.14800042613029238	0.7734946912608615	0.5093037267122233	0.012442289096823236	-0.4006534318958422
C3-2-3F02	0.03556946260174381	0.3041294930666857	0.06254675505752275	0.0790586072745185	0.3874971956878526	0.02280174843741944	0.01863716497992617	0.270436319	0.067045072	0.09375126298367904	0.06149985083861023	0.2564950240425747	0.8064806357530947	0.09709622520911236	0.9172954631700156	-0.4941976104313838	-0.5614337279972327	-0.4035814330202041	-0.4426245769529948	-0.5222793829314897	-0.35845046433910227	-0.37270305087774097	-0.9016034614425579	-0.46094844227371934	-0.44243574226739446	-0.16512037781761407	-0.5244399392385365	-0.20806585483481047	-0.2733966217169672	0.6312538725991776	-0.9016034614425579	-0.46094844227371934	-0.4941976104313838	-0.44243574226739446	-0.5614337279972327	-0.16512037781761407	-0.4035814330202041	-0.4426245769529948	-0.5244399392385365	-0.5222793829314897	-0.20806585483481047	-0.35845046433910227	-0.2733966217169672	-0.37270305087774097	0.6312538725991776
K77-1C04	0.12082580685271269	0.8017560208383498	0.5434523926436733	0.2341252018735273	1.1173539538823447	0.08013311861099283	0.06048008401948498	0.717306535	0.108566678	0.147586126915832	0.12864986870073122	0.4726937412183171	0.8900195057728935	0.1622196401759477	0.6631367895787073	0.23675403714676338	0.3969350025169341	1.1199638209166396	0.16945109128021563	0.526597646068831	0.06261346279890838	-0.0884636220594091	0.5523528742284508	4.124211343092641e-6	-0.09806828189334396	0.39859928859897786	0.2536706901375225	0.011985261940746969	0.13470906475731861	-0.13381859815894104	0.5523528742284508	4.124211343092641e-6	0.23675403714676338	-0.09806828189334396	0.3969350025169341	0.39859928859897786	1.1199638209166396	0.16945109128021563	0.2536706901375225	0.526597646068831	0.011985261940746969	0.06261346279890838	0.13470906475731861	-0.0884636220594091	-0.13381859815894104
K77-1C11	0.10870708910031653	0.6627652992429505	0.22139294891050265	0.24275277340131807	0.8552084275245322	0.06064588261400389	0.04831826730091081	0.598520681	0.103189946	0.16038357215819538	0.07060007434639175	0.3718125540000232	0.8763094505386064	0.1778476171163364	0.7286057124464864	0.13285330359463424	0.1292556205412375	0.09965526423578354	0.20350566390920727	0.1498683525947315	-0.08050839340503764	-0.17107898247947434	0.16586606256009073	-0.059685725326325566	-0.016206391744559782	-0.08872464296231748	-0.10940604363801928	-0.024128620909768344	0.23264413558721322	0.06325699193824227	0.16586606256009073	-0.059685725326325566	0.13285330359463424	-0.016206391744559782	0.1292556205412375	-0.08872464296231748	0.09965526423578354	0.20350566390920727	-0.10940604363801928	0.1498683525947315	-0.024128620909768344	-0.08050839340503764	0.23264413558721322	-0.17107898247947434	0.06325699193824227
01.z.01	0.1265834188198148	0.9161713457701884	1.9711856220966677	5.183083391452194	1.0921184901773546	0.0511618061650719	0.1097543117900186	0.604104462	0.149487495	0.19758709537026503	0.35174458068588954	3.0200515324429205	7.217163805013777	0.14243959123581423	0.7823718161125385	0.2861173542165206	0.6172851317540271	5.643130146309027	19.703876921535365	0.49033176526529665	-0.15016314721214552	0.24625677217789832	0.18403369484183005	0.45428702499354234	0.2217747578252391	2.2714636693323946	9.42174624612967	16.67842052397007	0.010754409502844436	0.2251045700420269	0.18403369484183005	0.45428702499354234	0.2861173542165206	0.2217747578252391	0.6172851317540271	2.2714636693323946	5.643130146309027	19.703876921535365	9.42174624612967	0.49033176526529665	16.67842052397007	-0.15016314721214552	0.010754409502844436	0.24625677217789832	0.2251045700420269
028-10134-4F05	0.24834359358058128	1.4784259934035182	0.5206988501856067	1.307439798864077	2.004024488396912	0.8740100126574712	6.317261739519429	0.652751823	0.089392497	0.24547227310259775	0.16029023133880416	1.6064670711239954	1.0847848430953544	1.2385497885901744	7.926801722514795	1.330037324427699	1.700119833695991	1.0478788859255672	4.406016361035928	1.8008317276225942	5.893154781789014	42.413925905759555	0.34231486061910965	-0.2128582574171305	0.5280836409688021	0.6642179025546391	4.334180930101523	0.5250198526267144	6.8796940185600794	21.73138080060972	0.34231486061910965	-0.2128582574171305	1.330037324427699	0.5280836409688021	1.700119833695991	0.6642179025546391	1.0478788859255672	4.406016361035928	4.334180930101523	1.8008317276225942	0.5250198526267144	5.893154781789014	6.8796940185600794	42.413925905759555	21.73138080060972
AG10-3A02	0.2483706776166542	1.4795482510068032	0.4614566990558103	2.0288013763705486	2.194712087088403	3.1819866448277536	0.14048468068502687	0.635089142	0.086998868	0.3403214187163059	0.22368893892322056	2.5480333404315063	0.9703763035224436	4.41228143121816	0.5096201832684754	1.330269531437799	1.702281166612438	0.8601952924458768	7.253359921599673	2.0748688448201014	22.84383468952874	0.45500852044469137	0.28484679489130565	-0.23943115613311652	1.1348086702138964	1.1964455836270895	7.722927782908187	0.2236544296120996	26.768361272257657	-0.595936721583815	0.28484679489130565	-0.23943115613311652	1.330269531437799	1.1348086702138964	1.702281166612438	1.1964455836270895	0.8601952924458768	7.253359921599673	7.722927782908187	2.0748688448201014	0.2236544296120996	22.84383468952874	26.768361272257657	0.45500852044469137	-0.595936721583815
C6-G03	0.11433252608227892	1.0719160935280292	0.2208442366353566	0.27198497525835275	1.3527063823721268	0.083359667818240335	0.04585611104592552	0.723394682	0.102502442	0.176200618610231	0.08012996461724546	0.4939746305430631	0.6191010297286195	0.1298747651838999	0.4610984960656277	0.18108340853800597	0.9172307493265277	0.09791690245077349	0.3188904089720679	0.8648225829359512	0.08631049770657752	-0.18780443815136144	0.5721615336248661	-0.0673180585570958	0.08497109287155236	-0.008721885919079145	0.33026173749651355	-0.7016455687677076	-0.06798496502101699	-0.7419974740621234	0.5721615336248661	-0.0673180585570958	0.18108340853800597	0.08497109287155236	0.9172307493265277	-0.008721885919079145	0.09791690245077349	0.3188904089720679	0.33026173749651355	0.8648225829359512	-0.7016455687677076	0.08631049770657752	-0.06798496502101699	-0.18780443815136144	-0.7419974740621234
R95-2A08	0.03891516592718537	0.3734213606535694	0.01778640908350543	0.12774582620307168	0.4729607823676189	0.04011392894432858	0.9801354855244312	0.462317605	0.189888513	0.11264007475206908	0.062171063216923	0.4042071371866111	1.0518787925681932	0.07204085050247862	0.7098678341380777	-0.46551297259563235	-0.4279859404133111	-0.545385577832436	-0.2504473892281198	-0.3994596763549053	-0.2313030633701062	6.158766065389657	-0.27729017877705825	0.9027993714502089	-0.3216089831181247	-0.1594855972167499	0.007183776324701527	0.43834148164254105	-0.4304099002701345	0.006851933430455702	-0.27729017877705825	0.9027993714502089	-0.46551297259563235	-0.3216089831181247	-0.4279859404133111	-0.1594855972167499	-0.545385577832436	-0.2504473892281198	0.007183776324701527	-0.3994596763549053	0.43834148164254105	-0.2313030633701062	-0.4304099002701345	6.158766065389657	0.006851933430455702
K77-2G11	0.13493715785351446	0.8018207284829921	0.31021002088289695	1.4314357113596738	1.1653429336197252	13.214178587876294	31.865228133448287	0.566339649	0.109566023	0.33987075307064685	0.20296567870751836	1.0920683751314146	1.6544502652995954	13.141097709288257	3.758697718461846	0.3577387609724319	0.39705962164350694	0.3810344328213617	4.895450472845684	0.5955626010775603	96.5241623103999	215.9615545598441	0.06116045970373149	0.011098363739409856	1.1319258806508166	1.022475274939358	2.482832789290628	2.025584946633293	81.46880290425499	9.184488012345463	0.06116045970373149	0.011098363739409856	0.3577387609724319	1.1319258806508166	0.39705962164350694	1.022475274939358	0.3810344328213617	4.895450472845684	2.482832789290628	0.5955626010775603	2.025584946633293	50	50	50	9.184488012345463
034-100809-1B02	0.04024326445809705	0.8423806550969193	0.5051882026370327	0.2140010432463989	1.0974139514245107	0.07910522170211345	0.06418269470912555	0.640196568	0.095292162	0.23444629039132409	0.03240855571072174	0.5231456227402838	0.7515023788589399	0.1563709884364099	0.360474697164496	-0.45412642045285767	0.4751731529956242	0.9987399871246903	0.09001742685247124	0.49794187176597976	0.055064187282983706	-0.0633117451895113	0.3014645378640682	-0.14736306141839928	0.4575533305514715	-0.4093397497140245	0.43524968282115034	-0.3528849890302457	0.09805760791451278	-1.0448968296282817	0.3014645378640682	-0.14736306141839928	-0.45412642045285767	0.4575533305514715	0.4751731529956242	-0.4093397497140245	0.9987399871246903	0.09001742685247124	0.43524968282115034	0.49794187176597976	-0.3528849890302457	0.055064187282983706	0.09805760791451278	-0.0633117451895113	-1.0448968296282817
C7-3-A05	0.17486899789619376	0.8474480927429138	0.3425755739850973	0.35821222606335185	1.1609744003253004	0.09114977280701755	0.10615304513432482	0.700886272	0.175489489	0.32330336976032126	0.18222441838983544	0.5291602904260716	1.1873521887286835	0.12166241847914017	0.7366940921218442	0.700097379870072	0.48493242729616914	0.48357094095506936	0.6592448372927618	0.5892845825876305	0.14352406489433514	0.22179332649264008	0.49892719364508825	0.7429484478688809	1.0259486885692968	0.8483538566643606	0.4568967902582953	0.7951941911827608	-0.11944887229949114	0.087604760736432	0.49892719364508825	0.7429484478688809	0.700097379870072	1.0259486885692968	0.48493242729616914	0.8483538566643606	0.48357094095506936	0.6592448372927618	0.4568967902582953	0.5892845825876305	0.7951941911827608	0.14352406489433514	-0.11944887229949114	0.22179332649264008	0.087604760736432
K77-1B08	0.07631478967728228	0.45421601100904097	0.5084850562246489	0.05693013002122089	0.6333000353558846	0.02029354454500129	0.02694919178404389	0.564078877	0.21161386	0.17154835792099318	0.08093493759963483	0.3391973614473355	0.6520258442192074	0.1220275604787128	0.6698120067648126	-0.1448644995803767	-0.2723851792556614	1.0091846674190392	-0.5299696465782106	-0.16903616185256046	-0.37687169128356557	-0.3162393574893459	0.053804713772998954	1.1439835505358769	0.05521180527365039	-0.001964194476038192	-0.22678984838910807	-0.6149177713176723	-0.11716065497440045	-0.11372475350175326	0.053804713772998954	1.1439835505358769	-0.1448644995803767	0.05521180527365039	-0.2723851792556614	-0.001964194476038192	1.0091846674190392	-0.5299696465782106	-0.22678984838910807	-0.16903616185256046	-0.6149177713176723	-0.37687169128356557	-0.11716065497440045	-0.3162393574893459	-0.11372475350175326
R95-1C09	0.104967483354869	0.7147425940427097	0.2457210663659014	0.6909326523317878	1.0036017133945965	7.439019422009571	1.102890702605047	0.547817967	0.094651073	0.15993754278160754	0.08040979779174348	0.4454534472291941	1.0831820347841283	0.9554306765277208	0.6731204541530567	0.10079151388334817	0.2293576272728053	0.17672857132453845	1.9725520506852798	0.3631243196861696	54.10914256004679	6.992643662563921	8.975110287548195e-4	-0.154480118015279	-0.01905952431421481	-0.006372706145155293	0.15563142988124773	0.5207978687911794	5.105485469437174	-0.10376561269443471	8.975110287548195e-4	-0.154480118015279	0.10079151388334817	-0.01905952431421481	0.2293576272728053	-0.006372706145155293	0.17672857132453845	1.9725520506852798	0.15563142988124773	0.3631243196861696	0.5207978687911794	50	5.105485469437174	6.992643662563921	-0.10376561269443471
AG9-4A02	0.0994013131451556	0.9128960985776592	0.36217608396811174	0.2529530464555122	1.2538181722000283	0.25162456864278915	0.04871738145915221	0.599350974	0.091916455	0.24431331723404243	0.10738022489711076	0.4931793609590868	0.8218933882462321	0.6650066114871639	0.75890307343045	0.05306953704707102	0.6109774003151907	0.5456668317607033	0.24376797160966276	0.7227103521126664	1.3221135096731482	-0.16836779542618593	0.16856753991210416	-0.18483850987170797	0.520670105204265	0.2200421282063188	0.3273995201596344	-0.16746686902262098	3.2854993324634245	0.1544585885547127	0.16856753991210416	-0.18483850987170797	0.05306953704707102	0.520670105204265	0.6109774003151907	0.2200421282063188	0.5456668317607033	0.24376797160966276	0.3273995201596344	0.7227103521126664	-0.16746686902262098	1.3221135096731482	3.2854993324634245	-0.16836779542618593	0.1544585885547127
R95-1A03	0.04165082684046539	0.2743118462197587	0.12154303413098384	0.04499290354307382	0.35395363638920974	0.00994542159439956	0.01976757902915128	0.320594452	0.074764152	0.07735962253220356	0.02506263928657071	0.19374053397262356	0.6908357000747438	0.04478946360149295	0.5941090106980392	-0.4420585790329569	-0.618858922919159	-0.21667678071987992	-0.5770880210569761	-0.5704848265671587	-0.45287233935626386	-0.3650241352797112	-0.7384067822958342	-0.3752549906065676	-0.5472887535196033	-0.47100820026677587	-0.7502966714263168	-0.5126880892441037	-0.6011848199248672	-0.3416071130773781	-0.7384067822958342	-0.3752549906065676	-0.4420585790329569	-0.5472887535196033	-0.618858922919159	-0.47100820026677587	-0.21667678071987992	-0.5770880210569761	-0.7502966714263168	-0.5704848265671587	-0.5126880892441037	-0.45287233935626386	-0.6011848199248672	-0.3650241352797112	-0.3416071130773781
236-14-IgG-1F03	0.10732066809114846	4.987882968676519	0.29162988406974333	0.2443193662794113	0.7959595439268278	0.06189182414988929	0.04359517211874628	0.387945849	0.057597628	0.20539071489487132	26.735472774704203	0.4125676058134926	0.7286943705974878	0.14676919845961145	0.5432621016800555	0.1209667193199767	8.45891109277	0.3221711610134774	0.20968928704988363	0.06472179157188254	-0.07135771316669769	-0.20316302220824792	-0.5192693529522697	-0.5658293459296112	0.2716924587560112	223.7610020175841	0.03727354554314473	-0.4129639401600514	0.03788654514302267	-0.4946672851467228	-0.5192693529522697	-0.5658293459296112	0.1209667193199767	0.2716924587560112	8.45891109277	50	0.3221711610134774	0.20968928704988363	0.03727354554314473	0.06472179157188254	-0.4129639401600514	-0.07135771316669769	0.03788654514302267	-0.20316302220824792	-0.4946672851467228
W85-1G05	0.11957992230735344	1.5025575439250596	0.45194181659934207	0.36491680813131233	2.277706061599978	0.20011121254417763	0.16038678675905582	0.653063608	0.104562211	0.3415691160009455	0.17607702566993225	0.5936210140608528	1.0401832190970528	0.2585285412018246	0.7864529560758295	0.22607235276159057	1.7465942922467215	0.8300514287118563	0.6857090255344861	2.1941394721497334	0.9437793454403484	0.5902037552086828	0.3433292978312713	-0.044451510309507024	1.1427898614688508	0.7967469281224929	0.688894347379432	0.4075339784641395	0.738243295675116	0.23738968229534949	0.3433292978312713	-0.044451510309507024	0.22607235276159057	1.1427898614688508	1.7465942922467215	0.7967469281224929	0.8300514287118563	0.6857090255344861	0.688894347379432	2.1941394721497334	0.4075339784641395	0.9437793454403484	0.738243295675116	0.5902037552086828	0.23738968229534949
AG11-2C03	0.07503050120796484	0.6087671107986943	0.03901487838667922	0.3362838900476657	0.6127345096164203	0.3314837260127988	0.4635001995367717	1.962791723	1.346991891	0.12267681056652122	0.07447998747877024	1.247726420930534	1.6902553334260602	1.9157130543124703	2.0623336142787174	-0.1558754428815555	0.025261616159839007	-0.478132189376576	0.5726897610382577	-0.19859087556213856	1.9086302860617983	2.649256643790847	4.604717554708739	13.74839527103163	-0.25740662482435994	-0.0561530457186548	3.043054337162929	2.1198996677396016	11.123239593581022	4.078065877881066	4.604717554708739	13.74839527103163	-0.1558754428815555	-0.25740662482435994	0.025261616159839007	-0.0561530457186548	-0.478132189376576	0.5726897610382577	3.043054337162929	-0.19859087556213856	2.1198996677396016	1.9086302860617983	11.123239593581022	2.649256643790847	4.078065877881066
C2-3-D06	0.1142929131031164	0.9185730439231388	0.22971729882769928	0.3198290321950174	1.0955989254797207	0.15907860728196543	0.20278166898820893	0.700968161	0.089321409	0.1965010251128851	0.14509245753298405	0.5009873873422823	0.8657450436872333	0.12302808392198016	0.6264420388973765	0.18074378369672622	0.6219105130017434	0.12602743128317548	0.5077394850495016	0.4953334982746672	0.6424199001645267	0.878192676302893	0.4991936312507036	-0.21364744163236266	0.21482745213885215	0.5366336627755386	0.3555010204949694	-0.05195649941907854	-0.11089072415372435	-0.24427771871904674	0.4991936312507036	-0.21364744163236266	0.18074378369672622	0.21482745213885215	0.6219105130017434	0.5366336627755386	0.12602743128317548	0.5077394850495016	0.3555010204949694	0.4953334982746672	-0.05195649941907854	0.6424199001645267	-0.11089072415372435	0.878192676302893	-0.24427771871904674
C3-2-3C01	0.02880410336476243	0.5567056319750511	0.08999277970616297	0.1480251927652056	0.875058974516523	0.04817331754385285	0.02096227483089752	0.472994718	0.051966442	0.10630581934706332	0.01496396666575482	0.1197196192346008	1.1983882523830445	0.08374308364399638	0.5784300610979984	-0.5522009241340281	-0.07500251885789663	-0.3166303612823966	-0.17040109123620092	0.1783955704621069	-0.17211177239322967	-0.3569085529997329	-0.24255066037284836	-0.628344019351799	-0.3621275483722601	-0.5557858450433679	-1.0167018624755118	0.8242644686640423	-0.35707609411249774	-0.38880413586592266	-0.24255066037284836	-0.628344019351799	-0.5522009241340281	-0.3621275483722601	-0.07500251885789663	-0.5557858450433679	-0.3166303612823966	-0.17040109123620092	-1.0167018624755118	0.1783955704621069	0.8242644686640423	-0.17211177239322967	-0.35707609411249774	-0.3569085529997329	-0.38880413586592266
K77-1G05	0.04069353592815031	0.2581375043552111	0.01211837626897243	0.07674992668519146	0.33818679574612975	0.01342986828516592	0.02513557837065803	0.188382755	0.028817291	0.08136110284273157	0.03540032525602247	0.2572818627730865	0.6351632117890196	0.09882486980378535	0.6639777449437292	-0.4502659843083754	-0.6500087564078214	-0.5633423323780573	-0.451737353422379	-0.5931433507018743	-0.4272812048155197	-0.32855925420187454	-1.1685764996326586	-0.8853345742306312	-0.5216923367810018	-0.38422405527690345	-0.5216080649896327	-0.6593359098100787	-0.26256381005716173	-0.13128714097975694	-1.1685764996326586	-0.8853345742306312	-0.4502659843083754	-0.5216923367810018	-0.6500087564078214	-0.38422405527690345	-0.5633423323780573	-0.451737353422379	-0.5216080649896327	-0.5931433507018743	-0.6593359098100787	-0.4272812048155197	-0.26256381005716173	-0.32855925420187454	-0.13128714097975694
014-10-3C04	0.01886675501810559	0.1800711699921596	0.01964140131464514	0.09375248031576928	0.1872708856778378	0.01215384240023166	0.02808989623680507	0.219172514	0.06721153	0.0996700789507814	0.00731928418257068	0.23022929329841924	0.6916817384437102	0.02977978404164551	0.7445009145765525	-0.6373995238436826	-0.8003551097150583	-0.5395088228332052	-0.38462522394008597	-0.8100245806200441	-0.4366528362384825	-0.308490539062103	-1.068397603011288	-0.45910050695272103	-0.4045746337935033	-0.6199624156010992	-0.6189716947796374	-0.5104595256080156	-0.6952452371135246	0.11110498152290808	-1.068397603011288	-0.45910050695272103	-0.6373995238436826	-0.4045746337935033	-0.8003551097150583	-0.6199624156010992	-0.5395088228332052	-0.38462522394008597	-0.6189716947796374	-0.8100245806200441	-0.5104595256080156	-0.4366528362384825	-0.6952452371135246	-0.308490539062103	0.11110498152290808
039-10-5C05	0.02750843185449728	0.40308079328671753	0.29891781163018255	0.11466922741086344	0.4661259631990088	0.02830887757960894	0.01523426690055341	0.299314636	0.044507476	0.10805456286278804	0.07049121790681084	0.2800507452602293	0.8040398493852299	0.1064671362585485	0.6225758264276333	-0.5633094607886198	-0.3708654470029532	0.3452598640311325	-0.3020630706368454	-0.4092819938752096	-0.31800396154584865	-0.39581897654950093	-0.8076437154977401	-0.7111498125820709	-0.3509412962046189	-0.08963848509909614	-0.4396616514599968	-0.21449517050465278	-0.2146723965106082	-0.25591585282207036	-0.8076437154977401	-0.7111498125820709	-0.5633094607886198	-0.3509412962046189	-0.3708654470029532	-0.08963848509909614	0.3452598640311325	-0.3020630706368454	-0.4396616514599968	-0.4092819938752096	-0.21449517050465278	-0.31800396154584865	-0.2146723965106082	-0.39581897654950093	-0.25591585282207036
R95-2G12	0.0147374645379203	0.24478164407989933	0.08435039383695611	0.06492587465098078	0.31386372481234937	0.01698225182867652	0.01974464707418543	0.186135899	0.034866279	0.13714578441326675	0.03874119570841039	0.22207839012178224	0.7749083723793716	0.04490789047275428	0.6075620853901831	-0.6728023047902265	-0.6757305339711919	-0.33450586437497665	-0.4984090080671378	-0.628098032001666	-0.4011911155502104	-0.3651799123127385	-1.1758869678616275	-0.8181816673021914	-0.1648524059801952	-0.3561776833335903	-0.6483072268475767	-0.2912308750568129	-0.6004426801028427	-0.30111045424383914	-1.1758869678616275	-0.8181816673021914	-0.6728023047902265	-0.1648524059801952	-0.6757305339711919	-0.3561776833335903	-0.33450586437497665	-0.4984090080671378	-0.6483072268475767	-0.628098032001666	-0.2912308750568129	-0.4011911155502104	-0.6004426801028427	-0.3651799123127385	-0.30111045424383914
AG13-3F04	0.0781378449625597	1.0613887915218925	0.5493804516379911	0.2859561820919745	1.2063054630007326	0.3631585405419917	0.0500766440437518	0.680062063	0.108427476	0.19122680871869807	0.0975867693313289	0.4530529414731065	0.9938534026157834	1.1718423282779054	0.7239775472821101	-0.12923439866405184	0.8969564341598133	1.1387443579699872	0.3740372688152651	0.6544298454170862	2.141262469047332	-0.15913430910331613	0.43117264315858383	-0.0015412283253544506	0.18108967753579228	0.1378267590913911	0.18298241200693569	0.28549584394910765	6.461661673395769	0.049325215747594235	0.43117264315858383	-0.0015412283253544506	-0.12923439866405184	0.18108967753579228	0.8969564341598133	0.1378267590913911	1.1387443579699872	0.3740372688152651	0.18298241200693569	0.6544298454170862	0.28549584394910765	2.141262469047332	6.461661673395769	-0.15913430910331613	0.049325215747594235
041-102909-3A03	0.0612076942670936	0.6113035920323519	0.15608615579914145	0.15037330670894414	1.1312334812583584	0.0337050476153522	0.04308531198984215	0.578620072	0.080436191	0.13204413970811882	0.07956012657370459	0.3211743399317397	1.0233483963376906	0.12448790054770512	0.7556636049324109	-0.2743863126162693	0.030146573380184033	-0.10724157148040295	-0.16113266424250802	0.5465439126130979	-0.278372385676032	-0.20662650791009246	0.10111657713172753	-0.31228678715477026	-0.19748628489287579	-0.013505636125608062	-0.2916556570208901	0.36318909388480236	-0.1017425634426889	0.1447070890968455	0.10111657713172753	-0.31228678715477026	-0.2743863126162693	-0.19748628489287579	0.030146573380184033	-0.013505636125608062	-0.10724157148040295	-0.16113266424250802	-0.2916556570208901	0.5465439126130979	0.36318909388480236	-0.278372385676032	-0.1017425634426889	-0.20662650791009246	0.1447070890968455
16.p.01	0.08254569331072337	1.2239988557852275	0.2583341312685657	0.29253846882613044	1.6310518994467396	0.07608838747844701	0.08077700220689893	0.634297187	0.126224368	0.3131230971401551	0.03809270699980682	0.7159381696044731	1.1085106621868126	0.2269888591027971	1.0104375544427824	-0.0914433809905696	1.2101238240791603	0.21668771022444175	0.4000187354343615	1.2648328804455606	0.03290738094998465	0.04941357591783276	0.2822700557205387	0.19603116429494735	0.9608281630945724	-0.36162170032908164	1.1291202660474386	0.5875164244172217	0.5405951284105569	0.9116316731861523	0.2822700557205387	0.19603116429494735	-0.0914433809905696	0.9608281630945724	1.2101238240791603	-0.36162170032908164	0.21668771022444175	0.4000187354343615	1.1291202660474386	1.2648328804455606	0.5875164244172217	0.03290738094998465	0.5405951284105569	0.04941357591783276	0.9116316731861523
W85-2D08	0.06361152095691165	0.3155345296293147	0.6064437418885429	0.07431007159672673	0.4723215063392424	0.03403205822264739	0.07866640761413093	0.24716342	0.026750529	0.20864077825810212	0.10347753415964618	0.36237508942905106	0.8258615608458093	0.04659828842028676	0.5211985925055829	-0.25377692460119655	-0.5394690018381607	1.3195251561981518	-0.46136789917290644	-0.40037837983175384	-0.2759706923254871	0.03507628264849206	-0.9773251760230647	-0.9082787553447673	0.2924822589840022	0.18727931457359634	-0.14337197827889947	-0.1570142400621362	-0.5898495468167	-0.561083210439329	-0.9773251760230647	-0.9082787553447673	-0.25377692460119655	0.2924822589840022	-0.5394690018381607	0.18727931457359634	1.3195251561981518	-0.46136789917290644	-0.14337197827889947	-0.40037837983175384	-0.1570142400621362	-0.2759706923254871	-0.5898495468167	0.03507628264849206	-0.561083210439329
240-14-IgG-2E03	0.29423201880167016	1.275547089148012	0.5202190519597581	0.24824060749549037	1.877014396803482	0.07963589450502405	0.05082675417352544	0.75870081	0.110378884	0.3528825393142087	0.2250982297546151	0.4669824959563771	1.0310089681577832	0.34043518510705073	0.6286669046342352	1.7234651721123637	1.3093995101832743	1.0463588490353615	0.22516712961063423	1.618305545563079	0.05896165517433837	-0.1540388023907913	0.6870350845030289	0.020122349086836286	1.2151588537901656	1.2082764808129833	0.2331156160679721	0.38336793259486907	1.2515236135879582	-0.23758039258670804	0.6870350845030289	0.020122349086836286	1.7234651721123637	1.2151588537901656	1.3093995101832743	1.2082764808129833	1.0463588490353615	0.22516712961063423	0.2331156160679721	1.618305545563079	0.38336793259486907	0.05896165517433837	1.2515236135879582	-0.1540388023907913	-0.23758039258670804
C1-2-E05	0.08572258515720979	0.5655944570555647	0.24858669154202173	0.1457089860884735	0.8116601639636138	0.03645422881755231	0.04525583730493267	0.828622225	0.105699638	0.1229140988269616	0.06997102227647573	0.31180748481730536	0.8884694121283321	0.1335782413572872	0.6858989940584834	-0.06420606100261522	-0.0578837128201222	0.18580708755602665	-0.17954357452277261	0.08728515008401773	-0.2581813274489611	-0.1918821045568324	0.9145344359888571	-0.03182435193708271	-0.25588875425395385	-0.09400549074615344	-0.3253674644893973	0.00790213467901139	-0.04477657389393806	-0.06529944917547147	0.9145344359888571	-0.03182435193708271	-0.06420606100261522	-0.25588875425395385	-0.0578837128201222	-0.09400549074615344	0.18580708755602665	-0.17954357452277261	-0.3253674644893973	0.08728515008401773	0.00790213467901139	-0.2581813274489611	-0.04477657389393806	-0.1918821045568324	-0.06529944917547147
AG6-3E02	1.0256013798712664	0.3237128840493301	0.20942689529079384	0.11692551791066888	0.3108130639060648	0.03793869096521227	0.02450664623355461	0.487641281	0.150696805	1.885093926979431	0.03369975815731774	0.22915250870562057	0.5509483891064666	0.08242929855516858	0.6217079807599013	7.993915121130944	-0.5237184766836789	0.061745905775839834	-0.29315708724972145	-0.6324821362960302	-0.24727885887566434	-0.33283159742072976	-0.1948959671147625	0.46771219328245794	11.016311968831964	-0.39850019619423344	-0.6228470995375849	-0.8811675646548155	-0.36530912620746386	-0.2585282556170115	-0.1948959671147625	0.46771219328245794	7.993915121130944	11.016311968831964	-0.5237184766836789	-0.39850019619423344	0.061745905775839834	-0.29315708724972145	-0.6228470995375849	-0.6324821362960302	-0.8811675646548155	-0.24727885887566434	-0.36530912620746386	-0.33283159742072976	-0.2585282556170115
K77-2E05	0.06873982470063372	0.576688173361591	0.02215164322508532	0.1045505278815244	0.8912338072110838	0.06471864462582973	0.03091294250189795	0.45591128	0.098593358	0.09390069767345278	0.10259674201358064	0.3179029457469579	1.2072452035276362	0.10249349321939512	0.7359642188130991	-0.20980902867875054	-0.036518551962441484	-0.5315561875343534	-0.34200339300019506	0.20164041990793094	-0.05059644185380183	-0.2893135534134893	-0.29813407592798774	-0.11071479765253663	-0.44147984787386496	0.17988512659613484	-0.30342957789012726	0.8475947099054196	-0.2395738289849849	0.08540768452505734	-0.29813407592798774	-0.11071479765253663	-0.20980902867875054	-0.44147984787386496	-0.036518551962441484	0.17988512659613484	-0.5315561875343534	-0.34200339300019506	-0.30342957789012726	0.20164041990793094	0.8475947099054196	-0.05059644185380183	-0.2395738289849849	-0.2893135534134893	0.08540768452505734
C6-C01	0.14080785810631838	1.3384554497190178	0.1182556889226281	0.30284769554349633	2.017694303004765	0.10135199951072613	0.12009330650893373	0.798688183	0.089174691	0.1822092058053	0.12157401141776492	0.51752434205087	0.8635349063386776	0.14522590381027842	0.24531049223035545	0.4080716489225941	1.4305534324412652	-0.22709133775310913	0.44071110278992687	1.8204766159817003	0.2184531940675977	0.31648968185329296	0.817139737349684	-0.21527623312586985	0.12340644427152386	0.3391979654994759	0.4150183960111376	-0.057778258699061426	0.028215256826540885	-1.3915659460777088	0.817139737349684	-0.21527623312586985	0.4080716489225941	0.12340644427152386	1.4305534324412652	0.3391979654994759	-0.22709133775310913	0.44071110278992687	0.4150183960111376	1.8204766159817003	-0.057778258699061426	0.2184531940675977	0.028215256826540885	0.31648968185329296	-1.3915659460777088
C1-2E01	0.0502624573876278	0.6721670700983379	0.1394550866996429	0.38424062867980086	0.7640030271081908	1.049806736025118	0.05806639231074111	1.022528463	0.069714739	0.2092609866840306	0.0697298635330757	0.42083789913826214	1.0171278256667184	1.429459796728732	0.7199277800109929	-0.3682261200871098	0.1473622983335378	-0.15993005008011071	0.7619836119831032	0.01879708642720709	7.184274433998124	-0.1048598575129702	1.5454361903949516	-0.4313111046594065	0.2964495691049815	-0.09603000139724584	0.06703876907511427	0.3468033859765642	8.076060332671135	0.03713454206989319	1.5454361903949516	-0.4313111046594065	-0.3682261200871098	0.2964495691049815	0.1473622983335378	-0.09603000139724584	-0.15993005008011071	0.7619836119831032	0.06703876907511427	0.01879708642720709	0.3468033859765642	7.184274433998124	8.076060332671135	-0.1048598575129702	0.03713454206989319
16.ND.92	0.47375787591430674	0.5771227043611993	0.1823345108123979	0.2929995323592261	0.4192052215599996	0.01760369216597209	0.02574520573357884	18.31895862	0.126201113	0.1437945117786599	0.03168377086617954	0.31641163149951557	0.6328155646541629	0.09528920908002342	0.6599295579375046	3.26264354285126	-0.0356816976164152	-0.024084807286861507	0.40183863591548874	-0.4767117840857717	-0.39662701551018986	-0.3244180485353957	57.82185227461492	0.1957729986562288	-0.12232224633447869	-0.4154242673924569	-0.30879689682168016	-0.6655198858884925	-0.2847205603987379	-0.14347305771901178	50	0.1957729986562288	3.26264354285126	-0.12232224633447869	-0.0356816976164152	-0.4154242673924569	-0.024084807286861507	0.40183863591548874	-0.30879689682168016	-0.4767117840857717	-0.6655198858884925	-0.39662701551018986	-0.2847205603987379	-0.3244180485353957	-0.14347305771901178
K77-1D04	0.03663566096176111	0.18107403775179337	0.02945370895209697	0.04001554692489643	0.20346698978229388	0.3338845844258019	0.04212202975438629	0.184000749	0.163661087	0.08299066906179253	0.02394998735564923	0.2574728308801567	1.0733100676719542	1.593522768013261	0.648236381255037	-0.48505647900302207	-0.7984237072514927	-0.508422693740926	-0.5967345405796626	-0.7867491620345045	1.9262631259681327	-0.21317009518080757	-1.1828339845992746	0.6116353127431096	-0.5112684304240246	-0.4803488347938539	-0.5209207606618167	0.4947939572313195	9.104185647585613	-0.17867204364798403	-1.1828339845992746	0.6116353127431096	-0.48505647900302207	-0.5112684304240246	-0.7984237072514927	-0.4803488347938539	-0.508422693740926	-0.5967345405796626	-0.5209207606618167	-0.7867491620345045	0.4947939572313195	1.9262631259681327	9.104185647585613	-0.21317009518080757	-0.17867204364798403
W85-1C11	0.05592956095387086	0.3294827056034819	0.03799916443615068	0.04743954270172026	0.4598288689240061	0.05485295887699829	0.05777597664238139	0.556503191	0.132746019	0.10533913386535644	0.01849880083496002	0.14799756826889374	0.9913816770613476	0.04416053537609896	0.8217150361483236	-0.31963878356529685	-0.512606495610429	-0.48135004761681754	-0.5674306973643616	-0.41833154703799563	-0.12305388308947765	-0.10683265447812501	0.029156132904601586	0.2684313447255855	-0.3683111810593493	-0.5261111613702548	-0.91492802677485	0.2789850308571019	-0.6051260933562156	0.34353615506343943	0.029156132904601586	0.2684313447255855	-0.31963878356529685	-0.3683111810593493	-0.512606495610429	-0.5261111613702548	-0.48135004761681754	-0.5674306973643616	-0.91492802677485	-0.41833154703799563	0.2789850308571019	-0.12305388308947765	-0.6051260933562156	-0.10683265447812501	0.34353615506343943
C2-3-F04	0.07187804830116248	0.5946634757412695	0.5919158896076462	0.26017890472353283	0.7258949066596708	0.03494219982815595	0.06149540326500062	0.389808541	0.069499375	0.17530470215122965	0.1344522337439868	0.2940157275254007	0.8616020575762899	0.05789215298572429	0.5342525049697237	-0.18290323379124507	-0.001900285530058995	1.273499826772708	0.2722897305313323	-0.035968087297715244	-0.2692862576519936	-0.08156654678268697	-0.5132088173922007	-0.43370197047824033	0.07924015100305543	0.44730973411706354	-0.38940094093623767	-0.06286960753608606	-0.5190748438350964	-0.5217881160761125	-0.5132088173922007	-0.43370197047824033	-0.18290323379124507	0.07924015100305543	-0.001900285530058995	0.44730973411706354	1.273499826772708	0.2722897305313323	-0.38940094093623767	-0.035968087297715244	-0.06286960753608606	-0.2692862576519936	-0.5190748438350964	-0.08156654678268697	-0.5217881160761125
W85-3C05	0.03841052798616043	0.2566385987323838	0.01450195750238016	0.05401574059940899	0.210015478145462	0.01490418854195638	0.05813454811322694	0.302244708	0.107128925	0.08673259906809129	0.143885740645318	0.2589604476401265	0.3219256348848106	0.05853962341440601	0.8333535534387623	-0.469839523747495	-0.6528954680253514	-0.555790967636818	-0.5414732644751544	-0.7773383304683293	-0.4164532222415141	-0.10439687436519043	-0.7981103060293137	-0.015957106559008078	-0.48733228869270057	0.5265033595674125	-0.5155667491834344	-1.484440182797069	-0.5150173728946748	0.3785706044235083	-0.7981103060293137	-0.015957106559008078	-0.469839523747495	-0.48733228869270057	-0.6528954680253514	0.5265033595674125	-0.555790967636818	-0.5414732644751544	-0.5155667491834344	-0.7773383304683293	-1.484440182797069	-0.4164532222415141	-0.5150173728946748	-0.10439687436519043	0.3785706044235083
K77-2A10	0.1123863882986956	0.6739680537022117	0.31304832787728376	1.8858927285780696	0.9112392946686214	5.342540020691326	0.09239738990930636	0.414417747	0.091842239	0.17719118871282086	0.07880502343685812	1.6707126335137972	0.7259384455279161	4.775470354593849	0.5795328039483447	0.16439805061159982	0.1508307757433944	0.3900264029970889	6.6892738505791565	0.23039030269325084	38.71178074555616	0.12835100282290088	-0.4331392363406567	-0.18566241961340366	0.09130750919427653	-0.01984467373073924	4.565404110510644	-0.42022336788711157	29.04433935125696	-0.38548464184589193	-0.4331392363406567	-0.18566241961340366	0.16439805061159982	0.09130750919427653	0.1508307757433944	-0.01984467373073924	0.3900264029970889	6.6892738505791565	4.565404110510644	0.23039030269325084	-0.42022336788711157	38.71178074555616	29.04433935125696	0.12835100282290088	-0.38548464184589193
01.d.04	0.23584446551468813	2.227474023840854	0.6782074101403541	0.3777081520369812	2.9657865905918515	0.1712241404410256	0.04538135804588901	0.789637582	0.125766474	0.3748516249254956	0.19288400024461969	0.8451673503996373	1.31593955918028	0.22373368372061367	0.6435567149366741	1.2228751145848693	3.14269608307504	1.546877858318552	0.7361987547305714	3.1829798889286702	0.7316214293387954	-0.19102944072426006	0.7876923090037762	0.19094784900897027	1.355689314278253	0.9378402949205294	1.594222929540763	1.1339083067124538	0.5201960816987606	-0.1927588494292836	0.7876923090037762	0.19094784900897027	1.2228751145848693	1.355689314278253	3.14269608307504	0.9378402949205294	1.546877858318552	0.7361987547305714	1.594222929540763	3.1829798889286702	1.1339083067124538	0.7316214293387954	0.5201960816987606	-0.19102944072426006	-0.1927588494292836
C1-2B06	0.07147589231212789	0.7111868255479807	0.5241962753484847	0.4906309236392976	1.2191462424361983	5.010389351583941	0.05209081705566268	0.354978434	0.070987606	0.1491133525267731	0.05738397189680858	0.45206610002105174	1.5031917550214904	4.072510929731064	0.732971592519104	-0.18635114825850085	0.222509645607609	1.0589589920658233	1.181925192884233	0.6728833274642178	36.27233677775195	-0.14545200873833458	-0.6265335656782873	-0.4171803576347336	-0.08829902148022564	-0.19967289139769337	0.17943071737440686	1.6271524073780255	24.639138260477356	0.0763992333852618	-0.6265335656782873	-0.4171803576347336	-0.18635114825850085	-0.08829902148022564	0.222509645607609	-0.19967289139769337	1.0589589920658233	1.181925192884233	0.17943071737440686	0.6728833274642178	1.6271524073780255	36.27233677775195	24.639138260477356	-0.14545200873833458	0.0763992333852618
K77-2F07	0.07989139989450686	0.8086127548408292	0.03666065090989383	0.1269691222990294	0.8823702889796469	0.0765161251427076	0.34497260360695065	0.439851753	0.167142936	0.08979134205788386	0.11653085887751884	0.30332294911530644	0.6218683716155051	0.0970628598770014	0.3510252688877361	-0.11420016422804975	0.4101402459971303	-0.4855905592076046	-0.2535131788800779	0.18890265929298797	0.036048853064694755	1.8440973255690183	-0.35038605020037816	0.6502890977788676	-0.4677663145563251	0.29686105542578267	-0.35590375767970106	-0.6943560678136649	-0.2736057105949463	-1.0733416485156255	-0.35038605020037816	0.6502890977788676	-0.11420016422804975	-0.4677663145563251	0.4101402459971303	0.29686105542578267	-0.4855905592076046	-0.2535131788800779	-0.35590375767970106	0.18890265929298797	-0.6943560678136649	0.036048853064694755	-0.2736057105949463	1.8440973255690183	-1.0733416485156255
042-10-2D01	0.15584844466615566	1.7041476759290393	0.29559979605034314	0.1995467551791566	0.8614215855243373	0.05670732844984503	0.07605550139612274	0.377140585	0.14615102	0.4962111252316256	6.618296193426488	0.5152592234738596	14.82387515851983	0.2514242686901994	0.9139910665663536	0.5370232433528217	2.1348325956948164	0.33474814095272043	0.03296375871414222	0.15879728095002474	-0.10943467021624347	0.01734036677218172	-0.554425829013762	0.41724711102048334	2.1319941074947035	54.87872271682697	0.40686611432976083	36.71538448974567	0.6937233021868493	0.6213069255278625	-0.554425829013762	0.41724711102048334	0.5370232433528217	2.1319941074947035	2.1348325956948164	50	0.33474814095272043	0.03296375871414222	0.40686611432976083	0.15879728095002474	36.71538448974567	-0.10943467021624347	0.6937233021868493	0.01734036677218172	0.6213069255278625
K77-2A05	0.03101245869964467	0.22878968120171864	0.00421604379956847	0.05157758912529228	0.19580479365139575	0.01924890379980674	0.00670074748906229	0.256716769	0.041693091	0.0601492610448055	0.03148025755375266	0.2015442519175899	0.610302730387133	0.03444385231034105	0.5747881780694164	-0.5332674244085597	-0.7065291275080383	-0.5883775163888387	-0.5510970857542175	-0.7977605028533182	-0.38454394005920617	-0.45378727175947964	-0.9462419849575266	-0.7423937386678553	-0.6573789078293444	-0.41713274730422967	-0.7222106773882713	-0.7248213143261631	-0.6660171509708022	-0.3997669899268065	-0.9462419849575266	-0.7423937386678553	-0.5332674244085597	-0.6573789078293444	-0.7065291275080383	-0.41713274730422967	-0.5883775163888387	-0.5510970857542175	-0.7222106773882713	-0.7977605028533182	-0.7248213143261631	-0.38454394005920617	-0.6660171509708022	-0.45378727175947964	-0.3997669899268065
K77-1B02	0.04293929819739166	0.5907488592206633	0.0956901816490806	0.114976147427736	0.6812612071975926	0.02798595734935915	0.0345336414569762	0.648910626	0.101607366	0.1321799101570979	0.050862973408167	0.2638339221035903	0.9370426465226608	0.09173999918372078	0.6939116852238951	-0.43101177343183816	-0.009439365253366264	-0.2985805631276646	-0.30085160226799906	-0.10011116956619846	-0.32037561357317035	-0.2647181038956962	0.32981697529414444	-0.07725475463284925	-0.19661779705258522	-0.2544162140319194	-0.4980268565719002	0.135849693358459	-0.30696221867033735	-0.04117951913050715	0.32981697529414444	-0.07725475463284925	-0.43101177343183816	-0.19661779705258522	-0.009439365253366264	-0.2544162140319194	-0.2985805631276646	-0.30085160226799906	-0.4980268565719002	-0.10011116956619846	0.135849693358459	-0.32037561357317035	-0.30696221867033735	-0.2647181038956962	-0.04117951913050715
C6-2-2C06	3.1836446129811096	0.5071978536356552	0.03093983386312459	0.04937290176419906	0.5830092929143016	0.03053715395771179	0.06598925631547746	0.165494029	0.370975621	6.354219082059979	0.2147661201085597	0.4695390019521354	1.039963113683568	0.21180132724347975	0.16896585262360886	26.496060276957106	-0.17034853445350115	-0.5037145381736129	-0.5597993822951068	-0.24130897967072673	-0.30163863136671176	-0.051039751483022276	-1.2430482522614752	2.9131398960907458	39.6041297385299	1.1215391486649373	0.2423166164964166	0.40695419516046094	0.44542017300545045	-1.621379791215234	-1.2430482522614752	2.9131398960907458	26.496060276957106	39.6041297385299	-0.17034853445350115	1.1215391486649373	-0.5037145381736129	-0.5597993822951068	0.2423166164964166	-0.24130897967072673	0.40695419516046094	-0.30163863136671176	0.44542017300545045	-0.051039751483022276	-1.621379791215234
K77-2B03	0.05919146781077419	0.91104584540632	0.3648992458501176	0.10817019657315158	1.2922913586443423	0.06635234776275811	0.01202954018046571	0.580276318	0.10891593	0.1573743744699365	0.02450500754132435	0.3630824428175893	1.0057377485461083	0.15856984043676636	0.6898736916457304	-0.29167258102345084	0.6074140356551785	0.554294013554322	-0.3277159112963523	0.7780001621210215	-0.038597889289470576	-0.4175887219053493	0.10650541102333289	0.0038813491373259268	-0.03545543762262064	-0.4756894794595682	-0.14082617598397024	0.3168005957789476	0.11183704508803664	-0.05333475145092611	0.10650541102333289	0.0038813491373259268	-0.29167258102345084	-0.03545543762262064	0.6074140356551785	-0.4756894794595682	0.554294013554322	-0.3277159112963523	-0.14082617598397024	0.7780001621210215	0.3168005957789476	-0.038597889289470576	0.11183704508803664	-0.4175887219053493	-0.05333475145092611
042-10-2B05	0.13981503360683173	0.9112717847161144	0.22842216751027716	0.25872027857885493	1.1628037541741287	0.04101697703349452	0.01307873077503982	0.492354206	0.087978944	0.3993739403558627	0.5722253437342617	0.6388669269306746	0.7859597210466226	0.14064973125039992	0.45836481150802105	0.3995595937784109	0.6078491675410738	0.12192435779502164	0.2665322714569595	0.5919135467075162	-0.22467072624529144	-0.41046155816609464	-0.17956178972288114	-0.2285508316208513	1.5125521141525051	4.122384133003858	0.851736783263143	-0.26212033507071664	-4.620176211377973e-4	-0.7502264546796589	-0.17956178972288114	-0.2285508316208513	0.3995595937784109	1.5125521141525051	0.6078491675410738	4.122384133003858	0.12192435779502164	0.2665322714569595	0.851736783263143	0.5919135467075162	-0.26212033507071664	-0.22467072624529144	-4.620176211377973e-4	-0.41046155816609464	-0.7502264546796589
AG1-A01	0.4610668838762545	1.5071294654322858	0.40538553575767	0.4656105715357693	0.9525679935392104	0.38836728945306787	0.4933550749139025	0.868686176	0.159309053	0.3249317223542694	0.1005560181990372	0.5337252857684084	0.4340030542551703	0.17342089922246373	1.0670770561466243	3.1538363728850203	1.7553992621716794	0.682557627072707	1.0831653744152767	0.28978376914695286	2.3264053460202336	2.8520611545520453	1.04488824634095	0.5633211593423414	1.0363648316857377	0.16275339402765018	0.4733264501810092	-1.1892152019956164	0.20490344130963395	1.082128799641682	1.04488824634095	0.5633211593423414	3.1538363728850203	1.0363648316857377	1.7553992621716794	0.16275339402765018	0.682557627072707	1.0831653744152767	0.4733264501810092	0.28978376914695286	-1.1892152019956164	2.3264053460202336	0.20490344130963395	2.8520611545520453	1.082128799641682
C1-3E03	0.037260824287755	0.3915512890413575	0.14786300685994702	0.07824690518054105	0.5041508430185766	0.02313366312364954	0.01279255870680386	0.476638162	0.104720128	0.0803111103177403	0.03920302055154986	0.21891080373536695	0.45892128521340914	0.0549375227428024	0.4450184811924237	-0.4796965944436337	-0.3930698829211152	-0.13329312621286563	-0.4458285107393934	-0.35463644524467347	-0.3560127535215219	-0.41240552830695043	-0.23069619279413975	-0.04269839299411179	-0.5284088627055156	-0.3523006963303697	-0.6597075379545715	-1.123577678419679	-0.537590479174235	-0.7904017898977178	-0.23069619279413975	-0.04269839299411179	-0.4796965944436337	-0.5284088627055156	-0.3930698829211152	-0.3523006963303697	-0.13329312621286563	-0.4458285107393934	-0.6597075379545715	-0.35463644524467347	-1.123577678419679	-0.3560127535215219	-0.537590479174235	-0.41240552830695043	-0.7904017898977178
W85-1H08	0.02688539979049379	0.3984040409301378	0.12055206070911084	0.03008143272795512	0.2912144520128226	0.03190848774768723	0.16941379187116357	0.231122656	0.11650868	0.12340509481706508	0.02790066546432808	0.1631466403132515	0.6254838009319568	0.03025595893228911	0.75725455735393	-0.568651072813841	-0.3798723085120748	-0.21981625910331162	-0.635946271520949	-0.6606472982737951	-0.29156702154339953	0.6515243044413953	-1.0295161021840586	0.08817234691760113	-0.25274798208856175	-0.4471831705625111	-0.8604057144462501	-0.6848326057591779	-0.6922612154566922	0.14949619931209426	-1.0295161021840586	0.08817234691760113	-0.568651072813841	-0.25274798208856175	-0.3798723085120748	-0.4471831705625111	-0.21981625910331162	-0.635946271520949	-0.8604057144462501	-0.6606472982737951	-0.6848326057591779	-0.29156702154339953	-0.6922612154566922	0.6515243044413953	0.14949619931209426
236-14-IgG-1A06	0.09965204005470846	1.855681132387387	0.3022121367362498	0.2706395380448301	0.875154706469662	0.05921088496357822	0.05561048870518045	0.795244784	0.100106191	0.22333405469083517	5.471880229916199	0.5702843341781199	1.058232249250412	0.16853377592172258	0.8899366742699798	0.05521916296922349	2.426667773667979	0.35569653390563494	0.31357972691535385	0.17853314683645902	-0.09104757543213253	-0.12154283886562117	0.8059361448679393	-0.09392006543497038	0.3864712824556886	45.25464151625849	0.6049044009620335	0.4550772267869992	0.1742775472199407	0.5488980122819399	0.8059361448679393	-0.09392006543497038	0.05521916296922349	0.3864712824556886	2.426667773667979	45.25464151625849	0.35569653390563494	0.31357972691535385	0.6049044009620335	0.17853314683645902	0.4550772267869992	-0.09104757543213253	0.1742775472199407	-0.12154283886562117	0.5488980122819399
SFV009-3A02	0.01014602137656312	0.2624529808434569	0.00921669252809259	0.05563232027992702	0.4389196132701077	0.02750048248603035	0.01644153231797586	0.29539998	0.064158616	0.10927979206117082	0.05079994510307321	0.2432801225235184	0.8355048573461386	0.09351982520366084	0.8782364243105016	-0.7121673863339065	-0.6416976686888372	-0.5725350848565541	-0.535092334457545	-0.4483802349519395	-0.3239411301805903	-0.38761800872610735	-0.8203806102143317	-0.49299246536006636	-0.34310382738599315	-0.25494533221019344	-0.5720010694453221	-0.13161267353636974	-0.29580867090196034	0.5136777342623128	-0.8203806102143317	-0.49299246536006636	-0.7121673863339065	-0.34310382738599315	-0.6416976686888372	-0.25494533221019344	-0.5725350848565541	-0.535092334457545	-0.5720010694453221	-0.4483802349519395	-0.13161267353636974	-0.3239411301805903	-0.29580867090196034	-0.38761800872610735	0.5136777342623128
13001-22-3E05	0.0137793780271105	0.240346227837002	0.1366239368148475	0.07516406869901683	0.6536733712622036	0.03405363296765699	0.10849987073146472	0.544842415	0.110356604	0.07747870761239117	0.01503827213972338	0.18668111337160517	4.170917776020968	0.09259301364044777	0.6730002921861135	-0.6810165311888778	-0.6842726112053821	-0.1688993459939919	-0.4579970194008631	-0.13975764412107028	-0.2758122389894995	0.2377353396833699	-0.00878387414218826	0.01987500742136008	-0.5465269975934747	-0.5551620558273399	-0.7757038999179808	8.654253564396564	-0.30161667512640095	-0.10412732615335926	-0.00878387414218826	0.01987500742136008	-0.6810165311888778	-0.5465269975934747	-0.6842726112053821	-0.5551620558273399	-0.1688993459939919	-0.4579970194008631	-0.7757038999179808	-0.13975764412107028	8.654253564396564	-0.2758122389894995	-0.30161667512640095	0.2377353396833699	-0.10412732615335926
R95-1H10	0.02431480785765891	0.4210709743815774	0.1416524925011155	0.12553771572766706	0.6191475107926894	0.8115623234721587	0.01368066604435721	0.459385479	0.100343239	0.1495929138353146	0.06455589270451734	0.32559830106745746	0.7929825397498447	0.6922417724027264	0.949769418785537	-0.5906902351197639	-0.33621852595795626	-0.1529685031192329	-0.25916319741531185	-0.1893747526103138	5.4345146137718565	-0.40637260497966354	-0.2868302712290594	-0.09128847445122681	-0.08523139396426836	-0.13946512177968398	-0.27573358667460596	-0.24362141237532906	3.4561725695371197	0.7290074889011241	-0.2868302712290594	-0.09128847445122681	-0.5906902351197639	-0.08523139396426836	-0.33621852595795626	-0.13946512177968398	-0.1529685031192329	-0.25916319741531185	-0.27573358667460596	-0.1893747526103138	-0.24362141237532906	5.4345146137718565	3.4561725695371197	-0.40637260497966354	0.7290074889011241
K77-2H08	0.0414588041667791	0.23662542602033892	0.02272140618563187	0.02412689473515193	0.2292918656545048	0.02264967588793349	0.03234946647152909	0.440999553	0.071502039	0.12672147984224277	0.02385736820918292	0.14197392374737178	0.6230675576829454	0.04650329399672663	0.713173808067695	-0.4437048997957869	-0.6914384271627789	-0.5297511355936716	-0.6594499012381669	-0.7496362371009129	-0.3595673444119591	-0.2795552296161995	-0.34665151828858226	-0.4114693740173221	-0.2315339396386303	-0.481126365999534	-0.936607442319065	-0.6911972719944327	-0.5904448436766386	0.016803628593381366	-0.34665151828858226	-0.4114693740173221	-0.4437048997957869	-0.2315339396386303	-0.6914384271627789	-0.481126365999534	-0.5297511355936716	-0.6594499012381669	-0.936607442319065	-0.7496362371009129	-0.6911972719944327	-0.3595673444119591	-0.5904448436766386	-0.2795552296161995	0.016803628593381366
W85-2E09	0.6755712791660748	2.120478202490916	2.84830326670511	0.862624590398767	3.4482637906981424	0.5987753332641896	2.616947239097728	0.671517329	0.097137014	0.23774144510958853	0.18224386535207385	0.633790895806108	0.6111550400171605	0.1943791661043939	1.3169240591610722	4.992905858298319	2.9366350237166614	8.421904858319056	2.6502509322164864	3.8763477950637877	3.871724025136245	17.277647075554274	0.4033711256461178	-0.12688241661421956	0.4786315683138701	0.8485171125414976	0.833467878504294	-0.7225762314577732	0.3362415767178767	1.834222211236791	0.4033711256461178	-0.12688241661421956	4.992905858298319	0.4786315683138701	2.9366350237166614	0.8485171125414976	8.421904858319056	2.6502509322164864	0.833467878504294	3.8763477950637877	-0.7225762314577732	3.871724025136245	0.3362415767178767	17.277647075554274	1.834222211236791
K77-1D10	0.06244287316431669	0.3338079261640165	0.22641760170870703	0.07373021113015357	0.3836935693071595	0.01731866284546362	0.03946151084103216	0.664492712	0.132761416	0.06781336996212403	0.03902370456509519	0.208892772075838	0.9309134758593652	0.06662357326853263	0.5682828745224747	-0.26379641390654696	-0.5042766419823377	0.11557374246741661	-0.46365671246294854	-0.527745573787183	-0.39872038192859954	-0.23124303066547588	0.38051552680080947	0.26860227469072634	-0.6083536195475107	-0.3538060413963225	-0.6957629642842702	0.1197047437194883	-0.46435808381528376	-0.4193493578521812	0.38051552680080947	0.26860227469072634	-0.26379641390654696	-0.6083536195475107	-0.5042766419823377	-0.3538060413963225	0.11557374246741661	-0.46365671246294854	-0.6957629642842702	-0.527745573787183	0.1197047437194883	-0.39872038192859954	-0.46435808381528376	-0.23124303066547588	-0.4193493578521812
051-10-2D06	0.07112681572985405	0.414548344232108	0.17474230168572236	0.07302283130438583	0.4692093700843536	0.06167318084964304	0.1690582341234017	0.158036967	0.231996142	0.17238937189964362	0.15249667002843764	0.2590515764127079	1.4048336578424263	0.11782911366767485	0.8844484080207142	-0.18934398245970593	-0.3487803256754117	-0.048137497207283504	-0.46644886754103687	-0.40485083033964114	-0.07296351477871875	0.6491089965839244	-1.2673108729334053	1.3702576787264455	0.0605915504204372	0.5987915047374711	-0.5152387719062616	1.3680657196715451	-0.14347085413728203	0.5323771461624702	-1.2673108729334053	1.3702576787264455	-0.18934398245970593	0.0605915504204372	-0.3487803256754117	0.5987915047374711	-0.048137497207283504	-0.46644886754103687	-0.5152387719062616	-0.40485083033964114	1.3680657196715451	-0.07296351477871875	-0.14347085413728203	0.6491089965839244	0.5323771461624702
K77-1E06	0.0799830037156478	0.4436589809181653	0.8900794274180098	0.14579284855636826	0.5305021216458681	0.06021805023382068	0.05093478318625787	0.424955864	0.050050705	0.07917002757550393	0.09221040697278676	0.2442923075705855	1.1150073258339488	0.2188382821782592	0.6028149278038141	-0.11341479201234318	-0.2927167471314696	2.2181043550292934	-0.1792125543168468	-0.3167670269970071	-0.08365056115039846	-0.15330496006860905	-0.39885196135656514	-0.6496115947644743	-0.5357080687834919	0.09269257608171341	-0.5683581618725718	0.6046293933923667	0.4895183107614217	-0.31540042331065005	-0.39885196135656514	-0.6496115947644743	-0.11341479201234318	-0.5357080687834919	-0.2927167471314696	0.09269257608171341	2.2181043550292934	-0.1792125543168468	-0.5683581618725718	-0.3167670269970071	0.6046293933923667	-0.08365056115039846	0.4895183107614217	-0.15330496006860905	-0.31540042331065005
R95-2E11	0.02910330738990267	0.21532514505018607	0.02644608162858476	0.05971734467656196	0.18140395714569468	0.0078727745544076	0.01266771110552292	0.205627069	0.051808938	0.07068637755837744	0.04765208644011211	0.18231904061221715	0.6383165714220194	0.05054283897618639	0.5767054214531517	-0.5496356760336113	-0.7324602017140086	-0.5179510834627598	-0.5189680103000113	-0.8184559426634324	-0.46809466702064373	-0.41325361949398937	-1.1124696509394796	-0.6300925517431439	-0.5899757458557702	-0.28137138378704646	-0.7914032307212832	-0.6510295931377068	-0.5651304267695135	-0.3939956734814046	-1.1124696509394796	-0.6300925517431439	-0.5496356760336113	-0.5899757458557702	-0.7324602017140086	-0.28137138378704646	-0.5179510834627598	-0.5189680103000113	-0.7914032307212832	-0.8184559426634324	-0.6510295931377068	-0.46809466702064373	-0.5651304267695135	-0.41325361949398937	-0.3939956734814046
034-100809-1A03	0.06278198247233419	0.47558270427497873	0.01601258819894828	0.07217143981533675	0.298936083890151	0.01727694126345618	0.01970718938247484	0.489719156	0.096586475	0.06220948808491451	0.0127191702760075	0.20390702601268848	0.6152455601584101	0.04874981509828582	0.6473912099490327	-0.2608890348770777	-0.23123550262516165	-0.551005175896551	-0.4698094624901641	-0.6495505423534119	-0.3990268014876172	-0.36543436284202885	-0.1881353028037125	-0.13299423138843888	-0.6442001775089627	-0.5746307524952147	-0.7137069283270956	-0.7118013248177675	-0.5763666809021945	-0.18121619171958753	-0.1881353028037125	-0.13299423138843888	-0.2608890348770777	-0.6442001775089627	-0.23123550262516165	-0.5746307524952147	-0.551005175896551	-0.4698094624901641	-0.7137069283270956	-0.6495505423534119	-0.7118013248177675	-0.3990268014876172	-0.5763666809021945	-0.36543436284202885	-0.18121619171958753
01.y.01	0.12717785847202806	0.29196976537347263	0.4937453671368267	0.12261311102061202	0.5196966228020643	0.04245377524104064	0.04620535826897231	0.580432016	0.063206167	0.02995957625208822	0.0632496892014403	0.28146974692577864	0.7225894745483337	0.07826619621286401	0.7449659359547143	0.2912138270595504	-0.5848518983365956	0.9624882230459302	-0.2707071368757593	-0.3322956076354769	-0.2141183202249468	-0.18543199776063826	0.10701199679576968	-0.5035660884274432	-0.8504943784036446	-0.15043060811117948	-0.434554589339139	-0.4290449476371296	-0.39139783393469424	0.1125047962517087	0.10701199679576968	-0.5035660884274432	0.2912138270595504	-0.8504943784036446	-0.5848518983365956	-0.15043060811117948	0.9624882230459302	-0.2707071368757593	-0.434554589339139	-0.3322956076354769	-0.4290449476371296	-0.2141183202249468	-0.39139783393469424	-0.18543199776063826	0.1125047962517087
051-09-5B06	20.81379168798165	0.5973961513450146	0.3325959529509249	0.4838279042860818	0.33639513355927275	0.17624085701583764	0.1158739473548646	0.579229101	0.152169055	16.04985833027591	0.2408598821192967	0.4210690574894642	0.6786868367955627	0.19790138880766	0.4920909705161526	177.64944557321027	0.003362518406450258	0.45195475042958844	1.1550724550177005	-0.5957181481404451	0.768466151101653	0.28782752673934964	0.103098140327153	0.4840563928783897	101.62458304215471	1.3405944413448252	0.067870720219362607	-0.5446896105898409	0.35831411568045657	-0.6487034358625873	0.103098140327153	0.4840563928783897	50	50	0.003362518406450258	1.3405944413448252	0.45195475042958844	1.1550724550177005	0.067870720219362607	-0.5957181481404451	-0.5446896105898409	0.768466151101653	0.35831411568045657	0.28782752673934964	-0.6487034358625873
R95-2B02	0.03093613464879455	0.39178222031504384	0.02440445648531022	0.04431002301437992	0.270248125644691	0.0252338757050985	0.10521709345054872	0.236664314	0.080221361	0.10968359836098782	0.02629448624060443	0.20474486924521731	0.9098381970354604	0.06121814330072343	0.6207416885517468	-0.5339217943702191	-0.3926251371142752	-0.5244191055740556	-0.5797834730142764	-0.6907780025019209	-0.3405879737771651	0.21543539597286537	-1.0114855231238917	-0.3146717247667207	-0.3405207847293557	-0.46066693192296054	-0.710691486175089	0.06419000380910424	-0.4982320246831709	-0.2614370037495102	-1.0114855231238917	-0.3146717247667207	-0.5339217943702191	-0.3405207847293557	-0.3926251371142752	-0.46066693192296054	-0.5244191055740556	-0.5797834730142764	-0.710691486175089	-0.6907780025019209	0.06419000380910424	-0.3405879737771651	-0.4982320246831709	0.21543539597286537	-0.2614370037495102
009-10-2G06	0.06132644904424449	0.41314217707222706	0.12752404475602672	0.09101776389351957	0.567003943679046	0.03645353880612632	0.06422693021343744	0.227458792	0.041227103	0.09014157145860746	0.04985744059647269	0.2481943057952181	0.8746216727858095	0.09043686264136894	0.69998076377191	-0.2733681596473747	-0.3514884341879148	-0.19772848891513373	-0.395419640273954	-0.2643102644646312	-0.2581863951618017	-0.06301125290150399	-1.0414370091613028	-0.7475669095840102	-0.46552598922685995	-0.2628575911041213	-0.5543146636776909	-0.028574424154220724	-0.3151285200453045	-0.022910282616386415	-1.0414370091613028	-0.7475669095840102	-0.2733681596473747	-0.46552598922685995	-0.3514884341879148	-0.2628575911041213	-0.19772848891513373	-0.395419640273954	-0.5543146636776909	-0.2643102644646312	-0.028574424154220724	-0.2581863951618017	-0.3151285200453045	-0.06301125290150399	-0.022910282616386415
R95-2C07	0.0661281389098457	0.4082418051317537	0.14953124614643215	0.10346302225695778	0.3485182767081021	0.02462511156836972	0.02826894025601256	0.749318106	0.238173654	0.16310008272251095	0.02146623279614783	0.28809237295965084	0.9761474102667984	0.16836756390544383	1.0433713950799277	-0.23220051225108593	-0.36092596007036465	-0.12800801859775665	-0.3462959728017008	-0.5782959810846169	-0.34505897485974435	-0.3072742909866577	0.6565071114180523	1.4388373962569354	0.0011704116089621432	-0.5011997792361581	-0.4107194076199536	0.23885619717042597	0.17323595459095678	1.0107696426749755	0.6565071114180523	1.4388373962569354	-0.23220051225108593	0.0011704116089621432	-0.36092596007036465	-0.5011997792361581	-0.12800801859775665	-0.3462959728017008	-0.4107194076199536	-0.5782959810846169	0.23885619717042597	-0.34505897485974435	0.17323595459095678	-0.3072742909866577	1.0107696426749755
240-14-IgG-1A06	0.02730948398106757	0.46113723237725945	0.05399003462842064	0.10425723630918658	0.3768748313405306	0.04799992719537004	0.05079401360745846	0.276001124	0.116098498	0.12879617473162155	0.1191951865212808	0.16302677601203805	0.8639257072137112	0.06608523712663578	0.6237729507283534	-0.565015155269696	-0.25905574087951705	-0.43068976733805153	-0.34316106745348435	-0.5375447810147244	-0.17338521869041332	-0.1542612094314968	-0.8834975702982626	0.0836187069253046	-0.2182626622930275	0.31922789818150493	-0.8608371124123219	-0.05674884366187415	-0.46773164831362307	-0.2523122502630279	-0.8834975702982626	0.0836187069253046	-0.565015155269696	-0.2182626622930275	-0.25905574087951705	0.31922789818150493	-0.43068976733805153	-0.34316106745348435	-0.8608371124123219	-0.5375447810147244	-0.05674884366187415	-0.17338521869041332	-0.46773164831362307	-0.1542612094314968	-0.2523122502630279
16.ND.95	0.08283009798065846	0.9600230127653286	1.1466390614711155	0.4085551797651587	1.297659252099158	0.12482780886544984	0.09427791630317696	1.079142314	0.205764673	0.18464674581394636	0.06770807311398433	0.5373258520161455	1.1707981939630394	0.1604291742663608	0.6834432681786478	-0.08900501626951116	0.7017381584390235	3.0309045849774385	0.8579575072107996	0.7857143609356017	0.3908686875350741	0.14112544017910528	1.7296374739018046	1.0790487366103014	0.1389987463788641	-0.11300278944556234	0.48628507873225785	0.7515890402582464	0.12348884051826599	-0.07269171417214708	1.7296374739018046	1.0790487366103014	-0.08900501626951116	0.1389987463788641	0.7017381584390235	-0.11300278944556234	3.0309045849774385	0.8579575072107996	0.48628507873225785	0.7857143609356017	0.7515890402582464	0.3908686875350741	0.12348884051826599	0.14112544017910528	-0.07269171417214708
014-10-1D01	0.0752236430935632	0.41429773135314873	0.1541369280569386	0.11496574440412352	0.45614081653889504	0.03226562543765961	0.02450676370367253	0.472332894	0.0692303	0.08078379345757035	0.03485408507827053	0.25556830992609164	0.5808364574033875	0.0680818721697057	0.4483495079903962	-0.15421952647164128	-0.3492629758824539	-0.11341687167106287	-0.30089266486852706	-0.4236316465233552	-0.2889440631558101	-0.3328307994448718	-0.2447039996723713	-0.4366891095553505	-0.5253852330251276	-0.38880970306359397	-0.5277752324070069	-0.8024389104912765	-0.45521943415369875	-0.780374680193076	-0.2447039996723713	-0.4366891095553505	-0.15421952647164128	-0.5253852330251276	-0.3492629758824539	-0.38880970306359397	-0.11341687167106287	-0.30089266486852706	-0.5277752324070069	-0.4236316465233552	-0.8024389104912765	-0.2889440631558101	-0.45521943415369875	-0.3328307994448718	-0.780374680193076
041-102909-2C03	0.06821406418057847	0.5816342770414048	0.01546089465046676	0.05896150329962853	0.5661690214604866	0.04953871578030103	0.08689922983190093	0.493773449	0.071449437	0.10365076837785012	0.06267891988157503	0.5186637633823185	0.9287191779561867	0.14589588500634837	0.6719016536269982	-0.2143166758426337	-0.02699295226051063	-0.5527529825798652	-0.5219514518146791	-0.2655101310497065	-0.1620837555883707	0.09100193837364508	-0.17494407908157344	-0.41205333569987956	-0.37911121086621385	-0.1552221763168043	0.41911923370767773	0.11392470738408836	0.0324137948805762	-0.10743446537082339	-0.17494407908157344	-0.41205333569987956	-0.2143166758426337	-0.37911121086621385	-0.02699295226051063	-0.1552221763168043	-0.5527529825798652	-0.5219514518146791	0.41911923370767773	-0.2655101310497065	0.11392470738408836	-0.1620837555883707	0.0324137948805762	0.09100193837364508	-0.10743446537082339
051-09-4D03	0.09418723175855429	0.8544167267997476	0.10027675459359832	0.2928369797418755	0.9735866792829933	0.03023506933772023	0.02420782742108666	0.688182462	0.096748667	0.1674900335963102	0.05796585850734508	0.5485916361700973	0.532189726496579	0.04445666888706409	0.3830745353516291	0.008366220084246048	0.4983531767975503	-0.28404995484340784	0.40119701157244303	0.3199897190253474	-0.30385725855173357	-0.33486147704016467	0.45759352589252383	-0.13119365511344266	0.029251772332420677	-0.19478799432056315	0.5268312323494443	-0.9305800675477006	-0.6032703281166008	-0.9768664382344114	0.45759352589252383	-0.13119365511344266	0.008366220084246048	0.029251772332420677	0.4983531767975503	-0.19478799432056315	-0.28404995484340784	0.40119701157244303	0.5268312323494443	0.3199897190253474	-0.9305800675477006	-0.30385725855173357	-0.6032703281166008	-0.33486147704016467	-0.9768664382344114
R95-1B07	0.01952964966847083	0.21334075865249025	0.07562206072737455	0.03600734710727121	0.21259161452993064	0.00864016998334062	0.0054177153808676	0.380610418	0.157944547	0.09077127636637956	0.01985730708872708	0.17534486347473177	0.5608284351137325	0.04643926992478769	0.5584410204285679	-0.6317161469511798	-0.7362818908054751	-0.3621578805805479	-0.6125556243413154	-0.7736361652874171	-0.4624586159024509	-0.462502923582051	-0.5431362297219838	0.5481730809495097	-0.4614979326100949	-0.5147065971336396	-0.8165036634746268	-0.8551423723440089	-0.5908460601644845	-0.4489754631590342	-0.5431362297219838	0.5481730809495097	-0.6317161469511798	-0.4614979326100949	-0.7362818908054751	-0.5147065971336396	-0.3621578805805479	-0.6125556243413154	-0.8165036634746268	-0.7736361652874171	-0.8551423723440089	-0.4624586159024509	-0.5908460601644845	-0.462502923582051	-0.4489754631590342
R95-1F03	0.01697756287904107	0.23163150451929931	0.01542280144999638	0.06406813693149546	0.36296393369571095	0.06581519775568599	0.2514354776258806	0.203741633	0.083291943	0.06586745426221657	0.05742182431320986	0.19359792918527816	0.7095091165942264	0.08035289072654876	0.5992319980930279	-0.6535966540252901	-0.7010561182265375	-0.5528736647059372	-0.5017946527263271	-0.5575361297672118	-0.042542928292641856	1.20869855625677	-1.1186041873653803	-0.2805836248627133	-0.6208011303004616	-0.1993551230302954	-0.7508099136059324	-0.46350013448539756	-0.37832124854059107	-0.32618581515917605	-1.1186041873653803	-0.2805836248627133	-0.6535966540252901	-0.6208011303004616	-0.7010561182265375	-0.1993551230302954	-0.5528736647059372	-0.5017946527263271	-0.7508099136059324	-0.5575361297672118	-0.46350013448539756	-0.042542928292641856	-0.37832124854059107	1.20869855625677	-0.32618581515917605
041-102909-3G01	0.0549702820020922	0.46066550503549353	0.18068315464348045	0.06096671788794416	0.473914647745065	0.02221812616321584	0.02387280590921555	0.429666698	0.066030451	0.05311710555666149	0.02611169734035549	0.1805570606474171	0.6468953343526664	0.06413825506096447	0.5036264392267756	-0.3278632334458309	-0.2599642308985308	-0.029316427914853855	-0.5140365100938776	-0.39808887657545694	-0.36273681378439526	-0.3371372820117554	-0.38352458733306477	-0.4722122684840937	-0.7023617562945982	-0.4622014318554038	-0.7977446898995266	-0.6284321320636674	-0.4799327046137043	-0.6139791849720556	-0.38352458733306477	-0.4722122684840937	-0.3278632334458309	-0.7023617562945982	-0.2599642308985308	-0.4622014318554038	-0.029316427914853855	-0.5140365100938776	-0.7977446898995266	-0.39808887657545694	-0.6284321320636674	-0.36273681378439526	-0.4799327046137043	-0.3371372820117554	-0.6139791849720556
K77-1B07	0.05990063907077071	0.2350969633402008	0.05486348785885734	0.06086716412294293	0.35614218988391483	0.14993600045898145	0.07852890397353453	0.282446758	0.184654068	0.02632529776216399	0.02305535059357104	0.23381640208859855	0.5805334759792778	0.14112110722706744	1.1334307600177584	-0.285592448155173	-0.6943820621111843	-0.42792260176592983	-0.5144294666645423	-0.5673396566943563	0.5752730323762721	0.03414221884126548	-0.8625257756783309	0.8446891226107276	-0.8737419017083291	-0.4878592473468076	-0.6060615003306207	-0.8032369988628546	0.002491930918620939	1.2818677715497302	-0.8625257756783309	0.8446891226107276	-0.285592448155173	-0.8737419017083291	-0.6943820621111843	-0.4878592473468076	-0.42792260176592983	-0.5144294666645423	-0.6060615003306207	-0.5673396566943563	-0.8032369988628546	0.5752730323762721	0.002491930918620939	0.03414221884126548	1.2818677715497302
C1-2-2F03	0.10359331898990236	0.9513140312532786	0.27938936008205956	0.1747417193980364	1.1306083774735494	0.08214289645910362	0.058765559389264	0.832416882	0.175579311	0.26027153637583	0.10958185539126283	0.7264137058177718	1.378531345364978	0.09595605414841334	0.9254672804000966	0.08901001286497524	0.684965709443691	0.2833922597705182	-0.06494616760195995	0.5456455760651849	0.0773740546151944	-0.100110407531719	0.9268808967492856	0.7439456077915201	0.6227506343735374	0.2385246610074918	1.1668222754879278	1.2987823641141805	-0.2805416753610621	0.6558528064480975	0.9268808967492856	0.7439456077915201	0.08901001286497524	0.6227506343735374	0.684965709443691	0.2385246610074918	0.2833922597705182	-0.06494616760195995	1.1668222754879278	0.5456455760651849	1.2987823641141805	0.0773740546151944	-0.2805416753610621	-0.100110407531719	0.6558528064480975
K77-1B01	0.05455223929517516	0.7740849399183978	0.22585053754810633	0.26428512646825614	0.9333858473839588	0.06236443660861061	0.0689836419288429	0.630121681	0.075097799	0.2335404348384359	0.07427348163110138	0.4103540789081096	0.7519940654730106	0.15615840740861628	0.6748793754067257	-0.3314473538777314	0.34364383491789174	0.11377724052808114	0.28849772442463034	0.2622171100138073	-0.0678866630717659	-0.030698855676968152	0.26868444811913084	-0.3715510047600171	0.4517588109144018	-0.05788664775283435	0.02930694501938516	-0.3515898292022014	0.09672543689241105	-0.0984708800362943	0.26868444811913084	-0.3715510047600171	-0.3314473538777314	0.4517588109144018	0.34364383491789174	-0.05788664775283435	0.11377724052808114	0.28849772442463034	0.02930694501938516	0.2622171100138073	-0.3515898292022014	-0.0678866630717659	0.09672543689241105	-0.030698855676968152	-0.0984708800362943
051-10-2B05	0.6476250638551925	0.16247379961995573	0.05733021201155518	0.11995723904176613	0.4743039392601824	0.09985589925010913	0.09844012029355748	0.541365252	5.376468429	2.6011213648880283	0.13419337385995536	0.6868871494331774	0.991370974536452	0.093828198893589	0.5231409856823999	4.753306889980709	-0.8342455246403153	-0.4201078339988522	-0.281190340046614	-0.39752942580212786	0.20746525065685448	0.16939933961075482	-0.020097322640198742	58.48167345353844	15.596551099026058	0.4451366236381585	1.0245641063958135	0.27895683915957176	-0.29387620073769105	-0.5552361876878618	-0.020097322640198742	50	4.753306889980709	15.596551099026058	-0.8342455246403153	0.4451366236381585	-0.4201078339988522	-0.281190340046614	1.0245641063958135	-0.39752942580212786	0.27895683915957176	0.20746525065685448	-0.29387620073769105	0.16939933961075482	-0.5552361876878618
C1-2A02	0.07317669327825067	0.3339625814014622	0.02851008580859418	0.06008672909625776	0.571621645702689	0.1219830923011234	0.04920465700744889	0.789286657	0.119832637	0.08663733794444174	0.02622335247118346	0.24199597183096155	0.7450834651667293	0.08893012610123999	1.3198700581566405	-0.1717692038963272	-0.5039787946303448	-0.51141216287879	-0.517509983726945	-0.257674165634295	0.3699759803741704	-0.16505772703936897	0.7865505241883493	0.1250732921757395	-0.4879416490370476	-0.4612640949028913	-0.5766227957749326	-0.3697931555654418	-0.32457071146537	1.8430903041432507	0.7865505241883493	0.1250732921757395	-0.1717692038963272	-0.4879416490370476	-0.5039787946303448	-0.4612640949028913	-0.51141216287879	-0.517509983726945	-0.5766227957749326	-0.257674165634295	-0.3697931555654418	0.3699759803741704	-0.32457071146537	-0.16505772703936897	1.8430903041432507
K77-1F01	0.12939779174543797	1.0052981773409986	0.32384637102367003	0.30180303040906975	1.2512864484865296	0.06132035096927617	0.04822235317887702	0.73808097	0.10657954	0.15015349933303623	0.13148580529227286	0.43676477239039	0.8769295067343014	0.17933559227442264	0.6123667128423952	0.3102465911074187	0.7889326699384475	0.42423541637039325	0.43658762208869933	0.7190720123740124	-0.0755548349336204	-0.171730528210228	0.6199454778676147	-0.02205611018951302	-0.08164547602796189	0.4224067763742605	0.12436042912979489	-0.022495320647340354	0.2419687559815325	-0.28664748847526933	0.6199454778676147	-0.02205611018951302	0.3102465911074187	-0.08164547602796189	0.7889326699384475	0.4224067763742605	0.42423541637039325	0.43658762208869933	0.12436042912979489	0.7190720123740124	-0.022495320647340354	-0.0755548349336204	0.2419687559815325	-0.171730528210228	-0.28664748847526933
K77-1D09	0.11991532851179354	0.2838541389304233	0.01532454904239748	0.15602025582758589	0.3858611539915511	0.04542414481854073	0.02291044929511318	0.378430267	0.067706862	0.07833604517241807	0.0575306618379709	0.2761171149356434	0.7205603941250792	0.0525662003375681	0.4798192559526131	0.22894798295541793	-0.6004816169659071	-0.5531849357279126	-0.13884314299385037	-0.5246305381882862	-0.19230276836273139	-0.34367458152600283	-0.5502296636669517	-0.4536015732972603	-0.5410428347914318	-0.19844143968209615	-0.45381899525731556	-0.43438978188086236	-0.552450728111316	-0.6856439456980408	-0.5502296636669517	-0.4536015732972603	0.22894798295541793	-0.5410428347914318	-0.6004816169659071	-0.19844143968209615	-0.5531849357279126	-0.13884314299385037	-0.45381899525731556	-0.5246305381882862	-0.43438978188086236	-0.19230276836273139	-0.552450728111316	-0.34367458152600283	-0.6856439456980408
R95-1H06	0.04880188128215879	0.23447123145714688	0.14365342307754808	0.03777720795206574	0.344912676844019	0.06104945386688387	0.01570542993779426	0.481179324	0.080941764	0.1798519637961663	0.05492167842765096	0.2755789537159006	0.7829889824037278	0.1230172588933126	0.9528941864878574	-0.3807484786292862	-0.6955871463197973	-0.14662940445845904	-0.6055696660692664	-0.5834775880653604	-0.07754440883423142	-0.3926183606350367	-0.21592087095615786	-0.3066741629249765	0.10832778734029357	-0.22034367149939568	-0.45575586597916856	-0.26994560677791557	-0.11095856082595243	0.7384137142043128	-0.21592087095615786	-0.3066741629249765	-0.3807484786292862	0.10832778734029357	-0.6955871463197973	-0.22034367149939568	-0.14662940445845904	-0.6055696660692664	-0.45575586597916856	-0.5834775880653604	-0.26994560677791557	-0.07754440883423142	-0.11095856082595243	-0.3926183606350367	0.7384137142043128
K77-2H01	0.04871078701722439	0.5163973896893825	0.34487515333544205	0.15903107359195195	0.7046206732397812	0.0948589509861108	0.03713152756956273	0.685205548	0.179574819	0.3156511140495082	0.11051006076534078	0.5313468063884864	0.6994773163536154	0.10787326227741396	0.47885874986968735	-0.3815294821267234	-0.1526313365207264	0.49085618140859033	-0.12695890512934926	-0.06654128470005669	0.17076571507320218	-0.2470706337448074	0.44790770925924944	0.788301783875162	0.9769992221308453	0.24631687969186644	0.4647661769682655	-0.48992506512777495	-0.2058606960724374	-0.6885352763445953	0.44790770925924944	0.788301783875162	-0.3815294821267234	0.9769992221308453	-0.1526313365207264	0.24631687969186644	0.49085618140859033	-0.12695890512934926	0.4647661769682655	-0.06654128470005669	-0.48992506512777495	0.17076571507320218	-0.2058606960724374	-0.2470706337448074	-0.6885352763445953
034-100809-3E01	0.06553489827795825	0.41370185038985263	0.04581486757931758	0.1750816564399743	0.4802854338930005	0.04397372805781296	0.06197831991297189	0.351348304	0.137025373	0.10429683495071276	0.02170453239993799	0.1871109435484	1.1800249939890426	0.08226004955976725	1.0442856111539194	-0.23728670520362397	-0.35041057081652804	-0.4565893118314774	-0.06360437511184037	-0.3889334208340136	-0.20295519434539758	-0.07828608845576085	-0.638344714248568	0.3159386403055812	-0.3749784929826938	-0.49919927086054416	-0.7741569183550941	0.7758935065444859	-0.3663697505234417	1.0135216304023758	-0.638344714248568	0.3159386403055812	-0.23728670520362397	-0.3749784929826938	-0.35041057081652804	-0.49919927086054416	-0.4565893118314774	-0.06360437511184037	-0.7741569183550941	-0.3889334208340136	0.7758935065444859	-0.20295519434539758	-0.3663697505234417	-0.07828608845576085	1.0135216304023758
034-100809-1D05	0.15638538382770098	0.32029236165745983	0.09424133067716683	0.10059486543852476	0.6118772606888594	0.05204845119602464	0.0229572170305949	0.87102053	0.09408092	0.1843776516300877	0.04621588198122824	0.38746650489760176	0.9055186748861636	0.06412068961417786	0.590357835132326	0.5416267314360714	-0.530305990651375	-0.30317063205054257	-0.3576171023188589	-0.19982282785710406	-0.1436512805398494	-0.3433568877626236	1.0524834018614488	-0.16080967782660133	0.13727742168463591	-0.2934282189785191	-0.05306664558675545	0.05281187919879696	-0.48004278113107873	-0.3528989612671535	1.0524834018614488	-0.16080967782660133	0.5416267314360714	0.13727742168463591	-0.530305990651375	-0.2934282189785191	-0.30317063205054257	-0.3576171023188589	-0.05306664558675545	-0.19982282785710406	0.05281187919879696	-0.1436512805398494	-0.48004278113107873	-0.3433568877626236	-0.3528989612671535
01.ac.01	0.13109427121267572	0.5254084852195455	0.04975572641651488	0.11743998717149004	0.6997962504955659	0.05486138228659062	0.0786085306158657	0.840707309	0.14474951	0.06020735257106916	0.0263273645263854	0.3120516363496543	0.7095426688747555	0.10839854640581656	0.7840910548535287	0.324791484775503	-0.13527705233001944	-0.44410437443713996	-0.2911263847801351	-0.07347446184444864	-0.12299201828645444	0.03468312353564249	0.9538549899658003	0.40168823231394973	-0.6570073116199832	-0.4603909210314839	-0.3244887501983002	-0.463411753869296	-0.20256892398209236	0.2302798497710499	0.9538549899658003	0.40168823231394973	0.324791484775503	-0.6570073116199832	-0.13527705233001944	-0.4603909210314839	-0.44410437443713996	-0.2911263847801351	-0.3244887501983002	-0.07347446184444864	-0.463411753869296	-0.12299201828645444	-0.20256892398209236	0.03468312353564249	0.2302798497710499
R95-2F01	0.0827822050019066	0.5085398929986151	0.08435872873590268	0.1414743751477758	0.5638012270681358	0.02622654814919656	0.06259653965041627	0.541672643	0.066220726	0.11796856224634931	0.01508674967711989	0.33915206925993646	0.465528843823549	0.06117863162225209	0.6819729711602758	-0.08941563030690232	-0.16776392835072898	-0.33447945878781027	-0.19625834360593764	-0.2689128879874873	-0.333297400459134	-0.07408651469062082	-0.0190971819372027	-0.47009992847518506	-0.28752405056674435	-0.5547550903181725	-0.22695285736947227	-1.1061725991915707	-0.4984796305661625	-0.07711762557898334	-0.0190971819372027	-0.47009992847518506	-0.08941563030690232	-0.28752405056674435	-0.16776392835072898	-0.5547550903181725	-0.33447945878781027	-0.19625834360593764	-0.22695285736947227	-0.2689128879874873	-1.1061725991915707	-0.333297400459134	-0.4984796305661625	-0.07408651469062082	-0.07711762557898334
01.r.01	0.0253314613311318	0.1952080463341242	0.01796411862703524	0.02405779484924285	0.21831902894989488	0.01298596134967022	0.02283039420305491	0.244312655	0.032766168	0.10575174142072724	0.04892863347533137	0.15505418543022464	0.694820172073338	0.02280333321239965	0.7178425372112334	-0.5819738804838729	-0.7712033098125118	-0.5448225806237047	-0.6597226508845495	-0.7654052989520467	-0.4305414303600641	-0.3442183966842887	-0.9866005487931739	-0.8414960727072597	-0.36567183908658496	-0.2706548614126746	-0.8895308880110445	-0.5021925257675594	-0.738964216781182	0.030857511117536374	-0.9866005487931739	-0.8414960727072597	-0.5819738804838729	-0.36567183908658496	-0.7712033098125118	-0.2706548614126746	-0.5448225806237047	-0.6597226508845495	-0.8895308880110445	-0.7654052989520467	-0.5021925257675594	-0.4305414303600641	-0.738964216781182	-0.3442183966842887	0.030857511117536374
SFV018-4D01	0.07541649181153857	0.21261510693828217	0.03451577016785025	0.08602340319157985	0.3673649697991131	0.04374045161518738	0.07419302215594534	0.49785109	0.145568668	0.13882391620437445	0.04200389257450254	0.12356256521872218	1.5219660543243072	0.0717574650501788	0.6913593961110454	-0.15256612355628196	-0.7376794085689576	-0.4923857028270544	-0.41513327796582716	-0.5512114014957645	-0.20466846745823847	0.004688523937948891	-0.16167688929297966	0.41078212387625535	-0.15411783843666013	-0.3287875731366214	-1.0028708964206474	1.676606099141923	-0.4321857778804616	-0.04886246030290631	-0.16167688929297966	0.41078212387625535	-0.15256612355628196	-0.15411783843666013	-0.7376794085689576	-0.3287875731366214	-0.4923857028270544	-0.41513327796582716	-1.0028708964206474	-0.5512114014957645	1.676606099141923	-0.20466846745823847	-0.4321857778804616	0.004688523937948891	-0.04886246030290631
W85-1E07	0.07915463682511281	0.34281866398246164	0.04041610208978907	0.09100144288657427	0.41291136925151817	0.04185556913858698	0.1893697014246863	0.291857989	0.145241639	0.16273414251640292	0.05085902449270126	0.3727294670159758	0.9944896979830776	0.1406648001456248	0.6285870442904867	-0.12051685753902516	-0.48692304670129644	-0.47369300722580654	-0.3954840622163982	-0.48575667821899515	-0.2185117789888744	0.7870850268585137	-0.8319049859076532	0.40715160782962057	-0.0011704116089621432	-0.25444936489888753	-0.10610602514926008	0.2871719200815599	-3.6758612006728607e-4	-0.2378207894602199	-0.8319049859076532	0.40715160782962057	-0.12051685753902516	-0.0011704116089621432	-0.48692304670129644	-0.25444936489888753	-0.47369300722580654	-0.3954840622163982	-0.10610602514926008	-0.48575667821899515	0.2871719200815599	-0.2185117789888744	-3.6758612006728607e-4	0.7870850268585137	-0.2378207894602199
W85-2F12	0.04325712617492843	0.39932975902935214	0.01624540413178066	0.07134974401272837	0.6858532527578027	0.06625780968738894	0.02776888373668173	0.175437505	0.153573109	0.17296545401280317	0.06916850724318516	0.36322684954925666	0.7572239638912044	0.05386265089438885	0.6234952251926107	-0.4282868514818298	-0.3780894869982565	-0.5502675974990756	-0.47305284323742636	-0.09351194163530661	-0.0392922137606719	-0.3106711806562599	-1.2106957270513532	0.4996435138289527	0.06427659612846921	-0.10074254787977563	-0.14030644851133908	-0.3378136674313574	-0.544326325471486	-0.2531482640760562	-1.2106957270513532	0.4996435138289527	-0.4282868514818298	0.06427659612846921	-0.3780894869982565	-0.10074254787977563	-0.5502675974990756	-0.47305284323742636	-0.14030644851133908	-0.09351194163530661	-0.3378136674313574	-0.0392922137606719	-0.544326325471486	-0.3106711806562599	-0.2531482640760562
W85-2F05	0.1707079655030847	0.5095868900033966	0.05187813111811551	0.6961227721912209	0.7982664587150562	1.6085138702757027	0.06733108505433319	0.494499868	0.14391961	0.11863496673293504	0.05405361259326201	0.5340326767668037	0.4142635885678539	2.116673040094033	0.2514205704676465	0.6644224572576761	-0.1657475382784035	-0.43738043660541176	1.993038384891482	0.0680370584404386	11.287637380938696	-0.04192469347419181	-0.1725805706856551	0.3924750883202914	-0.2832612364001363	-0.2276310229874348	0.4744327666585092	-1.2412112544681637	12.382585605964021	-1.373173291648584	-0.1725805706856551	0.3924750883202914	0.6644224572576761	-0.2832612364001363	-0.1657475382784035	-0.2276310229874348	-0.43738043660541176	1.993038384891482	0.4744327666585092	0.0680370584404386	-1.2412112544681637	11.287637380938696	12.382585605964021	-0.04192469347419181	-1.373173291648584
051-10-4G03	0.03209724742097029	0.49432323057014066	0.06337038464566795	0.17258900408053202	0.53693500637411	0.04703076165309684	0.03714550450221966	0.551874317	0.195430312	0.2342607168799377	0.05654789723683947	0.3854785592426557	1.0812260470002202	0.07654153223775441	0.6474367931140563	-0.5239669071263148	-0.19514350713792994	-0.4009721124967037	-0.07344332116288418	-0.3075223293958624	-0.18050314815975813	-0.24697568828100544	0.014095427495398811	0.96432171410705	0.456366265624376	-0.20669167923159826	-0.06022136724719006	0.5156455690755342	-0.4022057004425857	-0.18107897655318436	0.014095427495398811	0.96432171410705	-0.5239669071263148	0.456366265624376	-0.19514350713792994	-0.20669167923159826	-0.4009721124967037	-0.07344332116288418	-0.06022136724719006	-0.3075223293958624	0.5156455690755342	-0.18050314815975813	-0.4022057004425857	-0.24697568828100544	-0.18107897655318436
042-10-4C06	0.05403217361949253	0.6005712615205177	0.02308443705457354	0.11505322906760136	0.5070381685486325	0.03221401300613402	0.01519458609070973	0.715083708	0.328137652	0.12922571741411132	0.431039253153311	0.21369937080290796	0.7279156502963415	0.1128084319987978	0.6330403730526686	-0.3359061758672133	0.009477398016597888	-0.5286010264783265	-0.30054734720680354	-0.3504870701930352	-0.2893231249685928	-0.39608852874576034	0.5451205877971024	2.437573711257781	-0.21551499076779287	2.9371368550600603	-0.6784637609886357	-0.41501518016224936	-0.17493371185273485	-0.22441530858074626	0.5451205877971024	2.437573711257781	-0.3359061758672133	-0.21551499076779287	0.009477398016597888	2.9371368550600603	-0.5286010264783265	-0.30054734720680354	-0.6784637609886357	-0.3504870701930352	-0.41501518016224936	-0.2893231249685928	-0.17493371185273485	-0.39608852874576034	-0.22441530858074626
AG2-F02	0.19451452438430067	1.100309908203265	0.03064285322610874	0.1363760482002797	1.5418198499231492	0.23733380248736072	0.06748747080128091	0.648238514	0.054425546	0.34340362103289657	0.05539391630399719	0.7767943967888303	1.4117029116179003	0.13245781632482184	0.5128791974907015	0.8685297713851315	0.9719138150517665	-0.5046553951831246	-0.21638235472083708	1.1365975165264228	1.2171565532808986	-0.040862363302013247	0.3276301625111672	-0.6010442492019237	1.1545247074915428	-0.21637926781643935	1.348145049609779	1.38616013445534	-0.05179788607865845	-0.5861263852769619	0.3276301625111672	-0.6010442492019237	0.8685297713851315	1.1545247074915428	0.9719138150517665	-0.21637926781643935	-0.5046553951831246	-0.21638235472083708	1.348145049609779	1.1365975165264228	1.38616013445534	1.2171565532808986	-0.05179788607865845	-0.040862363302013247	-0.5861263852769619
01.ae.01	0.08027062027011812	0.275358936523788	0.0942487167940612	0.04671698414682953	0.4240614464311648	0.02251481474665227	0.04921593606351847	0.40993869	0.123094209	0.0991668626487918	0.04625445935350139	0.20669932347069697	0.6427273619906442	0.07372933790288527	0.511527631764772	-0.1109488899588612	-0.6168423531637244	-0.30314723227632506	-0.5702827656094019	-0.4697329041098904	-0.36055781719490965	-0.16498110828215948	-0.4477124906543467	0.16128166966903332	-0.4077935760788106	-0.2931043646576803	-0.7036573019424487	-0.6394110568771738	-0.4198287397152548	-0.5901948898639494	-0.4477124906543467	0.16128166966903332	-0.1109488899588612	-0.4077935760788106	-0.6168423531637244	-0.2931043646576803	-0.30314723227632506	-0.5702827656094019	-0.7036573019424487	-0.4697329041098904	-0.6394110568771738	-0.36055781719490965	-0.4198287397152548	-0.16498110828215948	-0.5901948898639494
W85-1E01	0.09321141709017625	0.29214155605786674	0.08543997590309405	0.09429559977338944	0.5543884727087263	0.08231762307237445	0.11944055324648786	0.386710695	0.2155261	0.15751164910892734	0.08026562426832817	0.18691819403219323	1.3206225575019928	0.2258979970217178	0.735939934564001	0	-0.5845210501785318	-0.33105398638500033	-0.382481434003814	-0.28243995575299047	0.07865731496178295	0.31205552145684684	-0.5232881036309442	1.18741532600009	-0.0345773278745841	-0.007583032711153549	-0.7748506340687061	1.1462438699096424	0.533759076912423	0.08533458369322063	-0.5232881036309442	1.18741532600009	0	-0.0345773278745841	-0.5845210501785318	-0.007583032711153549	-0.33105398638500033	-0.382481434003814	-0.7748506340687061	-0.28243995575299047	1.1462438699096424	0.07865731496178295	0.533759076912423	0.31205552145684684	0.08533458369322063
014-10-1B04	0.24808987838704127	3.405972653092954	0.2825979011249994	0.8153910221879553	0.7529807047154868	0.3661785002513216	0.48414796001349614	0.761169042	0.523926533	0.23462730314043256	3.2910812322670795	0.2028822862105065	2.01576666893499	0.1014462669855424	0.8284680946433345	1.327862078229155	5.412342438719613	0.2935571592767271	2.4638115646632612	0.002956908701727647	2.163442230165184	2.789517117462231	0.6950658312966481	4.61112613083877	0.45871122148223287	26.946987659774923	-0.7173950211281938	2.9773344509113993	-0.24613642987558604	0.3638643188634284	0.6950658312966481	4.61112613083877	1.327862078229155	0.45871122148223287	5.412342438719613	26.946987659774923	0.2935571592767271	2.4638115646632612	-0.7173950211281938	0.002956908701727647	2.9773344509113993	2.163442230165184	-0.24613642987558604	2.789517117462231	0.3638643188634284
009-10-2F01	4.856965584947805	2.3475754892498797	0.2385991398171432	0.32997841814534484	0.4298560282296632	0.13930898345102	0.15391370438521862	1.614084202	17.77302995	16.412283659125283	22.557081963644748	1.7038080918254597	4.319868738427263	1.712062598669564	4.3607177732386635	40.84240285277337	3.3739970337143785	0.1541657720055066	0.5478009322217163	-0.4614055115457063	0.49722407764891335	0.5462320324210344	3.470147625228182	196.10223776155004	103.94292251503572	188.6837057016693	4.684516417155109	9.046607753704263	9.847033346668535	10.996698330592059	3.470147625228182	50	40.84240285277337	50	3.3739970337143785	50	0.1541657720055066	0.5478009322217163	4.684516417155109	-0.4614055115457063	9.046607753704263	0.49722407764891335	9.847033346668535	0.5462320324210344	10.996698330592059
W85-2B08	0.06105188847008254	0.3513588333519649	0.20531017020763104	0.04378087390719745	0.38761432479401514	0.07847734496975581	0.01994610914689253	0.348335605	0.0790889	0.10997575734021868	0.04802686819823922	0.2632843453722899	0.8980823681820685	0.07372502281980196	0.6607074776268624	-0.27572212527664103	-0.47047570955133183	0.04870381087818571	-0.5818721194710534	-0.5221110567119928	0.050452815849077966	-0.36381137814281866	-0.6481469625114501	-0.32724375303543074	-0.33865192060758503	-0.27822511734666755	-0.5000048123242231	0.033223780933476256	-0.4198557808331815	-0.1411313515305958	-0.6481469625114501	-0.32724375303543074	-0.27572212527664103	-0.33865192060758503	-0.47047570955133183	-0.27822511734666755	0.04870381087818571	-0.5818721194710534	-0.5000048123242231	-0.5221110567119928	0.033223780933476256	0.050452815849077966	-0.4198557808331815	-0.36381137814281866	-0.1411313515305958
R95-1G06	0.0640657797396374	0.4014716346281225	0.17173282556542	0.03901297536149219	0.3981225631660168	0.01906736366341218	0.05028130983659092	0.453918649	0.063701028	0.05347719568778619	0.04692970263992111	0.2346296011531308	0.39310987742953696	0.06798437499082753	0.610500684830763	-0.2498823029331269	-0.37396449268232906	-0.05767174405649319	-0.6006918704043687	-0.5070096690494081	-0.3858772415751483	-0.15774401202580476	-0.30461738665976495	-0.4980723835836718	-0.7000583544671607	-0.28743574486740486	-0.6031347538439759	-1.2969325942328862	-0.4558304149067143	-0.2922646355951782	-0.30461738665976495	-0.4980723835836718	-0.2498823029331269	-0.7000583544671607	-0.37396449268232906	-0.28743574486740486	-0.05767174405649319	-0.6006918704043687	-0.6031347538439759	-0.5070096690494081	-1.2969325942328862	-0.3858772415751483	-0.4558304149067143	-0.15774401202580476	-0.2922646355951782
16.ND.93	0.03862073601336559	0.7443661836879676	0.02192856152063936	0.10216228099520372	0.7088653052862042	0.0654675078822362	0.03582492699791981	0.87129657	0.141672565	0.10333021425196956	0.06436328970666859	0.3822079306877586	1.2037329363915044	0.12986091836451769	0.34748480047034147	-0.46803728949537343	0.286409091407421	-0.5322629271636802	-0.3514302319182141	-0.06044132467356431	-0.045096498233455365	-0.2559463864098252	1.0533815375897397	0.36752949349533615	-0.38116171127020915	-0.14108201036966272	-0.07199253257393722	0.8383429890533572	-0.06807173819979365	-1.083999222705255	1.0533815375897397	0.36752949349533615	-0.46803728949537343	-0.38116171127020915	0.286409091407421	-0.14108201036966272	-0.5322629271636802	-0.3514302319182141	-0.07199253257393722	-0.06044132467356431	0.8383429890533572	-0.045096498233455365	-0.06807173819979365	-0.2559463864098252	-1.083999222705255
R95-1A10	0.02906250094335751	0.2126855627193583	0.255335523197621	0.06938625207175765	0.21133651886382132	0.7445463105517363	0.04015503829076963	0.380552985	0.227772432	0.08585026552741501	0.01243179482860889	0.2469245217880293	0.5596190927083735	2.150670379715036	0.8455806457046999	-0.5499855331568091	-0.7375437192242403	0.2071878941735515	-0.48080309818400563	-0.7754398630659189	4.942322895765233	-0.22653189074722963	-0.5433230962242405	1.3233681156255237	-0.4929763442064002	-0.5770432491184695	-0.5588846835460427	-0.8583279211406374	12.595635054175464	0.41537679151091333	-0.5433230962242405	1.3233681156255237	-0.5499855331568091	-0.4929763442064002	-0.7375437192242403	-0.5770432491184695	0.2071878941735515	-0.48080309818400563	-0.5588846835460427	-0.7754398630659189	-0.8583279211406374	4.942322895765233	12.595635054175464	-0.22653189074722963	0.41537679151091333
AG11-E04	0.0333049136408735	0.34305562388090716	0.03458090168531926	0.3000851191653914	0.2362577511834872	0.4667143209734396	0.04269302693703628	0.313660416	0.131191853	0.07576584095918572	0.01581702872158388	0.4032387769782197	0.8857229458053183	0.6272449655204033	0.483219639984133	-0.5136128904145004	-0.48646669048959507	-0.49217936127776485	0.4298067182121496	-0.7396255641353439	2.901816480826487	-0.20929130477185284	-0.7609676628669637	0.2511777537531212	-0.5574837549109473	-0.5486244492186934	0.0036985966665739394	6.676223924266183e-4	3.0488602916896594	-0.6754080557488168	-0.7609676628669637	0.2511777537531212	-0.5136128904145004	-0.5574837549109473	-0.48646669048959507	-0.5486244492186934	-0.49217936127776485	0.4298067182121496	0.0036985966665739394	-0.7396255641353439	6.676223924266183e-4	2.901816480826487	3.0488602916896594	-0.20929130477185284	-0.6754080557488168
W85-3F09	0.06888566163623586	1.084568243435311	0.06308206497147385	0.320400386843913	0.8015089606975985	0.222364419155756	0.0907568708993096	0.58083619	0.140666136	0.14051508672232224	0.20590292281988065	0.3908434766945223	0.6101727083934074	0.1527262351495498	0.4663845171878036	-0.20855868479768602	0.9415972655153116	-0.40188553092415213	0.5099947243512044	0.07269685751442388	1.1072155678595328	0.11720693837734324	0.10832703486940443	0.3563566108632194	-0.14329986558807795	1.0471332322105649	-0.040912745301810265	-0.725163807406545	0.07521721259861999	-0.7260854094322698	0.10832703486940443	0.3563566108632194	-0.20855868479768602	-0.14329986558807795	0.9415972655153116	1.0471332322105649	-0.40188553092415213	0.5099947243512044	-0.040912745301810265	0.07269685751442388	-0.725163807406545	1.1072155678595328	0.07521721259861999	0.11720693837734324	-0.7260854094322698
034-100809-1F06	1.661457368139582	0.5860638825018043	0.02501910242428627	0.11393769240913049	0.5363875588357652	0.04811075117397774	0.0505962941832435	0.806412199	0.10034639	6.288274858975963	0.07545906156778719	0.2105118569887429	0.669913102968911	0.08895987691509279	0.940165764238882	13.445474020712476	-0.01846206589323562	-0.522471860979713	-0.30495057052796987	-0.30830906616455805	-0.17257128419848786	-0.15560431974729522	0.8422709311458361	-0.09125349359000985	39.182301893689385	-0.04793378775820239	-0.6899357919631245	-0.5678006477200849	-0.32438427351034643	0.7000984156497753	0.8422709311458361	-0.09125349359000985	13.445474020712476	39.182301893689385	-0.01846206589323562	-0.04793378775820239	-0.522471860979713	-0.30495057052796987	-0.6899357919631245	-0.30830906616455805	-0.5678006477200849	-0.17257128419848786	-0.32438427351034643	-0.15560431974729522	0.7000984156497753
051-10-2A05	1.6921802608960914	0.5153305758685408	0.4772690192685842	0.13118561834257755	0.4890410508441813	0.03656062056841397	0.09231000557912183	0.340689755	0.120497982	0.33041220838660745	0.05245536926477708	0.23138767824534395	0.48098541480190093	0.11506158210797268	0.8964167489002532	13.708879040902303	-0.1546858913929381	0.9102899129515173	-0.23686991254582176	-0.37635072513145196	-0.25739994496503876	0.1277574000659842	-0.673023832016421	0.1324596270238666	1.0714220588935603	-0.24104816306677193	-0.6148026060270032	-1.065458190384019	-0.16081400740384033	0.568404435722174	-0.673023832016421	0.1324596270238666	13.708879040902303	1.0714220588935603	-0.1546858913929381	-0.24104816306677193	0.9102899129515173	-0.23686991254582176	-0.6148026060270032	-0.37635072513145196	-1.065458190384019	-0.25739994496503876	-0.16081400740384033	0.1277574000659842	0.568404435722174
K77-2H03	0.055160376529286	0.5664212599145096	0.8073336633983559	0.08397940483103694	0.8525540228927438	0.06431912923099871	0.05110129805925836	0.90969824	0.159681392	0.13602491282721224	0.0588531085591681	0.19845403548099672	0.6308082639519805	0.08196269720349826	0.5666194469837873	-0.3262334437912467	-0.056291390140178234	1.9559595469785915	-0.4232013061935192	0.1460537081282718	-0.05353063862234831	-0.15217382262701062	1.1783268783122176	0.5674546848531918	-0.1720223266097241	-0.18733959267949796	-0.7333325299496405	-0.6708073498093584	-0.3682331538406925	-0.4243566338147443	1.1783268783122176	0.5674546848531918	-0.3262334437912467	-0.1720223266097241	-0.056291390140178234	-0.18733959267949796	1.9559595469785915	-0.4232013061935192	-0.7333325299496405	0.1460537081282718	-0.6708073498093584	-0.05353063862234831	-0.3682331538406925	-0.15217382262701062	-0.4243566338147443
K77-1G04	0.03869626663400703	0.5619157098507188	0.3982524299827441	0.20278441457082835	0.5888250101752641	0.04823804247519522	0.04540146352314373	0.938311343	0.098747405	0.1283178961617972	0.01738360697644684	0.1920942533189455	0.962133539786749	0.0564420684810296	1.016920853200838	-0.46738972206698426	-0.06496853666256891	0.6599594111238016	0.04574338117759758	-0.2329512133368583	-0.17163640727126864	-0.19089286398673372	1.2714237124723557	-0.10900464318478026	-0.2213220844669057	-0.5354731352002798	-0.7562217226583359	0.20194202956495033	-0.5281620167441878	0.9311478019469781	1.2714237124723557	-0.10900464318478026	-0.46738972206698426	-0.2213220844669057	-0.06496853666256891	-0.5354731352002798	0.6599594111238016	0.04574338117759758	-0.7562217226583359	-0.2329512133368583	0.20194202956495033	-0.17163640727126864	-0.5281620167441878	-0.19089286398673372	0.9311478019469781
56.b.16	0.2037232667926351	0.8501243084845864	0.29567791321657516	0.0698700473184429	0.39032441262615897	0.14957163420925018	0.02233171104454492	0.57220224	3.311116346	0.07709958189944002	0.4621133559095012	0.3035604543739177	0.9569569253682566	0.1741325039274702	0.6429735510607447	0.9474816135574907	0.49008649634151097	0.33499562201462096	-0.4788934715512117	-0.5182163899273201	0.5725969846285225	-0.3476059570980876	0.08023524030602117	35.55314454851199	-0.5489521650295069	3.1980017572240813	-0.35504896367966116	0.1883062240574575	0.2093628193502802	-0.19451429857886332	0.08023524030602117	35.55314454851199	0.9474816135574907	-0.5489521650295069	0.49008649634151097	3.1980017572240813	0.33499562201462096	-0.4788934715512117	-0.35504896367966116	-0.5182163899273201	0.1883062240574575	0.5725969846285225	0.2093628193502802	-0.3476059570980876	-0.19451429857886332
K77-2F01	0.07116467476861874	0.21599945805715812	0.0829485017661461	0.0442022013083659	0.3163555475506695	0.05160513192240938	0.04882361220466132	0.719941776	0.125048111	0.07273954157565203	0.02526850851233166	0.17939831369644693	0.7215154827307988	0.09128336204779408	0.8457135009212444	-0.18901939515768287	-0.7311615561145571	-0.3389471639649231	-0.5802090646314086	-0.6245170339479792	-0.146907190066506	-0.16764616875387117	0.5609270087551744	0.18297293424970232	-0.5768421958341465	-0.46927994262863654	-0.8019150815238861	-0.43187396721568444	-0.309823804045151	0.41577671439113045	0.5609270087551744	0.18297293424970232	-0.18901939515768287	-0.5768421958341465	-0.7311615561145571	-0.46927994262863654	-0.3389471639649231	-0.5802090646314086	-0.8019150815238861	-0.6245170339479792	-0.43187396721568444	-0.146907190066506	-0.309823804045151	-0.16764616875387117	0.41577671439113045
AG11-2F01	1.8666736357338731	0.31102190083266873	0.03828340667221114	0.9429169046217396	0.31557670617310596	0.10296295626674024	0.04674557934560137	111.0904525	0.251094897	0.1240172847733326	0.0336840527735608	0.1914806531998086	0.747805412422766	0.05139115078558357	1.0082271577867157	15.204911048252868	-0.5481597811470719	-0.4804495468202538	2.967179101104842	-0.6256363067655417	0.2302846883452188	-0.18176226979277116	359.6672124417607	1.582282717784892	-0.24883196400830732	-0.39863204178376976	-0.7584301019730879	-0.36262322935799984	-0.5598143530732158	0.9049779021103251	50	1.582282717784892	15.204911048252868	-0.24883196400830732	-0.5481597811470719	-0.39863204178376976	-0.4804495468202538	2.967179101104842	-0.7584301019730879	-0.6256363067655417	-0.36262322935799984	0.2302846883452188	-0.5598143530732158	-0.18176226979277116	0.9049779021103251
R95-1E01	0.21541484648072456	0.4196043916677621	0.0715813779376822	0.08422760930516923	0.31792969524283465	0.07140153693219381	0.08998329440170788	1.158458203	0.818305433	0.0692400715760588	0.06096688366248522	0.41849396613724127	0.7000449127991757	0.08333135212873811	0.8919280140880721	1.0477202469504898	-0.3390429875475083	-0.3749590677693698	-0.42222159860559	-0.6222548265545034	-0.0015146761356832877	0.11195202435909032	1.987703093855604	7.879176732591735	-0.5992273846949165	-0.16959459969128632	0.05860283010903285	-0.48842994995930583	-0.3596562716532969	0.5548923749893749	1.987703093855604	7.879176732591735	1.0477202469504898	-0.5992273846949165	-0.3390429875475083	-0.16959459969128632	-0.3749590677693698	-0.42222159860559	0.05860283010903285	-0.6222548265545034	-0.48842994995930583	-0.0015146761356832877	-0.3596562716532969	0.11195202435909032	0.5548923749893749
56.f.01	0.04297202595971465	0.3066200807221148	0.1786349096429955	0.02937378315550591	0.3674167829814622	0.01626578488726886	0.00982212188335195	0.42223446	0.041329607	0.07165509558644145	0.04322144188131753	0.1779833800329481	0.5379046927297692	0.04393815844176943	0.7858307204015164	-0.4307311795123861	-0.556637156278566	-0.035805422232017964	-0.6387394913375823	-0.5511369407798018	-0.4064531280069217	-0.43258373970851843	-0.4077064395608599	-0.7464289602986433	-0.5837791115044065	-0.3185663325333382	-0.8070075026899909	-0.9155261806367327	-0.6065196519017374	0.23551661859851047	-0.4077064395608599	-0.7464289602986433	-0.4307311795123861	-0.5837791115044065	-0.556637156278566	-0.3185663325333382	-0.035805422232017964	-0.6387394913375823	-0.8070075026899909	-0.5511369407798018	-0.9155261806367327	-0.4064531280069217	-0.6065196519017374	-0.43258373970851843	0.23551661859851047
039-10-4B05	0.06315989961087315	0.4645624318009366	0.02478302137346696	0.10629685433467197	0.4422052758203539	0.07175684819702968	0.01353020313171022	0.377514863	0.05059305	0.05641477370228619	0.05807095862381492	0.3285233222957516	0.8236198730960971	0.0697683575832042	0.8030688950601508	-0.257648934008456	-0.25245921951212413	-0.5232197835167112	-0.3351103291941078	-0.44365840983309685	0.0010948682738645525	-0.40739470127052435	-0.5532080618636634	-0.6435907457715346	-0.6812674407986704	-0.19390568625151128	-0.26520628041387456	-0.16291910677471388	-0.44465081935124745	0.2874072453911601	-0.5532080618636634	-0.6435907457715346	-0.257648934008456	-0.6812674407986704	-0.25245921951212413	-0.19390568625151128	-0.5232197835167112	-0.3351103291941078	-0.26520628041387456	-0.44365840983309685	-0.16291910677471388	0.0010948682738645525	-0.44465081935124745	-0.40739470127052435	0.2874072453911601
AG12-C06	0.01258678894599419	0.5032672068299184	0.03741928150436223	0.07003266257598972	0.35544653834617146	0.0147117560653616	0.01423708696267564	0.341203855	0.049370577	0.08936762099465433	0.01244525977892523	0.21563835231071227	0.4669918587391636	0.0404814852032062	0.5283789169554065	-0.6912412829230079	-0.1779184865743856	-0.483187160388046	-0.4782515999560737	-0.5683393774065858	-0.4178665213491158	-0.4025928313014486	-0.6713511339367431	-0.6571620432499774	-0.4704767467148468	-0.5769302118097345	-0.6714852638860848	-1.1023188474474546	-0.6281814152730156	-0.5394688838847881	-0.6713511339367431	-0.6571620432499774	-0.6912412829230079	-0.4704767467148468	-0.1779184865743856	-0.5769302118097345	-0.483187160388046	-0.4782515999560737	-0.6714852638860848	-0.5683393774065858	-1.1023188474474546	-0.4178665213491158	-0.6281814152730156	-0.4025928313014486	-0.5394688838847881
AG7-3B02	0.16306914425968635	0.8369736789242836	0.9182914233706294	0.22612880259666357	0.6841263596963876	0.103195809027021	0.05799737125216275	0.939967327	0.228178432	0.0842138785182793	0.0611318897998075	0.37384083756081954	0.5157317128649219	0.2267919052192203	0.7265123680442538	0.5989304516776512	0.4647599684057808	2.3074820815068686	0.13788786875957856	-0.09599365937419439	0.2319948497697915	-0.10532871835530776	1.2768116939093863	1.3278753290987437	-0.5034438813629043	-0.1682093848000707	-0.10210614371881006	-0.9739323929824972	0.5393608872408974	0.05695557341361174	1.2768116939093863	1.3278753290987437	0.5989304516776512	-0.5034438813629043	0.4647599684057808	-0.1682093848000707	2.3074820815068686	0.13788786875957856	-0.10210614371881006	-0.09599365937419439	-0.9739323929824972	0.2319948497697915	0.5393608872408974	-0.10532871835530776	0.05695557341361174
K77-2G05	0.10431275117522296	1.397190769986708	0.05002594179518922	0.2347396158422317	1.494124117112433	0.2328681329527142	0.0614203129493109	0.705998616	0.089482085	0.2162560943912256	0.05660201263742268	0.7334909565358366	0.7038798250474728	0.3188039761117454	1.168978660197924	0.0951781185443935	1.5436705819094665	-0.44324831178046903	0.17187629344215805	1.068053986628511	1.1843589357485416	-0.08207663615817383	0.5155609380361661	-0.2118636952480693	0.3411954326629458	-0.20623738425840252	1.1922936755148263	-0.4783283442903035	1.1159683850915183	1.388874624539666	0.5155609380361661	-0.2118636952480693	0.0951781185443935	0.3411954326629458	1.5436705819094665	-0.20623738425840252	-0.44324831178046903	0.17187629344215805	1.1922936755148263	1.068053986628511	-0.4783283442903035	1.1843589357485416	1.1159683850915183	-0.08207663615817383	1.388874624539666
R95-2C10	0.03164348645968443	0.10918050471089326	0.41294097557904885	0.02412536175586594	0.2653001175931968	0.02053526853641697	0.02066463184706616	0.145554379	0.13875382	0.06993680917032724	0.01330628043799385	0.0946703680334405	0.5408714885627334	0.08311815598426109	0.6609055631690235	-0.5278572606850152	-0.9368819890097367	0.7064938290666066	-0.6594559521824293	-0.6978887840713887	-0.375096376080025	-0.35893044520175704	-1.3079247631824051	0.33512701371973586	-0.594770537619242	-0.5697020040718813	-1.1068554437370046	-0.9077112947502691	-0.3609922973967223	-0.1405350712895118	-1.3079247631824051	0.33512701371973586	-0.5278572606850152	-0.594770537619242	-0.9368819890097367	-0.5697020040718813	0.7064938290666066	-0.6594559521824293	-1.1068554437370046	-0.6978887840713887	-0.9077112947502691	-0.375096376080025	-0.3609922973967223	-0.35893044520175704	-0.1405350712895118
024-10128-3E05	0.2291526944653391	0.40686918856589854	0.08489272190711815	0.06987375060303566	0.6625106066628227	0.05011043963033824	0.3366302562378405	0.417346861	0.091405512	0.03999511479000561	0.02190536902928089	0.33399495504754856	0.8222973670925463	0.03318433150301644	1.1462113996588448	1.165502714715849	-0.3635694541814843	-0.3327877282318459	-0.4788788540225452	-0.1270576545580391	-0.15788479280750045	1.7874276642349651	-0.4236089438626217	-0.19051074921566727	-0.7862996787728637	-0.4975132615145768	-0.24551358445419158	-0.16640274167371066	-0.6739101277743623	1.3203402557262824	-0.4236089438626217	-0.19051074921566727	1.165502714715849	-0.7862996787728637	-0.3635694541814843	-0.4975132615145768	-0.3327877282318459	-0.4788788540225452	-0.24551358445419158	-0.1270576545580391	-0.16640274167371066	-0.15788479280750045	-0.6739101277743623	1.7874276642349651	1.3203402557262824
W85-3F01	0.4072819322208434	1.5233660250110086	0.3667375937921637	0.453375512766025	2.1924130178718855	0.37599786539264823	0.47135552165151257	0.640621216	0.289618975	0.2581456271203229	0.2297837604008145	1.654637473820492	2.5731064362050304	0.5097006180615746	0.9505704340910368	2.6927070648806257	1.7866689194808616	0.5601180381930165	1.0348714024496881	2.07156485282138	2.235559474806145	2.7026179369876018	0.3028461910329828	2.00995819415184	0.6091517522025467	1.2476111802956205	4.507548759703402	4.445432333754861	2.312250937968165	0.7314187178795978	0.3028461910329828	2.00995819415184	2.6927070648806257	0.6091517522025467	1.7866689194808616	1.2476111802956205	0.5601180381930165	1.0348714024496881	4.507548759703402	2.07156485282138	4.445432333754861	2.235559474806145	2.312250937968165	2.7026179369876018	0.7314187178795978
R95-1H04	0.16255110570150105	0.8258738905159707	0.4103554004785087	0.2652301225803316	0.9239567510144404	0.07160777273780694	0.0256032215809033	0.722040258	0.145596223	0.2918119527095936	0.0931187866197637	0.4340434619951131	0.8796351879825594	0.1353204506002129	0.7181440081251405	0.5944890093317317	0.44338311341075964	0.6983025325517689	0.2922277936137557	0.2486665571482234	0	-0.3253825485125506	0.5677547208960786	0.4110880260123502	0.8245063792322394	0.10031835918462922	0.11456628894220408	-0.015368240999545901	-0.033858757323229585	0.03176500364456887	0.5677547208960786	0.4110880260123502	0.5944890093317317	0.8245063792322394	0.44338311341075964	0.10031835918462922	0.6983025325517689	0.2922277936137557	0.11456628894220408	0.2486665571482234	-0.015368240999545901	0	-0.033858757323229585	-0.3253825485125506	0.03176500364456887
013-10-3F02	0.0777361285703592	0.9806921702328196	0.0709632073407614	1.1048185434554418	0.19722482778589276	0.1077244868254494	0.0877730836630668	0.998607817	0.181029395	0.1131143058686058	5.120666521029486	2.5445821019905708	1.063684349040169	0.11552762130856256	1.3216439716519282	-0.1326785442149533	0.7415444651719435	-0.3769174787453552	3.6062339151571243	-0.7957197720286084	0.26525522454848366	0.09693803746860716	1.4676069380532755	0.8044497753653655	-0.31857545143802396	42.306227187894855	7.710506593039515	0.4694386928593018	-0.1578935025750085	1.8484301666849212	1.4676069380532755	0.8044497753653655	-0.1326785442149533	-0.31857545143802396	0.7415444651719435	42.306227187894855	-0.3769174787453552	3.6062339151571243	7.710506593039515	-0.7957197720286084	0.4694386928593018	0.26525522454848366	-0.1578935025750085	0.09693803746860716	1.8484301666849212
C1-E04	0.03523944262993339	0.3399159577012004	0.03219236651793333	0.12876160647401494	0.201713003546273	0.0274083347978453	0.03477897728152301	0.240589419	0.062566832	0.17347283029762392	0.01690541260298999	0.20700813039709007	0.738946466372338	0.06898707365143161	0.5438899252439567	-0.4970270613566829	-0.49251330923469633	-0.4997464204546916	-0.24643792226508068	-0.7892698153702303	-0.32461789871667124	-0.26305153482646054	-0.9987146310872563	-0.5106636729739977	0.06752214872943697	-0.5394875432565948	-0.7025458894651206	-0.3859587254137771	-0.4495468527590433	-0.4927774006960097	-0.9987146310872563	-0.5106636729739977	-0.4970270613566829	0.06752214872943697	-0.49251330923469633	-0.5394875432565948	-0.4997464204546916	-0.24643792226508068	-0.7025458894651206	-0.7892698153702303	-0.3859587254137771	-0.32461789871667124	-0.4495468527590433	-0.26305153482646054	-0.4927774006960097
AG2-G02	0.1874472157352612	0.5489848086603302	0.12335747849710713	0.11218848995077836	0.7679062017625389	0.06854107577990265	0.05512707976745232	0.4305905	11.50513169	0.04727307149927456	0.05178314428744078	0.30970632203965703	0.610500684561265	0.13914865530288364	0.7340950773020849	0.80793767180188	-0.08987189423421996	-0.21092848440874684	-0.3118549864425623	0.02440633809084794	-0.022523017686965702	-0.12482664132251038	-0.38051886503895355	126.51909616981445	-0.7397445045675037	-0.24669144436505852	-0.33292966056851875	-0.7242998799677882	-0.009868736085197774	0.07978116509992159	-0.38051886503895355	50	0.80793767180188	-0.7397445045675037	-0.08987189423421996	-0.24669144436505852	-0.21092848440874684	-0.3118549864425623	-0.33292966056851875	0.02440633809084794	-0.7242998799677882	-0.022523017686965702	-0.009868736085197774	-0.12482664132251038	0.07978116509992159
K77-2B11	0.1094868309548818	0.7853995604992161	0.4242840197964786	0.14976967882292735	1.2551720928246155	0.11335358233132203	0.09992831139052372	0.749755485	0.151201908	0.2225370117211739	0.12583207728827628	0.441576652462209	1.4704398921976594	0.2535164156517665	0.9107534365391752	0.1395384787365845	0.36543443079075466	0.7424294468510103	-0.16351529180103108	0.7246560712229919	0.3065974958523395	0.1795086387964617	0.6579301867212839	0.4733195998020735	0.38137280828443115	0.37494412832303886	0.1416786402647927	1.540880184768888	0.7068340561666622	0.6115609602641422	0.6579301867212839	0.4733195998020735	0.1395384787365845	0.38137280828443115	0.36543443079075466	0.37494412832303886	0.7424294468510103	-0.16351529180103108	0.1416786402647927	0.7246560712229919	1.540880184768888	0.3065974958523395	0.7068340561666622	0.1795086387964617	0.6115609602641422
039-10-5B02	0.02432947823940313	0.18083214436944653	0.18942408150459103	0.02527995309035077	0.13150155735791563	0.02174938123240023	0.02750489946880645	0.507002193	0.185790117	0.02845559308949234	0.02351798160990796	0.14884130515011298	0.7200089789381426	0.02230825327313664	0.9265726785562568	-0.5905644575040246	-0.7988895647587233	-0.0016245137566039966	-0.6548985730485252	-0.8901706733167093	-0.36617945924704	-0.31246442881485414	-0.13190246327657215	0.8573009831009694	-0.8601149629898935	-0.483975492576423	-0.911891373069178	-0.43584227372883255	-0.7420667097719975	0.6591802935118082	-0.13190246327657215	0.8573009831009694	-0.5905644575040246	-0.8601149629898935	-0.7988895647587233	-0.483975492576423	-0.0016245137566039966	-0.6548985730485252	-0.911891373069178	-0.8901706733167093	-0.43584227372883255	-0.36617945924704	-0.7420667097719975	-0.31246442881485414	0.6591802935118082
AG12-3A03	0.17965244888505155	0.4300513823169934	1.7437663314315477	0.12076127502381322	0.41631364196712795	0.05056325462156122	0.0637045579315767	1.101662428	0.191514195	0.08649449580422638	0.1999028436842177	0.5519441150147778	1.5081730722493345	0.37797136673341136	1.3048973496318226	0.7411086548916983	-0.31892334237700154	4.92264871738326	-0.2780166657793249	-0.4808672726503936	-0.15455914302982954	-0.06655973380185061	1.8029098945241118	0.9208468980846211	-0.4888553726255822	0.9967629908239719	0.5388969812025414	1.640273777331206	1.4867497481211454	1.7980192194418734	1.8029098945241118	0.9208468980846211	0.7411086548916983	-0.4888553726255822	-0.31892334237700154	0.9967629908239719	4.92264871738326	-0.2780166657793249	0.5388969812025414	-0.4808672726503936	1.640273777331206	-0.15455914302982954	1.4867497481211454	-0.06655973380185061	1.7980192194418734
042-10-2C02	0.01847302376545181	0.6311170409256139	0.4889143042222637	0.11073850195052792	0.5077620133913983	0.07931761786288553	0.02134393358648652	0.540971743	0.061498384	0.19410734893978565	0.07425908065718384	0.3169679262699525	1.290223709453654	0.1387380465839966	0.8606363459320531	-0.6407752082031137	0.06830488850854435	0.9471830521356926	-0.31757834921117434	-0.3494468328867239	0.056624107467918544	-0.3543159406968108	-0.02137766060681226	-0.5225250602179263	0.19951573544672876	-0.05800754291371934	-0.3067947624908301	1.0661697623697384	-0.012441877453460783	0.46069769915169256	-0.02137766060681226	-0.5225250602179263	-0.6407752082031137	0.19951573544672876	0.06830488850854435	-0.05800754291371934	0.9471830521356926	-0.31757834921117434	-0.3067947624908301	-0.3494468328867239	1.0661697623697384	0.056624107467918544	-0.012441877453460783	-0.3543159406968108	0.46069769915169256
C2-3-G05	0.05119467171014771	0.3622986915511727	0.07503622023611006	0.05430900361026353	0.5991555252322462	0.14208267136277072	0.05827949022931707	0.858611633	0.184171328	0.03567272347646534	0.0324814339387938	0.21923244116233273	0.5379530815095657	0.23568633623680307	0.674038250584198	-0.3602337108309021	-0.4494068608681069	-0.36401386734857605	-0.5403157027591637	-0.21810523182150587	0.5175951227022779	-0.10341228090864338	1.0121092758493475	0.8393299791820027	-0.8139488787645759	-0.40872794212668817	-0.6585499478263942	-0.9153987189529549	0.5950991785770834	-0.10100284731915034	1.0121092758493475	0.8393299791820027	-0.3602337108309021	-0.8139488787645759	-0.4494068608681069	-0.40872794212668817	-0.36401386734857605	-0.5403157027591637	-0.6585499478263942	-0.21810523182150587	-0.9153987189529549	0.5175951227022779	0.5950991785770834	-0.10341228090864338	-0.10100284731915034
K77-2H12	0.1309808153214867	0.3059997139463069	0.11968210292102528	0.1348791122828788	0.6556505506560995	0.17413622931377498	0.14763532193788126	0.495987163	0.346314053	0.3898472098100553	0.10733875964523548	0.5414034990137591	2.504321425716736	0.16073601585960226	1.0543776572917176	0.32381876220194367	-0.557831907937097	-0.22257235085098992	-0.22229102934102063	-0.13691623993430857	0.7530089449907403	0.5035829084665832	-0.16774144310266617	2.639359227222931	1.451612125377532	0.21969403033979246	0.5009607461605127	4.264244601962699	0.12541170956793793	1.0439008677683448	-0.16774144310266617	2.639359227222931	0.32381876220194367	1.451612125377532	-0.557831907937097	0.21969403033979246	-0.22257235085098992	-0.22229102934102063	0.5009607461605127	-0.13691623993430857	4.264244601962699	0.7530089449907403	0.12541170956793793	0.5035829084665832	1.0439008677683448
01.q.01	0.08963591604481075	0.6594995758446616	17.284396425452066	0.08028696409267617	0.6713599630117275	0.04032659858377271	0.03669034908530076	0.947803631	0.333244072	0.14476278553589522	0.03492610519101125	0.3561605967405874	1.8575904115088584	0.2048005734761026	1.1664649914601453	-0.030654825784388447	0.12296623078252945	54.15653447879007	-0.4377760322213141	-0.1143402459821895	-0.22974113465121704	-0.2500675642470748	1.3023082328173274	2.494262689149211	-0.11612845386671658	-0.38820509929397407	-0.16573826648005774	2.560679759679054	0.4015488953163447	1.3813079390329095	1.3023082328173274	2.494262689149211	-0.030654825784388447	-0.11612845386671658	0.12296623078252945	-0.38820509929397407	50	-0.4377760322213141	-0.16573826648005774	-0.1143402459821895	2.560679759679054	-0.22974113465121704	0.4015488953163447	-0.2500675642470748	1.3813079390329095
W85-1C01	0.10388430215331274	0.489241893378204	0.0141143195564078	0.11837328861595948	1.3594749169890363	0.08264298478074492	0.01745083282874404	0.828520973	0.108565935	0.06384042920474221	0.15057353059965467	0.3461442803884721	1.0166481573395978	0.10184164055161488	0.6674864044581852	0.09150477879214435	-0.20492955028912072	-0.5570190338241815	-0.28744247654210436	0.8745496429377413	0.08104689815597549	-0.38076181878353726	0.9142049980857962	-4.124211343092641e-6	-0.6337674762735235	0.5826468847986925	-0.20178751932756084	0.34553988371660127	-0.2436587618866152	-0.12072531845431221	0.9142049980857962	-4.124211343092641e-6	0.09150477879214435	-0.6337674762735235	-0.20492955028912072	0.5826468847986925	-0.5570190338241815	-0.28744247654210436	-0.20178751932756084	0.8745496429377413	0.34553988371660127	0.08104689815597549	-0.2436587618866152	-0.38076181878353726	-0.12072531845431221
K77-1E03	0.03563720982203061	0.3129023923157118	0.02070761379530941	0.06900600943821383	0.22552086822683848	0.03240822988202462	0.04578047296191098	0.59808345	0.091595678	0.0845653435281288	0.06147622143731891	0.24096209799400148	0.6048704949481203	0.03889810482816153	0.8857726635562071	-0.49361677456840447	-0.5445381811423116	-0.5361309814488583	-0.4823039840751218	-0.7550555368934956	-0.2878967205371029	-0.18831824852335963	0.16444346879608426	-0.18839961927145943	-0.5011956521669552	-0.16531874497577206	-0.5803437624507826	-0.7391304553842024	-0.6381039068259631	0.5363634411810058	0.16444346879608426	-0.18839961927145943	-0.49361677456840447	-0.5011956521669552	-0.5445381811423116	-0.16531874497577206	-0.5361309814488583	-0.4823039840751218	-0.5803437624507826	-0.7550555368934956	-0.7391304553842024	-0.2878967205371029	-0.6381039068259631	-0.18831824852335963	0.5363634411810058
AG1-E04	0.02300344176874707	0.29015822882725045	0.11640542536512252	0.06055154634015659	0.2922082875445743	0.01951923715412494	0.00744898677617171	0.382500599	0.070586036	0.11349931625109128	0.02691459402342663	0.24218562244044445	0.827129208997605	0.10726507265106196	0.7608396773022247	-0.6019333304188839	-0.5883406994418284	-0.232953111958376	-0.5156752666758522	-0.6592190573920673	-0.382558506544169	-0.4487044737026244	-0.5369862547580785	-0.4216383914141448	-0.3161126413192641	-0.45546117079877696	-0.5759402331906859	-0.15367510713617008	-0.20967200794997526	0.16028818424831023	-0.5369862547580785	-0.4216383914141448	-0.6019333304188839	-0.3161126413192641	-0.5883406994418284	-0.45546117079877696	-0.232953111958376	-0.5156752666758522	-0.5759402331906859	-0.6592190573920673	-0.15367510713617008	-0.382558506544169	-0.20967200794997526	-0.4487044737026244	0.16028818424831023
014-10-3F03	0.1537129418864754	0.37231558739057447	0.03758458787229693	0.934856291346593	0.3881560224742404	0.04361908705611793	0.01832455535839739	0.268416281	0.411690191	0.5043775218004034	0.7889413100740418	1.1994303558990649	1.116805808756144	0.1951749900560629	0.4333560961757468	0.5187143504612847	-0.4301155264766554	-0.4826634573730915	2.935362414412824	-0.5213325830634694	-0.2055598160812077	-0.3748266116212553	-0.9081759447794115	3.3651331435300604	2.1842323977287346	5.941699393694563	2.869234242164511	0.609366806951313	0.34122872734985676	-0.8255080862659038	-0.9081759447794115	3.3651331435300604	0.5187143504612847	2.1842323977287346	-0.4301155264766554	5.941699393694563	-0.4826634573730915	2.935362414412824	2.869234242164511	-0.5213325830634694	0.609366806951313	-0.2055598160812077	0.34122872734985676	-0.3748266116212553	-0.8255080862659038
W85-3B05	0.03865218891382905	0.2657068081737005	0.11294197438566408	0.04842303908409276	0.26980496642790613	0.01945267793836637	0.03481582863335528	0.636673048	0.073361247	0.04888269212881908	0.00633470094831942	0.24015769627894745	0.7404111909611542	0.0973646370729318	0.4862000259370672	-0.46776762569947805	-0.6354311893237565	-0.24392558532858377	-0.563548660701325	-0.6914148665405924	-0.38304734336578483	-0.26280120317091604	0.29000026021826614	-0.390829355920971	-0.7294481848988872	-0.6282279224474433	-0.583238846810895	-0.38210047019125337	-0.2717145783536445	-0.6664364506778414	0.29000026021826614	-0.390829355920971	-0.46776762569947805	-0.7294481848988872	-0.6354311893237565	-0.6282279224474433	-0.24392558532858377	-0.563548660701325	-0.583238846810895	-0.6914148665405924	-0.38210047019125337	-0.38304734336578483	-0.2717145783536445	-0.26280120317091604	-0.6664364506778414
R95-2E07	0.02553528174861199	0.36721233243155393	0.01723946582042693	0.06254135103121708	0.3779774851316425	0.0166911544510229	0.02115857189378822	0.647087704	0.109437853	0.06615625990839921	0.0126801551650325	0.22119316418105409	0.8721003947887778	0.05057482794794418	0.6263435984602626	-0.580226410881744	-0.4399437806062479	-0.547118335254076	-0.5078211505840926	-0.5359601574300933	-0.4033290481452857	-0.35557510480071935	0.3238858371326921	0.009675483072260588	-0.6189537165679231	-0.5749582816015985	-0.6514932018749867	-0.035215764153396924	-0.5649299630609462	-0.2445740456843282	0.3238858371326921	0.009675483072260588	-0.580226410881744	-0.6189537165679231	-0.4399437806062479	-0.5749582816015985	-0.547118335254076	-0.5078211505840926	-0.6514932018749867	-0.5359601574300933	-0.035215764153396924	-0.4033290481452857	-0.5649299630609462	-0.35557510480071935	-0.2445740456843282
024-10-4C04	0.08450734120399644	0.5585484891316305	0.13630898887048754	0.12398306665061638	0.5670396435404796	0.11399879856066988	0.03163968777520129	0.66610743	0.069873456	0.11884581439526395	0.8893321289746627	0.1574637640267435	0.5514385449596486	0.04386510109085591	0.6730851220963687	-0.07462504597804222	-0.07145339803112205	-0.16989712478543062	-0.2652996762305242	-0.2642589601995466	0.31133621531011396	-0.2843767644388752	0.3857692433886742	-0.4295491061351969	-0.2819124993792065	6.784473241620373	-0.8808586870712753	-0.8798764370293016	-0.6069774767925503	-0.10387196981192057	0.3857692433886742	-0.4295491061351969	-0.07462504597804222	-0.2819124993792065	-0.07145339803112205	6.784473241620373	-0.16989712478543062	-0.2652996762305242	-0.8808586870712753	-0.2642589601995466	-0.8798764370293016	0.31133621531011396	-0.6069774767925503	-0.2843767644388752	-0.10387196981192057
W85-1B04	0.04292780923225896	0.29450276075848436	0.29177170666492447	0.0891613055079801	0.5229689553824894	0.03797787786520247	0.00975505637299336	0.577544394	0.102028196	0.15215167030247345	0.0519421421947715	0.3181045201245127	0.8313768212066883	0.09951273540999755	0.8979371476940945	-0.4311102749341779	-0.5799736544407119	0.3226204656689059	-0.4027474145751475	-0.3275929390141052	-0.24699105500925952	-0.43303931648937627	0.09761670449031194	-0.0725829057512355	-0.06886370206443047	-0.24535666814109017	-0.30270410103330686	-0.14248640168663798	-0.25825319665385293	0.5729811642882519	0.09761670449031194	-0.0725829057512355	-0.4311102749341779	-0.06886370206443047	-0.5799736544407119	-0.24535666814109017	0.3226204656689059	-0.4027474145751475	-0.30270410103330686	-0.3275929390141052	-0.14248640168663798	-0.24699105500925952	-0.25825319665385293	-0.43303931648937627	0.5729811642882519
024-10-4C05	0.07406601537331006	0.4687615438289966	0.06747743785559872	0.20464554013273	0.5435120971656633	0.11035685938605008	0.08393659159619882	0.21706656	0.152152355	0.16566287568018542	0.07188891219264976	0.2839680153042433	1.055891435764709	0.13345142115727895	0.6805913956347787	-0.16414453436208404	-0.24437223572201322	-0.3879606588213761	0.05308957766119629	-0.2980703932844871	0.28458839458612867	0.07087670286808226	-1.0752496263757894	0.4838709976443926	0.017563923876609218	-0.07790494009567858	-0.42556318917862235	0.44891125133664705	-0.04557131177446111	-0.08127646614065036	-1.0752496263757894	0.4838709976443926	-0.16414453436208404	0.017563923876609218	-0.24437223572201322	-0.07790494009567858	-0.3879606588213761	0.05308957766119629	-0.42556318917862235	-0.2980703932844871	0.44891125133664705	0.28458839458612867	-0.04557131177446111	0.07087670286808226	-0.08127646614065036
C1-2-2F04	0.04365382066439419	0.6224988990193111	0.20564933886272957	0.17411254245405433	0.7509231519808475	0.13146617407365133	0.03054854511180352	0.573334365	0.04202168	0.08098405709905393	0.13089806842689758	0.2928039813702623	1.3647375434083753	0.06715642735686547	0.7007803889900021	-0.42488576158983776	0.05170738564807749	0.04977832270415061	-0.06742964187583954	0	0.4396234288900972	-0.2917889090626831	0.08391877135728638	-0.738745904264033	-0.524104199200841	0.41747276682015466	-0.3937620795023483	1.2624478826397254	-0.4610188734311163	-0.020503238101077292	0.08391877135728638	-0.738745904264033	-0.42488576158983776	-0.524104199200841	0.05170738564807749	0.41747276682015466	0.04977832270415061	-0.06742964187583954	-0.3937620795023483	0	1.2624478826397254	0.4396234288900972	-0.4610188734311163	-0.2917889090626831	-0.020503238101077292
045-09-1F04	0.14984822786097396	0.4876267691075267	0.20689889739949213	0.15414528357682963	0.7585589322420826	0.0384698167299074	0.02982451960561487	0.657409718	0.096710739	0.08539553981663647	0.05611160675260077	0.41694960418733695	0.9458703486502203	0.11361293429840875	0.7044928419599072	0.48557993554850176	-0.20804008501853502	0.0537370181932627	-0.1462439948424902	0.010973378576799251	-0.2433780642564247	-0.2967072226281015	0.35746999001386065	-0.13161471322332507	-0.49588510493782767	-0.2103543070918138	0.053044589687801916	0.15910288928116015	-0.16989217704655074	-0.0093279532834286	0.35746999001386065	-0.13161471322332507	0.48557993554850176	-0.49588510493782767	-0.20804008501853502	-0.2103543070918138	0.0537370181932627	-0.1462439948424902	0.053044589687801916	0.010973378576799251	0.15910288928116015	-0.2433780642564247	-0.16989217704655074	-0.2967072226281015	-0.0093279532834286
008-10053-5D03	0.06567487860156426	0.5239502604732663	1.047882010704133	0.10391105506269602	0.9274537374310812	0.05973736537487732	0.07518827462423107	0.234181509	0.133770136	0.1982432831463225	0.03340455439854842	0.27579010941571436	0.5916194404596158	0.1229257248345426	0.553341700034047	-0.23608657342378664	-0.13808541748119804	2.718034815464948	-0.3445275069391998	0.2536920757612376	-0.08718089809873408	0.011449285366856937	-1.0195636852629983	0.27980059088458503	0.22597221838266138	-0.40097841093961234	-0.4549959054362719	-0.7740352767919867	-0.11153217278885592	-0.4643255182970178	-1.0195636852629983	0.27980059088458503	-0.23608657342378664	0.22597221838266138	-0.13808541748119804	-0.40097841093961234	2.718034815464948	-0.3445275069391998	-0.4549959054362719	0.2536920757612376	-0.7740352767919867	-0.08718089809873408	-0.11153217278885592	0.011449285366856937	-0.4643255182970178
K77-2F08	0.08719798661751507	0.6652091614869582	0.02590008594541441	0.21025550467176887	0.9010888335270154	0.06289133674580742	0.05000489366087509	0.606691962	0.096518301	0.13607128042240288	0.03646773032740207	0.16675726800423668	0.9696722324239596	0.07172711636162654	1.0054262522437798	-0.05155659617129748	0.1339622047477287	-0.5196808388799339	0.07523311413903144	0.21580307663052553	-0.06401690310778878	-0.15962171027690752	0.19245249717827548	-0.1337510658005653	-0.17172572530281682	-0.37526326494614004	-0.8474108742280663	0.221799824307119	-0.43237596250732	0.8965465718164793	0.19245249717827548	-0.1337510658005653	-0.05155659617129748	-0.17172572530281682	0.1339622047477287	-0.37526326494614004	-0.5196808388799339	0.07523311413903144	-0.8474108742280663	0.21580307663052553	0.221799824307119	-0.06401690310778878	-0.43237596250732	-0.15962171027690752	0.8965465718164793
150055-015-1G03	0.11797604758155036	0.33180477965707034	0.957456823368202	0.13749100756056035	0.6068786989662796	0.15000093833782477	0.15933662780440844	0.391607604	0.136658775	0.02568981985713642	0.05119520122435611	0.2763258323358318	0.7982427363116368	0.1153369367268289	0.8958054105060161	0.21232141277425487	-0.5081344607837034	2.4315610163772265	-0.21198141009919638	-0.2070062600991018	0.5757499614676753	0.583070013388347	-0.5073553079089881	0.31186884856948394	-0.8778068866696354	-0.25162718493439945	-0.4530678102838621	-0.22976544176419952	-0.15908845622060752	0.5665641751906748	-0.5073553079089881	0.31186884856948394	0.21232141277425487	-0.8778068866696354	-0.5081344607837034	-0.25162718493439945	2.4315610163772265	-0.21198141009919638	-0.4530678102838621	-0.2070062600991018	-0.22976544176419952	0.5757499614676753	-0.15908845622060752	0.583070013388347	0.5665641751906748
C1-B01	0.18849154001619353	1.0127195193137193	0.049715652116125	0.2655131926593046	0.8185604753083263	0.13529491820411377	0.06100914992345543	0.60256872	0.166538269	0.05940134717072913	0.01545233761097549	0.1850102587559306	0.8033330178593149	0.10578385768863176	0.8307517521104197	0.8168912641762641	0.803225280336363	-0.4442313328368591	0.2933451219989717	0.09720158639999214	0.46774321801598545	-0.08486967130732025	0.17903693799631193	0.6435763804162774	-0.662163116102236	-0.5516860053844622	-0.7817173941402504	-0.21635704709710493	-0.21895426456023445	0.3707386207946606	0.17903693799631193	0.6435763804162774	0.8168912641762641	-0.662163116102236	0.803225280336363	-0.5516860053844622	-0.4442313328368591	0.2933451219989717	-0.7817173941402504	0.09720158639999214	-0.21635704709710493	0.46774321801598545	-0.21895426456023445	-0.08486967130732025	0.3707386207946606
W85-2F03	0.05759995120058706	0.3501074793395575	0.26651632839488254	0.16812022396601656	0.643554837215734	0.05300989295155517	0.06650966780252109	0.461410793	0.15938915	0.21874028843095608	0.05742121669367284	0.29509407018852296	1.0701104675192123	0.197380885410752	1.124457591627426	-0.305317567781736	-0.47288566659615594	0.24260952653158066	-0.09108239798566763	-0.15429898776054563	-0.13659007757064576	-0.047504590284351306	-0.28024062166954794	0.5642103570703328	0.3570861683322415	-0.19936022395347638	-0.3855199286007064	0.4863658376424475	0.3550523027639269	1.2548565977270358	-0.28024062166954794	0.5642103570703328	-0.305317567781736	0.3570861683322415	-0.47288566659615594	-0.19936022395347638	0.24260952653158066	-0.09108239798566763	-0.3855199286007064	-0.15429898776054563	0.4863658376424475	-0.13659007757064576	0.3550523027639269	-0.047504590284351306	1.2548565977270358
K77-2A09	0.15853769224892622	0.5099535496141658	0.1436115592572279	0.17110555756335488	0.8090121223515775	0.21451702031921732	0.1815350490864377	0.444249658	0.309599716	0.36678881880302794	0.09444136079694249	0.6825075182545117	0.5413029248407313	0.22682348778644265	1.2905683613282828	0.5600797087530415	-0.16504139604905485	-0.14676203219200074	-0.07929875070035097	0.08347964991221309	1.049581212323856	0.7338641436904768	-0.3360768355571065	2.2317746105068177	1.3041136648741456	0.11142127617120824	1.0088015819119311	-0.9065748413272288	0.5395588041542452	1.7548858715614009	-0.3360768355571065	2.2317746105068177	0.5600797087530415	1.3041136648741456	-0.16504139604905485	0.11142127617120824	-0.14676203219200074	-0.07929875070035097	1.0088015819119311	0.08347964991221309	-0.9065748413272288	1.049581212323856	0.5395588041542452	0.7338641436904768	1.7548858715614009
R95-2H06	0.03261565190799966	0.42604035506061455	0.03751811011805503	0.12966786824080356	0.6688578011542612	0.0074968432419217	0.03005400911004787	0.532629128	0.092450813	0.1492148074051773	0.07427411099414011	0.4817487890993375	0.8307730330387888	0.0995132233054958	0.7733797393383042	-0.5195223274620663	-0.32664809756030516	-0.4828740639017985	-0.24286074448584477	-0.11793610238232691	-0.47085565309668254	-0.29514829779309737	-0.04852155496587151	-0.1789063286472671	-0.08765004131631833	-0.05788136429448928	0.28626028686488775	-0.14407685006845913	-0.25825013918324363	0.19803647790218268	-0.04852155496587151	-0.1789063286472671	-0.5195223274620663	-0.08765004131631833	-0.32664809756030516	-0.05788136429448928	-0.4828740639017985	-0.24286074448584477	0.28626028686488775	-0.11793610238232691	-0.14407685006845913	-0.47085565309668254	-0.25825013918324363	-0.29514829779309737	0.19803647790218268
R95-2E12	0.02564708514404563	0.2531368893112873	0.16264332792854086	0.05246083335895711	0.342065734891896	0.0170859512281254	0.00660959507763473	0.268202758	0.045451666	0.0684263650909773	0.05608164534210747	0.16193243037695307	0.7384197888733626	0.03035965788534854	0.653399549753855	-0.5792678561042076	-0.6596393384286302	-0.08646795666661579	-0.5476107623076265	-0.5875689278836914	-0.4004295067443926	-0.4544064711354861	-0.9088706724823236	-0.70066787689419	-0.6044324509900698	-0.2106058310208667	-0.8647757202911962	-0.3873460553094607	-0.6916113703518779	-0.16312979193367463	-0.9088706724823236	-0.70066787689419	-0.5792678561042076	-0.6044324509900698	-0.6596393384286302	-0.2106058310208667	-0.08646795666661579	-0.5476107623076265	-0.8647757202911962	-0.5875689278836914	-0.3873460553094607	-0.4004295067443926	-0.6916113703518779	-0.4544064711354861	-0.16312979193367463
56.d.01	0.06824683554673489	0.621668934512092	0.5635768723617258	0.3660102929872815	0.706658957110718	0.03779830968848337	0.03980658859908105	0.679359074	0.132746019	0.18902707320471915	0.04306143733507824	0.33267585042920195	0.5023831739227635	0.04688784227858604	0.6183166728066809	-0.2140357080824527	0.05010897401452342	1.1837196872780411	0.6900252064350274	-0.06361206727923531	-0.24830987368478474	-0.2288989134982917	0.42888536762787993	0.2684313447255855	0.1670185482133849	-0.3199095594199841	-0.25026111181329336	-1.0090939997991542	-0.5880350139613102	-0.2687368246113719	0.42888536762787993	0.2684313447255855	-0.2140357080824527	0.1670185482133849	0.05010897401452342	-0.3199095594199841	1.1837196872780411	0.6900252064350274	-0.25026111181329336	-0.06361206727923531	-1.0090939997991542	-0.24830987368478474	-0.5880350139613102	-0.2288989134982917	-0.2687368246113719
K77-1C12	0.03878430767432141	0.26331735376250753	0.14848417354191554	0.01030547616488772	0.20806354798999988	0.04974543060133427	0.01105379941690168	0.174165346	0.086944203	0.08092877737061369	0.01687259923948244	0.16539869261445134	0.7136313919354471	0.20028088874465183	0.6756960894008217	-0.46663489561931426	-0.6400329906001693	-0.13132522341395678	-0.7140055199334874	-0.780143448978627	-0.16056556137674857	-0.4242169401003561	-1.2148348788046015	-0.2400380202329036	-0.5244578090793227	-0.5397630091301625	-0.8523004589832865	-0.45264158094885865	0.37322561035170654	-0.09601239461639272	-1.2148348788046015	-0.2400380202329036	-0.46663489561931426	-0.5244578090793227	-0.6400329906001693	-0.5397630091301625	-0.13132522341395678	-0.7140055199334874	-0.8523004589832865	-0.780143448978627	-0.45264158094885865	-0.16056556137674857	0.37322561035170654	-0.4242169401003561	-0.09601239461639272
028-10134-4D06	0.8804706434892013	2.2125816173799997	0.4314415574683758	0.6376328728362126	1.217057493781597	0.4808205777936775	0.5278817557904263	1.158458203	0.818305433	0.1507266792309523	0.13068563336232447	0.5737304483702448	1.4755834156705192	0.20042169472073912	1.011173022751772	6.749625891927984	3.114015102705885	0.7651050648883214	1.7621682588969905	0.669881587110965	3.0054183287496077	3.086601293638848	1.987703093855604	7.879176732591735	-0.0779789950272563	0.415689389428026	0.6173071483879417	1.554428824870147	0.37410799220407176	0.9138455915560117	1.987703093855604	7.879176732591735	6.749625891927984	-0.0779789950272563	3.114015102705885	0.415689389428026	0.7651050648883214	1.7621682588969905	0.6173071483879417	0.669881587110965	1.554428824870147	3.0054183287496077	0.37410799220407176	3.086601293638848	0.9138455915560117
H1N1-300-16-IgG-2E02-	0.09440091709495646	0.32873612980828004	0.08609298250944689	0.0982444380786814	0.24556814259249787	0.08445124975484136	0.10677815222006735	NA	NA	0.23763658572022775	0.17002192696762097	0.29630648320458447	0.8582637444183047	0.1835498370159452	1.075563273203803	0.010198267306992002	-0.5140443106326388	-0.32898521230929606	-0.36689466078095045	-0.7262456021492814	0.09432750088697606	0.22603968609374178	NA	NA	0.4779608103891161	0.7459148013523239	-0.38115638996682777	-0.07166311334227062	0.26837795525472125	1.1076741448372016	NA	NA	0.010198267306992002	0.4779608103891161	-0.5140443106326388	0.7459148013523239	-0.32898521230929606	-0.36689466078095045	-0.38115638996682777	-0.7262456021492814	-0.07166311334227062	0.09432750088697606	0.26837795525472125	0.22603968609374178	1.1076741448372016
051-09-4C02	0.03800300832254751	0.21712885796308284	0.337138697631737	0.06750416807462704	0.27983955945710337	0.02182435300393035	0.0194529231279578	0.153485688	0.135031502	0.0266099653497083	0.08450347520369271	0.26217974639853703	1.0652632233390442	0.05399452032096496	0.7350295515410084	-0.4733334240801376	-0.7289864679838445	0.4663465074758098	-0.4882320213714509	-0.6769941545234447	-0.365628837337091	-0.36716159642445106	-1.2821191118818172	0.2938036594310423	-0.8719209580481578	0.02799342715684211	-0.5039803225118082	0.4735976317177441	-0.5434999458523394	0.08259413427673834	-1.2821191118818172	0.2938036594310423	-0.4733334240801376	-0.8719209580481578	-0.7289864679838445	0.02799342715684211	0.4663465074758098	-0.4882320213714509	-0.5039803225118082	-0.6769941545234447	0.4735976317177441	-0.365628837337091	-0.5434999458523394	-0.36716159642445106	0.08259413427673834
C1-C02	0.04688693758803984	0.1206974524606452	0.0289269079785313	0.09355105571016134	0.535398633542717	0.02919362079726683	0.03670795274878226	0.311137757	0.10878107	0.03664314309511535	0.17175884696736338	0.6180037897047486	1.0761853811431052	0.08469717318502427	0.6002780561582846	-0.39716639169526563	-0.9147017353891091	-0.5100916388734344	-0.38542028299451936	-0.3097302505430402	-0.3115060625316111	-0.24994798235919644	-0.7691754957107338	0.002384199361467648	-0.8077413597859302	0.76049612231127806	0.7766492478249548	0.5023678679181247	-0.35109714833243666	-0.32303695457836695	-0.7691754957107338	0.002384199361467648	-0.39716639169526563	-0.8077413597859302	-0.9147017353891091	0.76049612231127806	-0.5100916388734344	-0.38542028299451936	0.7766492478249548	-0.3097302505430402	0.5023678679181247	-0.3115060625316111	-0.35109714833243666	-0.24994798235919644	-0.32303695457836695
042-100809-3D03	0.12664589274150792	0.4129165600983715	0.11582195155647627	0.12978215520731012	0.4144683318797271	0.11250070375336856	0.1425202581043222	0.821587004	0.338371545	0.20222357051733125	0.0892298992833072	0.196856489118868	0.9422790734223812	0.12370408562742058	0.8567663457063415	0.2866529790593807	-0.3519229452936322	-0.2348016008977476	-0.24240963332566393	-0.48351916747814766	0.3003336231711576	0.4688362211944644	0.8916443355087752	2.5511853871520977	0.25143306946311794	0.06767142413034091	-0.7390821838862222	0.1496430519102798	-0.10665445767112286	0.44904816308557066	0.8916443355087752	2.5511853871520977	0.2866529790593807	0.25143306946311794	-0.3519229452936322	0.06767142413034091	-0.2348016008977476	-0.24240963332566393	-0.7390821838862222	-0.48351916747814766	0.1496430519102798	0.3003336231711576	-0.10665445767112286	0.4688362211944644	0.44904816308557066
R95-2B05	0.12777982096079307	0.9246316865594464	1.2817907875503471	0.2802058056764838	0.3898616731263724	0.11609081954251664	0.1461641437384723	0.382395615	0.425037734	0.10773192809221724	0.09724495976176024	0.43575001445986183	0.4976219247012432	0.10542679362177151	0.5547993447558943	0.29637479750472673	0.6335787286774587	3.459075425026072	0.35133950147081827	-0.5188813927875223	0.32670083275436174	0.49358917808905756	-0.5373278352583643	3.5133110392048987	-0.35300510594527057	0.1349572918496864	0.12070826161325134	-1.021635684983476	-0.22119186030357052	-0.45993769303387333	-0.5373278352583643	3.5133110392048987	0.29637479750472673	-0.35300510594527057	0.6335787286774587	0.1349572918496864	3.459075425026072	0.35133950147081827	0.12070826161325134	-0.5188813927875223	-1.021635684983476	0.32670083275436174	-0.22119186030357052	0.49358917808905756	-0.45993769303387333
W85-2B03	0.07560838422671594	0.40856873754231926	0.02646345495640081	0.03091642849466317	0.3999662536302194	0.05258672399955827	0.03316139825070504	0.263771397	0.074721447	0.02335332539178547	0.11394037415273096	0.3827585181956679	0.6804092299477777	0.05580032345599615	0.8654083812421958	-0.15092091957452608	-0.36029632764164204	-0.5178960434526819	-0.6326503934293372	-0.50436010178189	-0.1396979952818611	-0.27403976773042044	-0.9232887410196892	-0.3757290806345821	-0.8927528270220614	0.27511411876951636	-0.07001093898308502	-0.5401526263502688	-0.53218360858049	0.47506255553722226	-0.9232887410196892	-0.3757290806345821	-0.15092091957452608	-0.8927528270220614	-0.36029632764164204	0.27511411876951636	-0.5178960434526819	-0.6326503934293372	-0.07001093898308502	-0.50436010178189	-0.5401526263502688	-0.1396979952818611	-0.53218360858049	-0.27403976773042044	0.47506255553722226
AG3-D06	0.07686259895428746	0.7656298762187561	0.03369071812344168	1.4296107046713913	1.211155005090496	3.2065601889067796	0.04825542603932605	0.748115667	0.134743665	0.15822256688769684	0.12762917447444497	1.344864753795438	1.0066672464754634	5.8220084943122545	0.5822432266638984	-0.14016781574876871	0.3273604010331932	-0.49499952979905454	4.888246844036079	0.6613991215688974	23.024312374647508	-0.17150586388997505	0.652594803683701	0.29060823380421674	-0.030029773889528027	0.39003063252003434	3.392660339961784	0.3192490016210025	35.60262819634909	-0.37732568439428804	0.652594803683701	0.29060823380421674	-0.14016781574876871	-0.030029773889528027	0.3273604010331932	0.39003063252003434	-0.49499952979905454	4.888246844036079	3.392660339961784	0.6613991215688974	0.3192490016210025	23.024312374647508	35.60262819634909	-0.17150586388997505	-0.37732568439428804
K77-2G06	0.19337062377011732	0.8612244464026253	0.10424149746282926	0.3054369240947385	2.002964586078856	0.20417561322165967	0.5185796294640319	0.567443487	0.102103348	0.08079702851088005	0.09153850015791896	0.40732302989131586	0.9327549250714569	0.1273876497102218	0.7976254315296007	0.8587224538658436	0.5114640244501497	-0.27148935103802063	0.4509312523960251	1.7993085421729682	0.9736298880933797	3.023411842842869	0.0647519549437151	-0.07174860499522709	-0.5253005718713087	0.08705196573492197	0.018398039134389064	0.12455533549203916	-0.08357084865815616	0.2710212451262372	0.0647519549437151	-0.07174860499522709	0.8587224538658436	-0.5253005718713087	0.5114640244501497	0.08705196573492197	-0.27148935103802063	0.4509312523960251	0.018398039134389064	1.7993085421729682	0.12455533549203916	0.9736298880933797	-0.08357084865815616	3.023411842842869	0.2710212451262372
C05	0.20987640627710047	1.500061852808956	0.18993685775581717	0.326844143812127	1.7621098748710549	0.29494185941217155	0.2407294837086566	0.785948161	0.210895295	0.1041054419562206	0.6802270543185317	0.5574559608648335	2.265680877711456	0.26597578951429063	1.5903463132981948	1.000236015396589	1.7417878918777419	0	0.5354293891315273	1.4531762757028825	1.6402525757571225	1.1359726168191477	0.7756882486617737	1.1360063932713835	-0.3762027836120844	5.02905088010728	0.5587344062318693	3.6356375944218113	0.784912598666232	2.6572822177165234	0.7756882486617737	1.1360063932713835	1.000236015396589	-0.3762027836120844	1.7417878918777419	5.02905088010728	0	0.5354293891315273	0.5587344062318693	1.4531762757028825	3.6356375944218113	1.6402525757571225	0.784912598666232	1.1359726168191477	2.6572822177165234
AG10-3C01	0.10705677643211405	0.5316814068808188	0.07363693310628022	0.32718971123201945	1.0472137371872008	0.12975642425131728	0.5375922149446243	0.738257269	0.456386925	0.21928639078330048	0.1570910039440645	0.5944529133767636	3.1045252138050947	0.1923234837575235	2.497930400924697	0.11870422443296257	-0.12319616107197189	-0.36844691428944343	0.536793405733538	0.42579915201551327	0.4270663598293733	3.152564554016154	0.620519091948045	3.8613344284899958	0.36057944139815173	0.6373606140955874	0.6918883970608404	5.845251309743896	0.323359333737071	5.389306234562459	0.620519091948045	3.8613344284899958	0.11870422443296257	0.36057944139815173	-0.12319616107197189	0.6373606140955874	-0.36844691428944343	0.536793405733538	0.6918883970608404	0.42579915201551327	5.845251309743896	0.4270663598293733	0.323359333737071	3.152564554016154	5.389306234562459
W85-1E04	0.21397504580413856	1.1674240183327924	0.0730851701205364	0.3242755122914788	0.5812235854464456	0.0706047572684803	0.08954157665070199	0.364576193	0.077894359	0.116493566308737	0.07229737981056904	0.40343911636723	0.57585363482589	0.1041350387646828	1.3412027858434912	1.0353760081025671	1.1011675041837423	-0.3701949409552307	0.5252905397003442	-0.2438752195835856	-0.007366536526446454	0.10895143061164808	-0.5953058803086868	-0.34050496310812484	-0.2969592115014454	-0.07447588323692642	0.004419628734238418	-0.8155642457108325	-0.22928683663392957	1.9073064194100213	-0.5953058803086868	-0.34050496310812484	1.0353760081025671	-0.2969592115014454	1.1011675041837423	-0.07447588323692642	-0.3701949409552307	0.5252905397003442	0.004419628734238418	-0.2438752195835856	-0.8155642457108325	-0.007366536526446454	-0.22928683663392957	0.10895143061164808	1.9073064194100213
C1-F02	0.8733658887277478	0.43294688269722426	2.3454598088436676	0.21254429094540425	1.0962065089359427	0.4161032759552507	0.22966875551584584	1.147186844	0.465383917	0.14807721367035903	0.321281189457339	0.4775506371903948	0.8182298248854497	0.14765096096700656	0.5292925664525466	6.688712745297678	-0.3133469575407044	6.828858938659298	0.08426736417528863	0.49620665636120515	2.5301092408390455	1.0608369633799823	1.9510301108665733	3.9612146343049046	-0.09492692913181495	2.0157256473926606	0.27115091588083917	-0.17711712175798988	0.043412242675485074	-0.5367186016760136	1.9510301108665733	3.9612146343049046	6.688712745297678	-0.09492692913181495	-0.3133469575407044	2.0157256473926606	6.828858938659298	0.08426736417528863	0.27115091588083917	0.49620665636120515	-0.17711712175798988	2.5301092408390455	0.043412242675485074	1.0608369633799823	-0.5367186016760136
FISW-k.01	0.2923060887028248	1.0610501817312854	0.2663852653938936	0.41247302268168107	0.9645723049093964	0.26198272284298096	0.3310760907106761	0.527029667	0.368342656	2.318403952240258	1.2969299211065777	0.48378859123921414	1.3349833359257026	0.4601435314497745	1.8803087283299456	1.7069530662832968	0.8963043125042076	0.24219430908034498	0.873421936073536	0.3070351630729377	1.39818783115246	1.7496981541233227	-0.06674020437635869	2.883910006133808	13.788082194567894	10.206227974203328	0.293601642760038	1.1840718334570872	2.0016939921803276	3.5301316788844668	-0.06674020437635869	2.883910006133808	1.7069530662832968	13.788082194567894	0.8963043125042076	10.206227974203328	0.24219430908034498	0.873421936073536	0.293601642760038	0.3070351630729377	1.1840718334570872	1.39818783115246	2.0016939921803276	1.7496981541233227	3.5301316788844668
AG13-3E05	0.12578152049845734	0.8292839497270532	0.11374655163117955	0.13696302408529148	0.7657402228334371	0.17963259997925687	0.14446504115167996	0.744558156	0.136407619	0.6103645501602074	0.21996280127666343	0.6691847688298428	0.8142554391149651	0.1405706417738259	0.6468795637436491	0.2792422189484525	0.4499504765530294	-0.24137662406045748	-0.2140654555976931	0.02129361012261812	0.7933764333379968	0.48204715473459187	0.641019931444578	0.3090806374683015	2.8622035324725044	1.1651649207469628	0.960852301383028	-0.18758611693454355	-9.576437357476596e-4	-0.18275635724286327	0.641019931444578	0.3090806374683015	0.2792422189484525	2.8622035324725044	0.4499504765530294	1.1651649207469628	-0.24137662406045748	-0.2140654555976931	0.960852301383028	0.02129361012261812	-0.18758611693454355	0.7933764333379968	-9.576437357476596e-4	0.48204715473459187	-0.18275635724286327
029-09-2A06	0.40503119437500046	0.5928951241593098	0.01946930249133095	0.14919649580262073	0.28170196992439006	0.02598948031836612	0.02389348802080224	0.512286596	3.97340771	0.9279887435209496	0.988038236030102	0.41943328934729546	1.2850311779550787	0.10833776773471354	0.4732458330099242	2.673410195525748	-0.0053059175977350995	-0.5400540448580178	-0.16577774801270795	-0.6743176847425261	-0.33503851900462384	-0.33699678819060014	-0.11470890025314416	42.905579422940804	4.89396192901724	7.61310405236451	0.06198350407283198	1.0524920294188025	-0.20294980267689244	-0.7054313677090167	-0.11470890025314416	42.905579422940804	2.673410195525748	4.89396192901724	-0.0053059175977350995	7.61310405236451	-0.5400540448580178	-0.16577774801270795	0.06198350407283198	-0.6743176847425261	1.0524920294188025	-0.33503851900462384	-0.20294980267689244	-0.33699678819060014	-0.7054313677090167
045-09-1A01	0.1142913633885684	0.8065880878893714	1.1941189232550684	0.1473666571180221	0.7062878566854112	0.10078995389689135	0.1279423261786788	1.203894822	0.377663244	0.31001171222023216	2.902168100525066	0.22161031784495291	1.76126842202477	0.10488745963070609	0.6721415254385651	0.18073049710307643	0.40624098141276127	3.1813243605525585	-0.17300044957864433	-0.06414537564034374	0.21432531202543698	0.3698081624689253	2.135537650067155	2.987382616508028	0.9409254523814863	23.682089334046985	-0.6499918437531483	2.30695641686877	-0.22457167797398545	-0.106712399438752	2.135537650067155	2.987382616508028	0.18073049710307643	0.9409254523814863	0.40624098141276127	23.682089334046985	3.1813243605525585	-0.17300044957864433	-0.6499918437531483	-0.06414537564034374	2.30695641686877	0.21432531202543698	-0.22457167797398545	0.3698081624689253	-0.106712399438752
K77-2F06	0.0558602641925777	0.7199456359750165	0.05096096226004932	0.15573858624877215	0.6366459038754984	0.12944729936135496	0.06314617984199979	0.727771896	0.119872161	0.06084800401686191	0.04536912517911863	0.28105033094836074	0.53141389647697	0.04924374788283471	0.9154967249442	-0.32023290453405384	0.23937805908902243	-0.4402860965760024	-0.1399549433536842	-0.16422781474489012	0.42479602615778006	-0.07035280256686588	0.586403427132237	0.12551206829720635	-0.6529092328795845	-0.3005366826426884	-0.43606408964710675	-0.9326236942115818	-0.5732713767291389	0.625839282259897	0.586403427132237	0.12551206829720635	-0.32023290453405384	-0.6529092328795845	0.23937805908902243	-0.3005366826426884	-0.4402860965760024	-0.1399549433536842	-0.43606408964710675	-0.16422781474489012	-0.9326236942115818	0.42479602615778006	-0.5732713767291389	-0.07035280256686588	0.625839282259897
W85-2E02	0.22502055126576292	0.6250153917719954	0.2064690029093721	0.5055478910181529	1.136560689360001	0.1982033529152561	0.25168140425065033	0.687184971	0.217696972	0.1484302099653971	0.06248415390632302	0.2587158921422479	0.9109575301038892	0.1762420267630788	0.6689662804378136	1.1300754757661247	0.05655384746259868	0.05237508009371473	1.2408051392713717	0.5541996425132222	0.9297672807478485	1.2103691386386943	0.45434804586880073	1.2115152854262874	-0.09266890470740274	-0.15685722294961096	-0.51644691736786	0.06713845752523898	0.22258246186131328	-0.11627057230635857	0.45434804586880073	1.2115152854262874	1.1300754757661247	-0.09266890470740274	0.05655384746259868	-0.15685722294961096	0.05237508009371473	1.2408051392713717	-0.51644691736786	0.5541996425132222	0.06713845752523898	0.9297672807478485	0.22258246186131328	1.2103691386386943	-0.11627057230635857
013-10-4A03	0.0849991095977238	0.3409282855991358	0.06974745632152872	0.07666174934721594	0.26237806795468743	0.06705184401467418	0.08511879175763604	0.636024876	0.448514557	0.04980456014057574	0.0487482084737764	0.3314584747759354	0.430553859257529	0.052701407496488883	0.7491415534824435	-0.07040883285302557	-0.49056368768467	-0.3807690694745012	-0.45208540519461243	-0.7020880611336618	-0.0334605161906176	0.07890740212016288	0.28789133965864544	3.7739392484019496	-0.7235512377753872	-0.2721695165822178	-0.2546425112412111	-1.1983007834863375	-0.5516034320898204	0.1250743063681242	0.28789133965864544	3.7739392484019496	-0.07040883285302557	-0.7235512377753872	-0.49056368768467	-0.2721695165822178	-0.3807690694745012	-0.45208540519461243	-0.2546425112412111	-0.7020880611336618	-1.1983007834863375	-0.0334605161906176	-0.5516034320898204	0.07890740212016288	0.1250743063681242
AG11-3C06	0.2923060887028248	4.03768918378672	0.2663852653938936	0.5195091212686236	1.91402179295899	0.26198272284298096	0.3310760907106761	0.155196221	0.036045554	0.09840848601174972	0.08929841951229547	0.17312269093817736	0.5604542695243219	0.09686056971285312	0.6981104357405975	1.7069530662832968	6.628952357561388	0.24219430908034498	1.2959126197510469	1.671488868584777	1.39818783115246	1.7496981541233227	-1.276553647450139	-0.805089932896695	-0.4126447118935929	0.06824664662257271	-0.8245013800826999	-0.8561279681006821	-0.2748733923703688	-0.02854037372374473	-1.276553647450139	-0.805089932896695	1.7069530662832968	-0.4126447118935929	6.628952357561388	0.06824664662257271	0.24219430908034498	1.2959126197510469	-0.8245013800826999	1.671488868584777	-0.8561279681006821	1.39818783115246	-0.2748733923703688	1.7496981541233227	-0.02854037372374473
S8V1-146-Ig	0.4983153064003978	0.5665265961686674	0.2046112364811054	0.23930331559213985	1.7392547122088735	0.37599786539264823	0.256522840642031	2.653787604	0.279328784	0.3051822750801037	0.26499319602363036	0.7840424724608535	1.0838842118225005	0.28619644822543877	0.6419423358625398	3.4731885108744476	-0.05608852520726088	0.04648953622919336	0.1898900350946662	1.4203311251424766	2.235559474806145	1.2432570715586064	6.852971752752049	1.8957215253902444	0.9100328136431749	1.5431919103672729	1.3742312576899998	0.5226474849211478	0.9116284013998239	-0.19761847892583279	6.852971752752049	1.8957215253902444	3.4731885108744476	0.9100328136431749	-0.05608852520726088	1.5431919103672729	0.04648953622919336	0.1898900350946662	1.3742312576899998	1.4203311251424766	0.5226474849211478	2.235559474806145	0.9116284013998239	1.2432570715586064	-0.19761847892583279
01.l.01	0.1683193249995132	0.32068419423755634	0.15394674982139972	0.17240575397530075	0.4768945428642518	0.1494873089581547	0.18938762782656804	0.920003747	0.322661879	0.1008728816350306	0.08750103987686023	0.5277348481696335	0.9593876479270766	0.1216720734371553	0.41709414217909146	0.6439432691468435	-0.5295513683163424	-0.11401937063450128	-0.07416664220377812	-0.39380646978227035	0.5719776671191787	0.7872068011120456	1.211857323301534	2.3767843569674	-0.3968806214852711	0.05315777128389487	0.451766548109843	0.19470903048173788	-0.11938836805120111	-0.8744600781368647	1.211857323301534	2.3767843569674	0.6439432691468435	-0.3968806214852711	-0.5295513683163424	0.05315777128389487	-0.11401937063450128	-0.07416664220377812	0.451766548109843	-0.39380646978227035	0.19470903048173788	0.5719776671191787	-0.11938836805120111	0.7872068011120456	-0.8744600781368647
C1-3A03	0.2285827267771368	0.5138534633841161	0.11697999696584097	0.13131124232998073	0.2544182753227956	0.1137334142645767	0.14405477725438992	0.537608132	0.535180746	0.06966366713010452	0.06242609288630309	0.3854664251583706	0.5661571648228441	0.06763084465702826	0.4819689066487215	1.1606160540876223	-0.15753063205188927	-0.23113282588372033	-0.2363740521302709	-0.7135270778358577	0.3093871296075493	0.4792602273761	-0.032321651387756584	4.736064900454751	-0.5965177553856216	-0.15734464111984356	-0.06026503845894998	-0.8411058774380186	-0.45804586597969793	-0.6791730330744442	-0.032321651387756584	4.736064900454751	1.1606160540876223	-0.5965177553856216	-0.15753063205188927	-0.15734464111984356	-0.23113282588372033	-0.2363740521302709	-0.06026503845894998	-0.7135270778358577	-0.8411058774380186	0.3093871296075493	-0.45804586597969793	0.4792602273761	-0.6791730330744442
2-12C	0.0606238436322766	2.6365681723391514	0.03234222446367621	0.20825606037078284	0.8248420028945502	0.04149892205050579	0.04011780921024088	0.461880433	0.147166601	0.12119630978963324	9.693796793858388	0.4857748976246858	0.7046594795190055	0.08357110975023176	0.4053363055889751	-0.2793919997262251	3.930562118900576	-0.49927165920392463	0.06734094877752468	0.10622876867685527	-0.22113113420496552	-0.22678478831814047	-0.2787125805761032	0.428521594681435	-0.2668769987675589	80.6973334594085	0.30075046460284605	-0.476274643574467	-0.358153794414397	-0.9098537043454891	-0.2787125805761032	0.428521594681435	-0.2793919997262251	-0.2668769987675589	3.930562118900576	50	-0.49927165920392463	0.06734094877752468	0.30075046460284605	0.10622876867685527	-0.476274643574467	-0.22113113420496552	-0.358153794414397	-0.22678478831814047	-0.9098537043454891
039-10-4G01	0.32141622339481024	0.7896989264564429	0.11003172450965276	0.19094564011413445	1.1967121476091058	0.12482780886544986	0.13484766235398357	0.493261699	0.220366185	0.10282087204200688	0.09088995021200702	0.37383638806438646	0.8852160415816045	0.09833680265720496	0.33419710822374504	1.9565309845164813	0.3737144915682499	-0.25314547596788417	-9.863855099433848e-4	0.6406432934214258	0.39086868753507426	0.416716190286286	-0.17660913109922594	1.2411475829545981	-0.38441983937706586	0.0816074346565436	-0.10212215769204348	-6.676223924266183e-4	-0.26562235632661296	-1.1239980446778792	-0.17660913109922594	1.2411475829545981	1.9565309845164813	-0.38441983937706586	0.3737144915682499	0.0816074346565436	-0.25314547596788417	-9.863855099433848e-4	-0.10212215769204348	0.6406432934214258	-6.676223924266183e-4	0.39086868753507426	-0.26562235632661296	0.416716190286286	-1.1239980446778792
R95-1D02	0.6468366023389613	1.0544176370107596	0.579040115302357	0.7414170042755535	1.3367906916993326	0.6055849082366198	0.7563279181314123	2.294373689	1.133200155	0.4008911349472145	0.35795604803082026	0.4619392209990266	0.9252584808283484	0.38766558010630126	1.5030041164171506	4.746546956166933	0.8835308305671568	1.2327084047131753	2.171822844831542	0.8419501464476395	3.921736197727819	4.638438693848736	5.683567034934446	11.374983958316582	1.522257208772518	2.3236084998346227	0.21496460248915153	0.10480882794231099	1.5474999960217843	2.394363351226548	5.683567034934446	11.374983958316582	4.746546956166933	1.522257208772518	0.8835308305671568	2.3236084998346227	1.2327084047131753	2.171822844831542	0.21496460248915153	0.8419501464476395	0.10480882794231099	3.921736197727819	1.5474999960217843	4.638438693848736	2.394363351226548
W85-2G05	0.675645551585204	1.074315271172337	0.6138337094433163	0.7179099467764196	1.3594749169890363	0.6102551814705309	0.769568521926093	0.806412199	0.566600078	0.3325276636135639	0.2915540108828275	0.3745417400382768	0.7666327498341963	0.315187628762828	0.5308375899845255	4.993542638441885	0.9218512763783094	1.3429371295976222	2.079036271655124	0.8745496429377413	3.956036504570731	4.7283822672464675	0.8422709311458361	5.084866960824146	1.0849540693944155	1.766168078786516	-0.0995835585943934	-0.3130298290365258	1.093305999863241	-0.5320677473325917	0.8422709311458361	5.084866960824146	4.993542638441885	1.0849540693944155	0.9218512763783094	1.766168078786516	1.3429371295976222	2.079036271655124	-0.0995835585943934	0.8745496429377413	-0.3130298290365258	3.956036504570731	1.093305999863241	4.7283822672464675	-0.5320677473325917
R95-1F02	0.337822775792602	0.7616830125055043	0.30691685472165814	0.3589549733882098	1.074640070574158	0.30512759073526546	0.3847842609630465	1.272049751	0.897029114	0.6308735915603025	0.5499070031916585	1.2796732577512326	1.9298298271537728	1.079555636692629	1.200556112316569	2.0971937892802077	0.31975921710250615	0.37060143457130057	0.6621765942347807	0.465213531284189	1.715060556426168	2.1145383704805716	2.357289486011302	8.753128544573702	2.9933944742859344	3.93502323741212	3.1580326942496706	2.750966797127725	5.883333223620371	1.483929571794805	2.357289486011302	8.753128544573702	2.0971937892802077	2.9933944742859344	0.31975921710250615	3.93502323741212	0.37060143457130057	0.6621765942347807	3.1580326942496706	0.465213531284189	2.750966797127725	1.715060556426168	5.883333223620371	2.1145383704805716	1.483929571794805
D1-H1-17-H3-14	0.675645551585204	0.8497898942530011	7.1638340640411435	0.5573557988960057	1.074640070574158	0.4808205777936775	0.608444011168982	0.991974327	0.692628107	0.33717251014090843	0.31178209831139575	0.405764572421013	0.7798807024024783	0.33878869274009704	0.6126211258610574	4.993542638441885	0.48944245482703336	22.09383122104911	1.4453002461388573	0.465213531284189	3.0054183287496077	3.633861618174721	1.4460239269959658	6.483968513317175	1.1146659305493862	1.935981446831955	0.012789068188981238	-0.27813317844801333	1.2412056212340177	-0.2858816503709442	1.4460239269959658	6.483968513317175	4.993542638441885	1.1146659305493862	0.48944245482703336	1.935981446831955	22.09383122104911	1.4453002461388573	0.012789068188981238	0.465213531284189	-0.27813317844801333	3.0054183287496077	1.2412056212340177	3.633861618174721	-0.2858816503709442
AG8-2B02	0.4743728370619336	0.7616830125055043	0.4285116227049518	0.5195091212686236	1.3594749169890363	0.4345621944121189	0.5459087717201576	NA	NA	0.2581456271203229	0.2297837604008145	0.4011834603574843	0.5956888897530119	0.24877999322507108	0.42796155724169327	3.2679159582709407	0.31975921710250615	0.7558228110441677	1.2959126197510469	0.8745496429377413	2.6656787322472915	3.2090590195523174	NA	NA	0.6091517522025467	1.2476111802956205	-0.0036985966665737395	-0.7633158732201991	0.67715255179741	-0.8417468129344015	NA	NA	3.2679159582709407	0.6091517522025467	0.31975921710250615	1.2476111802956205	0.7558228110441677	1.2959126197510469	-0.0036985966665737395	0.8745496429377413	-0.7633158732201991	2.6656787322472915	0.67715255179741	3.2090590195523174	-0.8417468129344015
AG13-3B01	0.9487456741238672	1.5233660250110086	0.8570232454099036	2.323451425580558	1.9291446098187923	4.160588410594955	1.0918175434403152	0.806412199	0.566600078	0.7334187985607784	0.6495100589136478	0.8364809610373034	3.1195228096099132	2.5434273346682272	1.200556112316569	7.334986976423351	1.7866689194808616	2.1133798825433567	8.416396526817786	1.6932218662448446	30.031067461929208	6.91742356538996	0.8422709311458361	5.084866960824146	3.6493491833530878	4.771183868984282	1.5629601543401268	5.884756724469	15.056905655545945	1.483929571794805	0.8422709311458361	5.084866960824146	7.334986976423351	3.6493491833530878	1.7866689194808616	4.771183868984282	2.1133798825433567	8.416396526817786	1.5629601543401268	1.6932218662448446	5.884756724469	30.031067461929208	15.056905655545945	6.91742356538996	1.483929571794805
K77-2D08	0.9487456741238672	1.5233660250110086	0.8570232454099036	1.0390182425372472	2.7189498339780727	0.8691243888242378	1.0918175434403152	0.527029667	0.368342656	0.5862902895218457	0.5485135387111799	1.0986734039195531	1.3570923985249417	0.5966741596737425	1.094590032509779	7.334986976423351	1.7866689194808616	2.1133798825433567	3.346508322687656	2.8282508259744525	5.857272856212978	6.91742356538996	-0.06674020437635869	2.883910006133808	2.708206821217437	3.923325201326535	2.5066046375907627	1.2423096802782165	2.857283733358417	1.1649487975061514	-0.06674020437635869	2.883910006133808	7.334986976423351	2.708206821217437	1.7866689194808616	3.923325201326535	2.1133798825433567	3.346508322687656	2.5066046375907627	2.8282508259744525	1.2423096802782165	5.857272856212978	2.857283733358417	6.91742356538996	1.1649487975061514
300-16-IgG-2E02	NA	NA	NA	NA	NA	NA	NA	1.272049751	0.897029114	NA	NA	NA	NA	NA	NA	NA	NA	NA	NA	NA	NA	NA	2.357289486011302	8.753128544573702	NA	NA	NA	NA	NA	NA	2.357289486011302	8.753128544573702	NA	NA	NA	NA	NA	NA	NA	NA	NA	NA	NA	NA	NA
K77-1C10	NA	NA	NA	NA	NA	NA	NA	NA	NA	0.469254606280865	0.424358085178813	0.5493367019597765	1.0838842118225005	0.4601435314497745	0.8085994546795612	NA	NA	NA	NA	NA	NA	NA	NA	NA	1.9595603481506194	2.88104892088273	0.5295127635726965	0.5226474849211478	2.0016939921803276	0.30405542368430527	NA	NA	NA	1.9595603481506194	NA	2.88104892088273	NA	NA	0.5295127635726965	NA	0.5226474849211478	NA	2.0016939921803276	NA	0.30405542368430527
