name	Full_HA_input_Rep1_freq	Full_HA_SI06_H1_Rep1_freq	Full_HA_SP16_H3_Rep1_freq	Full_HA_MI15_H1_Rep1_freq	Full_HA_QH_H5_Rep1_freq	Full_HA_SH_H7_Rep1_freq	Full_HA_Phu_FluB_Rep1_freq	Full_HA_Lee_FluB_Rep1_freq	Full_HA_input_Rep2_freq	Full_HA_SI06_H1_Rep2_freq	Full_HA_SP16_H3_Rep2_freq	Full_HA_MI15_H1_Rep2_freq	Full_HA_QH_H5_Rep2_freq	Full_HA_SH_H7_Rep2_freq	Full_HA_Phu_FluB_Rep2_freq	Full_HA_Lee_FluB_Rep2_freq	4.12_Rep1_input_freq	4.12_Rep2_input_freq	4.12_Rep1_miniHA_freq	4.12_Rep1_miniH3_freq	4.12_Rep2_miniHA_freq	4.12_Rep2_miniH3_freq	CR9114_compitition_input_Rep1_freq	CR9114_compitition_SI06_H1_Rep1_freq	CR9114_compitition_MI15_H1_Rep1_freq	CR9114_compitition_QH_H5_Rep1_freq	CR9114_compitition_SH_H7_Rep1_freq	CR9114_compitition_Phu_FluB_Rep1_freq	CR9114_compitition_Lee_FluB_Rep1_freq	CR9114_compitition_input_Rep2_freq	CR9114_compitition_SI06_H1_Rep2_freq	CR9114_compitition_MI15_H1_Rep2_freq	CR9114_compitition_QH_H5_Rep2_freq	CR9114_compitition_SH_H7_Rep2_freq	CR9114_compitition_Phu_FluB_Rep2_freq	CR9114_compitition_Lee_FluB_Rep2_freq
W85-1F04	0.00884818829718308	0.00105636778500802	0.00104414572887956	0.01026540679496977	0.00274496652631317	0.01509409016790798	6.4084591660992e-4	4.3626754418766e-4	0.00266271821224601	4.2073207380842e-4	9.9614455164271e-4	0.00287857098400448	6.3196769065181e-4	0.00416674856030975	2.623294858342e-4	5.3431885477658e-4	0.009547575	0.003105962	0.004111331	8.097e-4	0.002901088	3.0454e-4	0.00719710397129752	0.00167433335095789	6.419584010956e-4	0.0038303816862692	0.00644092749355907	0.00209275383982959	0.00533486098927657	0.00156641604010025	2.9090763181125e-4	4.0184334949256e-4	0.00124304874059535	0.00175471001108237	2.2119815668202e-4	0.00122049236448069
042-100809-3G04	0.00213710340292618	8.450942280064228e-5	1.0347390106013e-4	0.00232752032237893	0.00603644222528598	0.00169670794588162	0.02665518484399407	0.04988407748111585	5.8480259801664e-4	2.0034860657544e-4	4.2428379051449e-4	3.267567062924e-4	0.00130343336196936	5.1101633286817e-4	0.00443336831059811	0.00979584567090411	0.001486384	4.23959e-4	6.21136e-4	7.17e-5	1.71662e-4	3.65e-5	0.00140719495558205	3.1724210860254e-4	1.1983223487118e-4	0.00105898787796854	0.00139042244305402	0.00235434806980828	0.00186183068082135	3.0378977747398e-4	1.0031297648663832e-5	1.1114816049794e-4	2.7259840802529e-4	4.1558921315108e-4	8.110599078341e-4	2.9768106450748e-4
C2-3-G03	0.00197271083347032	0.01987027803600101	4.1389560424054e-4	4.5160842076009e-4	3.1051657537479e-4	6.3901987572165e-4	3.6047582809308e-4	3.4901403535013e-4	0.00288668516467792	0.05114899925871016	5.534136398015e-4	0.00124478745254247	6.8134016648398e-4	0.00106134161441852	6.0335781741867e-4	7.792149965491907e-5	0.00112835	0.002571405	2.21834e-4	2.86982e-4	0.001253133	5.23809e-4	0.00237397011590559	0.06571317788470012	1.45510570915e-4	0.00212924158442611	0.00218787060892324	0.00120520198811614	0.00157539519146422	0.00449988607883344	0.11852981301661183	0.00206906575696172	0.00244248173590666	0.00731898780938308	0.00299539170506912	0.00328937576280772
R95-1D06	7.7361209155699e-4	3.169103355024085e-5	3.762687311277715e-5	2.9528242895852e-4	1.7388928220988e-4	3.3052752192499e-4	7.5099130852725e-4	4.4873233116446e-4	0.00215257126504	2.504357582193e-4	7.7477909572211e-4	0.00155598431567809	3.159838453259e-4	0.00227991902356571	0.00391745365512416	0.001369192065365	2.82087e-4	0.001797218	1.18312e-4	2.05e-5	0.00135613	6.09e-5	8.0564596693628e-4	6.168596556160665e-5	5.9916117435590176e-5	2.0278491280248e-4	4.0894777736883e-4	4.2976194925071e-4	7.3399094147764e-4	0.00400622769043821	7.6237862129845e-4	2.1374646249604e-4	0.00109039363210118	0.00267824159586257	9.2165898617511e-4	0.00312565117732861
SFV019-4E01	0.00987322431849609	0.00134158708696019	0.00257744080822523	0.01069964566108525	0.00308032442771795	0.01471949230972632	6.6087235150398e-4	5.1105626604841e-4	0.00282447212233572	5.9102838939755e-4	0.00176170008670147	0.00262961349349598	6.6159117615111e-4	0.00283024430511605	1.4865337530605e-4	2.0036957054122e-4	0.011977867	0.002746518	0.003726818	8.60947e-4	0.002437601	2.80177e-4	0.00719710397129752	8.1954211388991e-4	6.6763673713943e-4	0.00247848226758595	0.00462110988426777	9.8097836242012e-4	0.00349093252654003	0.00177527151211361	3.7115801300056e-4	2.051966039962e-4	0.00102497001417511	0.00120059106021425	6.451612903225807e-5	0.00125026047093144
051-09-5D01	0.00198238098461478	5.3874757035409e-4	2.0694780212027e-4	0.00159799902730494	5.7135049868962e-4	9.4751222951831e-4	6.007930468218048e-5	6.606337097699e-4	0.01128544588087446	0.00142247510668563	4.9807227582135e-4	0.0076865625194498	0.00162929170246171	0.00642701310953438	4.7219307450157e-4	1.8923792773337e-4	0.00157318	0.01558511	4.43669e-4	1.43491e-4	0.005939506	7.55259e-4	0.00266400266400266	0.00141877720791695	0.01421723872293075	0.00152088684601865	0.0016766858872122	3.0830748533203e-4	0.0011278397393437	0.02054378370167843	0.00752347323649787	0.10248715383760398	0.01054410642241849	0.01685445142223864	0.00125345622119815	0.01156490935611585
024-10128-3E01	0.00312345881966135	2.5352826840192e-4	3.762687311277715e-5	0.0015632599180157	4.2230254250971e-4	0.00171874311400996	1.7022469659951e-4	1.3711265674469e-4	0.0101904963356518	7.513072746579e-4	0.00244424357578999	0.00434119624074189	0.00112569244897354	0.00566048861023211	3.1479538300104e-4	1.6697464211768e-4	0.002072258	0.008055225	7.69026e-4	1.53741e-4	0.003364576	5.11627e-4	0.00283587380361573	2.9961754701351e-4	2.7390225113412e-4	9.575954215673e-4	0.00173802805381752	3.7370604282671e-4	0.00191553733507581	0.00667388167388167	0.00139435037316427	3.2489462299398e-4	0.00299858248827826	0.00484854082009604	5.3456221198156e-4	0.00445033191438692
R95-2A07	4.6416725493419e-4	1.0563677850080284e-5	9.406718278194289e-6	1.2158688251233e-4	7.452397808995044e-5	1.7628134502666e-4	5.006608723515e-4	9.4732381023608e-4	3.732782540531797e-5	1.0017430328772065e-5	9.223560663358482e-6	6.2239372627123925e-05	5.92469709986077e-5	3.9308948682167495e-5	6.121021336131514e-5	2.448961417726e-4	1.41044e-4	3.69e-5	7.39e-5	2.05e-5	1.72e-5	1.22e-5	6.5525871977484e-4	7.049824635612189e-5	8.559445347941453e-6	1.689874273354e-4	6.3386905492168e-4	6.539855749467469e-5	8.0559981381693e-4	6.645401382243488e-5	1.0031297648663832e-5	1.7099716999683655e-5	2.180787264202377e-5	2.3088289619504987e-5	9.216589861751152e-6	1.7860863870449e-4
K77-1F06	0.00111206738161317	2.112735570016057e-5	2.822015483458286e-5	7.1215174042937e-4	1.9873060823986e-4	0.0010136177339033	1.001321744703008e-5	0.00321591504001196	4.3549129639537e-4	6.0104581972632384e-5	2.6748325923739e-4	3.7343623576274e-4	9.874495166434617e-5	2.9481711511625e-4	8.744316194473592e-6	0.00145824520782777	0.001301942	7.92619e-4	4.14091e-4	1.02494e-4	6.17983e-4	3.65e-5	6.2303288109739e-4	7.049824635612189e-5	3.423778139176581e-5	2.4784822675859e-4	6.5431644379012e-4	7.47412085653425e-5	0.00395639019674537	4.3669780511885e-4	1.103442741353e-4	1.4534759449731e-4	2.3988659906226e-4	5.7720724048762e-4	6.451612903225807e-5	0.00256005715476438
K77-1F11	0.00890620920404985	8.028395166061e-4	0.00224820566848843	0.00823316890154936	0.00259591857013327	0.01480763298223965	7.8103096086834e-4	6.8556328372348e-4	0.00201570257188717	5.008715164386e-4	0.00164179379807781	0.0028630111408477	4.8385026315529e-4	0.00397020381689891	2.4484085344526e-4	2.5602778458044e-4	0.013355756	0.003041447	0.004880357	0.00113768	0.002592097	3.53266e-4	0.00603697377890926	0.00126896843441019	3.1669947787383e-4	0.0028727862647019	0.00707479654848075	0.00188721551627489	0.00422492346801768	0.00136705399863294	3.6112671535189e-4	4.1894306649224e-4	7.7417947879184e-4	0.00247044698928703	1.1059907834101e-4	0.00125026047093144
019-10117-3C04	8.7998375414607e-4	1.0563677850080284e-5	9.406718278194289e-6	1.910651010908e-4	3.7261989044975e-4	2.6442201753999e-4	8.7114991789161e-4	2.4929573953581e-4	1.1198347621595e-4	1.0017430328772065e-5	1.8447121326716965e-5	6.2239372627123925e-05	9.874495166434617e-6	1.9654474341083747e-5	8.744316194473592e-5	8.905314246276465e-5	4.33981e-4	7.37e-5	7.39e-5	2.05e-5	1.72e-5	1.22e-5	0.00122458186974316	1.7624561589030473e-5	1.7118890695882905e-5	3.2670902618178e-4	6.9521122152701e-4	6.3530027280541e-4	9.3091534041067e-4	1.3290802764486e-4	1.0031297648663832e-5	8.549858499841827e-6	8.723149056809508e-5	2.0779460657554e-4	1.1059907834101e-4	8.930431935224601e-5
AG13-3G01	0.02086818616974983	0.00163737006676244	0.00177786975457872	0.01646633780309872	0.4891132888673597	0.0126261513375347	0.3960027235951456	0.0079276045172388	0.0385098732098197	0.00371646665197443	0.00682543489088527	0.01201219891703491	0.5552329887134521	0.03496530985278798	0.5185117173837006	0.0207827771222477	0.018465878	0.021124229	0.00427401	7.37954e-4	0.00949291	7.06533e-4	0.00983962274284855	0.00430920530851795	0.00835401865959085	0.48962417196160607	0.03903406534985482	0.4222411151388318	0.00979251329239692	0.01064213564213564	0.00207647861327341	0.0043347782594198	0.3819212735797623	0.0421592168452161	0.47145622119815667	0.02254934063644211
01.i.01	0.00387773060892941	3.3803769120256e-4	0.0014674480513983	0.00354338914750225	6.0861248773459e-4	0.00469349081133489	2.1027756638763e-4	7.47887218607434e-5	4.6037651333225e-4	6.0104581972632384e-5	5.4419007913815e-4	3.1119686313561e-4	3.9497980665738466e-5	5.5032528155034e-4	6.121021336131514e-5	2.2263285615691163e-5	0.003916676	4.97691e-4	0.001109172	2.15237e-4	3.6049e-4	7.31e-5	0.00339445500735823	5.0230000528736e-4	1.6262946161088e-4	0.00130683610472714	0.00349650349650349	8.2215329421876e-4	0.00264952827655346	4.0821751348067e-4	1.103442741353e-4	3.419943399936731e-5	1.9627085377821e-4	5.079423716291e-4	1.8433179723502303e-5	4.3163754353585e-4
W85-3B09	0.00806490605448163	7.8171216090594e-4	6.6787699775179e-4	0.00265754186062669	0.00108059768230428	0.00489180732448988	2.002643489406e-4	2.7422531348939e-4	0.01924871530067563	0.00114198705748001	0.00523898245678761	0.00852679404991597	0.00221188691728135	0.01222508304015409	7.9573277369709e-4	4.6752899792951e-4	0.006607356	0.017898453	0.001774675	4.20224e-4	0.013441137	0.001802877	0.01396453009356235	0.00116322106487601	0.00160917572541299	0.00415709071245099	0.00918087760193023	0.00171904779700287	0.00805599813816932	0.03917938786359839	0.00659056255517213	0.00186386915296551	0.01489477701450223	0.03391669745105282	0.00252534562211981	0.02365076057511981
008-10-5E02	0.00174062720600323	4.9649285895377e-4	3.6686201284957e-4	0.00158062947266032	4.2230254250971e-4	7.9326605261998e-4	6.007930468218048e-5	6.232393488395284e-5	0.00123181823837549	3.0052290986316e-4	5.7186076112822e-4	0.00101138980519076	1.7774091299582e-4	5.5032528155034e-4	3.497726477789437e-5	1.113164280784558e-5	7.81165e-4	0.001032249	5.76769e-4	7.68703e-4	8.92643e-4	6.94351e-4	0.00324406776019679	0.00258199827279296	0.00846529144911409	0.00184759587220044	0.00141086983192246	2.8027953212003e-4	0.0020766572978392	0.00264866712235133	0.00243760532862531	0.00486486948641	0.00154835895758368	0.00184706316956039	2.8571428571428e-4	0.00230702824993302
029-09-3A02	0.00266896171587161	7.394574495056198e-5	1.1288061933833e-4	0.00302230250816369	4.8440585758467e-4	0.00123396941518663	5.00660872351504e-5	9.971829581432452e-5	0.00205303039729248	2.504357582193e-4	6.0875500378165e-4	0.0027074127092798902	3.5548182599164e-4	0.00143477662689911	6.121021336131514e-5	2.2263285615691e-4	0.001746772	0.002064497	5.02825e-4	1.53741e-4	0.00235177	2.19269e-4	0.00328703554510006	4.3180175893124e-4	0.01873662586664384	9.4632959307827e-4	0.00218787060892324	4.3910460032138e-4	0.00153959075529458	0.00310435178856231	0.00100312976486638	0.01159360812578551	0.0012866644858794	0.00212412264499445	1.2903225806451e-4	0.00187539070639716
014-10-1G06	8.7031360300161e-4	2.3240091270176e-4	1.8813436556388577e-5	0.00154589036337108	2.4841326029983e-4	0.00209334097219161	1.1014539191733e-4	1.8697180465185e-4	1.7419651855815e-4	1.0017430328772065e-5	1.9369477393052e-4	3.1119686313561e-4	1.5799192266295e-4	3.9308948682167e-4	3.497726477789437e-5	1.113164280784558e-5	0.001171748	3.50227e-4	2.95779e-4	1.53741e-4	3.26158e-4	4.87e-5	6.3377482732321e-4	1.8505789668481e-4	3.423778139176581e-5	3.4924068315983e-4	5.1118472171103e-4	2.2422362569602e-4	4.1175101595087e-4	1.1392116655274e-4	3.0093892945991493e-5	1.7099716999683655e-5	7.63275542470832e-5	4.6176579239009974e-5	6.451612903225807e-5	1.7860863870449e-4
AG11-2A01	0.00403245302724081	2.2183723485168e-4	2.9160826662402e-4	9.0321684152018e-4	2.1115127125485e-4	9.9158256577497e-4	0.00137181079024312	9.971829581432452e-5	8.5853998432231e-4	1.0017430328772065e-5	9.223560663358482e-6	4.2011576523308e-4	3.9497980665738466e-5	3.537805381395e-4	2.7981811822315e-4	2.2263285615691163e-5	7.92015e-4	2.21196e-4	8.87e-5	2.05e-5	5.15e-5	4.87e-5	0.00515613418839225	1.3218421191772e-4	2.5678336043824e-4	6.1962056689648e-4	0.00312845049687154	0.00134534175417616	0.00275694158506238	0.00167084377610693	3.1097022710857e-4	1.7099716999683e-4	4.0344564387743e-4	0.00117750277059475	4.516129032258e-4	0.00157770964188967
150055-015-1D02	0.0014892032762472	8.450942280064228e-5	4.1389560424054e-4	9.5532550545404e-4	1.8630994522487e-4	9.6954739764664e-4	1.9025113149357e-4	0.05119288011367885	0.00210280083116624	1.2020916394526e-4	0.00125440425021675	0.00214725835563577	0.00186627958645614	0.00161166689596886	2.0111927247289e-4	0.08799563639601933	0.002180753	0.003557571	7.0987e-4	6.15e-5	0.001733787	2.43632e-4	0.00131051743954969	7.4904386753379e-4	2.2254557904647e-4	3.1544319769275e-4	0.00237189710873921	4.5778990246272e-4	0.04704702912690882	0.00213602187286397	7.2225343070379e-4	4.702422174913e-4	8.8321884200196e-4	0.00207794606575544	6.6359447004608e-4	0.05816688000476289
011-10069-2G04	3.8680604577849e-4	1.1620045635088e-4	1.8813436556388577e-5	5.0371708469394e-4	0.00281949050440312	3.5256269005332e-4	0.00403532663115312	0.00498591479071622	1.2442608468439e-4	1.0017430328772065e-5	2.213654559206e-4	3.111968631356196e-5	3.3573283565877e-4	1.179268460465e-4	6.3833508219657e-4	9.6845292428256e-4	3.58034e-4	4.61e-5	8.87e-5	2.05e-5	1.3733e-4	2.44e-5	2.4706476319379e-4	4.406140397257618e-5	2.567833604382436e-5	6.9848136631967e-4	1.2268433321064e-4	0.00225157890803094	1.6111996276338e-4	6.645401382243488e-5	1.0031297648663832e-5	5.129915099905097e-5	1.1994329953113e-4	1.3852973771702e-4	3.5023041474654e-4	1.0418837257762e-4
SFV020-5C05	0.00440958892187484	4.4367446970337e-4	9.9711213748859e-4	0.00314388939067602	5.0924718361466e-4	0.00326120488299325	1.6021147915248e-4	2.8669010046618e-4	0.00456643730791723	1.8031374591789e-4	5.2574295781143e-4	0.00304972925872907	5.134737486546e-4	0.0025354271899998	1.2242042672263e-4	2.7829107019613e-4	0.004665292	0.004635902	0.001804253	4.61222e-4	0.004360216	7.06533e-4	0.00859355698065375	0.00105747369534182	0.00954378156295472	0.00292911540714704	0.0074428495481127	0.00181247430770955	0.00499471884566497	0.00951241740715425	0.00253791830511194	0.01116611520079342	0.00425253516519463	0.00683413372737347	8.7557603686635e-4	0.00494150567082427
C1-2D03	0.00231116612352651	6.33820671004817e-5	2.5398139351124e-4	0.00165010769123879	0.00442175603333705	0.00158653210523996	0.018975047062122	0.03081295340662628	3.8572086252161e-4	1.6027888526035e-4	1.1990628862366e-4	1.8671811788137e-4	5.2334824382103e-4	1.179268460465e-4	0.00188877229800629	0.00404078633924794	0.001551481	4.14743e-4	6.65503e-4	1.43491e-4	3.6049e-4	7.31e-5	0.005875844585522	6.2567193641058e-4	1.7974835230677e-4	0.00561038258753548	0.00380321432953011	0.01872267274561829	0.00533486098927657	9.1136933242196e-4	1.5046946472995e-4	5.984900949889279e-5	8.286991603969e-4	7.3882526782415e-4	0.00415668202764977	0.00154794153543893
R95-2G09	0.00228215567009312	2.112735570016e-4	6.2084340636082e-4	0.00149378169943722	4.5956453155469e-4	0.00178484861839495	7.009252212921056e-5	0.00415077406327125	0.00456643730791723	4.0069721315088e-4	0.0016879116013946	0.00350096471027572	0.00100719850697633	0.00477603726488335	1.6614200769499e-4	0.01142106552084956	0.001063253	0.002838684	3.84513e-4	5.12e-5	0.002403268	2.19269e-4	0.00113864629993662	1.5862105430127e-4	8.559445347941454e-5	3.6050651164886e-4	3.476056107635e-4	1.5882506820135e-4	0.00254211496804454	0.00153793574846206	5.1159618008185e-4	1.6244731149699e-4	0.00109039363210118	0.00184706316956039	2.5806451612903e-4	0.00349775250796296
K77-2A04	0.0014118420670915	2.112735570016057e-5	2.5398139351124e-4	0.00198012922948655	0.00674442001714051	0.00130007491957163	0.01991628950214282	0.02109041956472963	0.0039567494929637	7.8135956564422e-4	0.00374476562932354	0.00312752847451297	0.02058832242201617	0.0056801430845732	0.06047569080097936	0.12070040296546963	8.35413e-4	0.003262643	2.95779e-4	4.1e-5	0.001459127	2.67995e-4	5.2635536506504e-4	2.0268245827385e-4	9.4153898827356e-5	0.00109278536343562	6.9521122152701e-4	0.00129862849882282	5.5496876062944e-4	0.00159489633173843	1.3040686943262e-4	2.6504561349509e-4	0.00187547704721404	0.00159309198374584	0.00285714285714285	0.00105676777900157
36.d.02	0.00483507557223119	6.6551170455505e-4	0.00118524650305248	0.00319599805460988	7.452397808995e-4	0.00630205808470318	4.1054191532823e-4	6.232393488395284e-5	0.00109494954522266	9.015687295894856e-5	3.689424265343393e-5	0.00107362917781788	4.3447778732312e-4	0.00147408557558128	4.372158097236796e-5	3.3394928423536746e-5	0.004654443	0.001281094	0.001449318	4.9197e-4	0.001029972	1.58361e-4	0.0061873610260707	3.6130351257512e-4	2.9958058717795e-4	0.00178000090126627	0.00425305688463583	0.00140139766060017	0.00309708372867398	0.00154742917900812	1.7053206002728e-4	7.694872649857645e-5	7.9598735143386e-4	0.00163926856298485	1.1059907834101e-4	0.00117584020480457
W85-1D12	0.00249489899527129	4.225471140032114e-5	1.8813436556388577e-5	7.6426040436323e-4	1.1178596713492e-4	6.1698470759331e-4	1.001321744703008e-5	8.2267594046817e-4	0.00231432517512971	1.0017430328772e-4	5.6263720046486e-4	6.3795356942802e-4	6.912146616504231e-5	6.2894317891467e-4	1.7488632388947183e-5	9.1279471024333e-4	8.13714e-4	0.001253445	3.69724e-4	8.2e-5	7.38147e-4	1.21816e-4	0.00353410030829385	1.4099649271224e-4	7.7035008131473085e-05	5.1822811049524e-4	0.00196294933137038	1.9619567248402e-4	0.00324030147335254	0.00551568314726209	6.7209694246047e-4	1.9664674549636e-4	0.00112310544106422	0.00318618396749168	1.4746543778801e-4	0.00504569404340189
024-10128-3E06	0.00189534962431462	4.8592918110369e-4	6.6787699775179e-4	0.00218856388522198	6.0861248773459e-4	0.00299678286545326	9.011895702327072e-5	2.7422531348939e-4	0.00996652938321989	0.00104181275419229	0.0075079783799738	0.01072073193502209	0.00228100838344639	0.01428880284596788	9.4438614900314e-4	7.1242513970211e-4	0.001876966	0.008903144	8.28182e-4	1.53741e-4	0.007501631	8.52712e-4	0.00224506676119579	2.7318070462997e-4	2.7390225113412e-4	9.6886125005632e-4	0.0020242914979757	6.5398557494674e-4	0.00114574195742852	0.00862952836637047	0.0018557900650028	9.404844349826e-4	0.00608439646712463	0.00805781307720724	0.00147465437788018	0.00620665019498109
AG2-B02	0.01269690845267911	0.3974689427871207	0.00167439585351858	0.00710414784964913	0.01101712809429767	0.01280243268256136	0.01628149156887091	0.00294168972652257	0.02168746656048974	0.5026045318854807	0.00410448449519452	0.00981826103192879	0.01342931342635107	0.01360089624402995	0.02625043721580972	0.0016363514927533	0.009753716	0.012801725	0.002454968	0.001568153	0.005682013	0.001961238	0.00779865295994328	0.34068277551595905	0.00133527347427886	0.01175025911405524	0.00644092749355907	0.01463993422773646	0.00540646986161585	0.00976874003189792	0.40035912045582217	0.00963569052932174	0.01087122451204885	0.02941448097524935	0.01701382488479263	0.00747179471913791
01.e.01	0.00514452040885399	6.5494802670497e-4	0.00142041446000733	0.00401236712290696	0.00106817701928928	0.00775637918117315	2.8037008851684e-4	3.1161967441976e-4	0.00516368251440231	9.7169074189089e-4	0.00209374827058237	0.00664405302794547	0.00119481391513858	0.00953242005542561	4.9842602308499e-4	5.7884542600797e-4	0.003493545	0.005032212	0.001197906	3.68977e-4	0.003192914	6.69988e-4	0.00606919961758671	7.0498246356121e-4	4.7932893948472e-4	0.00211797575593709	0.00597063754958491	0.00101834896670279	0.00332981256377665	0.00620870357712463	0.00224701067330069	4.702422174913e-4	0.00314033366045142	0.00669560398965644	4.8847926267281e-4	0.00339356413538534
01.f.01	0.00286236473876086	9.507310065072255e-5	3.8567544940596e-4	0.00180643368304036	4.2230254250971e-4	0.00231369265347494	1.9025113149357e-4	6.232393488395284e-5	4.8526173026913e-4	5.0087151643860314e-5	3.2282462321754e-4	3.267567062924e-4	5.92469709986077e-5	4.9136185852709e-4	6.995452955578873e-5	1.1131642807845e-4	0.002799175	6.63588e-4	9.16916e-4	2.97232e-4	5.49319e-4	1.09634e-4	0.00295403521209972	5.2873684767091e-4	1.1127278952323e-4	0.00102519039250146	0.00329202960781908	4.8581785567472e-4	0.00250631053187489	4.4619123566491e-4	1.2037557178396e-4	1.7099716999683655e-5	2.2898266274124e-4	3.9250092353158e-4	2.7649769585253457e-5	2.6791295805673e-4
AG11-2B01	0.00575373993095512	6.4438434885489e-4	0.00217295192226288	0.00868477732230945	0.02855510427146601	0.0112159005773214	0.03676853446549445	3.864083962805e-4	0.00396919210143214	4.2073207380842e-4	0.00234278440849305	0.00412335843654696	0.0136366778248462	0.00788144421077458	0.02029555788737321	7.1242513970211e-4	0.006715851	0.003751118	0.003002159	5.53466e-4	0.004411714	4.01993e-4	0.00410342345826216	8.9885264104055e-4	8.3026619875032e-4	0.00985759992789869	0.00566392671655829	0.02399192794947494	0.00307918151058916	0.00185121895648211	7.1222213305513e-4	5.9849009498892e-4	0.00480863591756624	0.00357868489102327	0.01366820276497696	0.00217307177090465
R95-2F07	0.00304609761050565	4.225471140032114e-5	3.7626873112777e-4	0.00104217327867713	3.6019922743476e-4	9.2547706138997e-4	3.003965234109024e-5	0.03259541794430733	5.2258955567445e-4	7.012201230140445e-5	8.301204597022635e-5	1.2447874525424e-4	2.1723889366156e-4	1.3758132038758e-4	1.7488632388947183e-5	0.00542111004742079	0.001269394	1.8433e-4	4.43669e-4	1.12743e-4	1.3733e-4	4.87e-5	0.00307219662058371	4.053649165477e-4	5.9916117435590176e-5	5.6329142445135e-4	0.00139042244305402	1.2145446391868e-4	0.02402477666982939	3.0378977747398e-4	5.015648824331915e-5	1.1114816049794e-4	1.0903936321011e-4	2.7705947543405e-4	1.0138248847926e-4	0.00232191230315839
R95-1C11	0.00147953312510274	2.112735570016057e-5	3.762687311277715e-5	3.8213020218161e-4	2.3599259728484e-4	5.0680886695165e-4	9.2121600512676e-4	0.00189464762047216	7.465565081063594e-5	1.0017430328772065e-5	2.7670681990075447e-5	4.667952947034294e-5	7.899596133147693e-5	5.8963423023251246e-5	6.995452955578873e-5	1.224480708863e-4	8.24563e-4	1.65897e-4	1.4789e-4	4.1e-5	5.15e-5	1.09634e-4	0.00263177682532521	2.2911930065739e-4	3.423778139176581e-5	4.6189896805011e-4	0.00214697583118635	3.176501364027e-4	0.00200504842549991	3.6075036075036e-4	1.2037557178396e-4	4.274929249920914e-5	6.542361792607131e-5	3.4632434429257e-4	5.5299539170506914e-5	4.7628970321197e-4
AG12-3D05	0.00138283161365812	1.9014620130144e-4	7.0550387086457e-4	0.00128534704370179	2.4841326029983e-4	0.00143228592834163	8.010573957624064e-5	1.7450701767506e-4	8.5853998432231e-4	2.1036603690421e-4	3.9661310852441e-4	0.00110474886413144	2.6661136949373e-4	0.00149374004992236	3.497726477789437e-5	4.4526571231382325e-5	0.001095801	9.40084e-4	5.47192e-4	1.33242e-4	6.00817e-4	1.09634e-4	0.0011279043537108	1.5862105430127e-4	1.0271334417529e-4	5.9708890991843e-4	0.00120639594323804	2.8027953212003e-4	0.00114574195742852	9.5883648515227e-4	2.3071984591926e-4	3.419943399936731e-5	4.6886926180351e-4	6.4647210934613e-4	1.0138248847926e-4	0.00148840532253743
034-100809-1F05	3.868060457784955e-5	2.112735570016057e-5	9.406718278194289e-6	1.736955464461891e-5	3.726198904497522e-5	8.814067251333127e-5	6.007930468218048e-5	1.9943659162864e-4	1.4931130162127e-4	1.0017430328772065e-5	9.223560663358482e-6	2.3339764735171e-4	2.3698788399443e-4	3.3412606379842e-4	7.5201119272472e-4	0.00152503506467484	4.34e-5	1.75114e-4	2.96e-5	1.02e-5	2.74659e-4	6.09e-5	4.2967784903268774e-5	8.812280794515236e-6	8.559445347941453e-6	4.506331395610833e-5	1.022369443422e-4	2.896221831907e-4	1.4321774467856e-4	6.645401382243488e-5	1.9059465532461e-4	9.404844349826012e-5	2.1807872642023e-4	1.8470631695603e-4	9.6774193548387e-4	8.1862292739558e-4
034-100809-1F04	0.0013344808579358	0.01371165384940421	2.822015483458286e-5	6.2530396720628e-4	3.4777856441976e-4	7.7123088449164e-4	2.2029078383466e-4	1.6204223069827e-4	8.3365476738543e-4	0.0131228337306914	1.5680053127709e-4	5.2903466733055e-4	2.2711338882799e-4	5.6997975589142e-4	1.2242042672263e-4	1.113164280784558e-5	6.50971e-4	0.001124414	2.36623e-4	9.22e-5	4.11989e-4	1.70542e-4	0.00165425971877584	0.03439433194099297	2.5678336043824e-4	0.00100265873552341	0.0014313172207909	5.0450315781606e-4	9.3091534041067e-4	0.00139553429027113	0.02958229676590964	5.9849009498892e-4	7.3056373350779e-4	0.00173162172146287	4.2396313364055e-4	8.0373887417021e-4
AG13-3E04	0.00270764232044946	1.9014620130144e-4	1.3169405589472e-4	0.0018411727923296	2.980959123598e-4	0.00343748622801992	1.4018504425842e-4	1.3711265674469e-4	0.0046535355671963	9.9172560254843e-4	0.00258259698574037	0.00525922698699197	0.00112569244897354	0.00797971658248	5.5089192025183e-4	2.2263285615691e-4	0.00270153	0.007188874	0.001079594	4.71471e-4	0.00578501	9.01439e-4	0.0024384217932605	2.1149473906836e-4	2.7390225113412e-4	7.3227885178676e-4	0.00224921277552856	4.3910460032138e-4	0.00245260387762043	0.00687324371534897	0.00118369312254233	4.4459264199177e-4	0.00293315887035219	0.00586442556335426	4.7926267281105e-4	0.00513499836275414
S5V2-52-Ig	9.4767481215731e-4	1.1620045635088e-4	1.8813436556388e-4	3.4739109289237e-4	1.1178596713492e-4	4.4070336256665e-4	1.001321744703008e-5	8.725350883753397e-5	2.1152434396346e-4	2.003486065754413e-5	9.223560663358482e-6	9.335905894068588e-5	3.9497980665738466e-5	1.179268460465e-4	8.744316194473592e-6	2.2263285615691163e-5	5.64175e-4	1.8433e-4	8.87e-5	4.1e-5	1.02997e-4	3.65e-5	0.00156832414896931	1.4099649271224e-4	5.135667208764872e-5	4.0556982560497e-4	0.00157444894286999	4.1107664710938e-4	0.00128895970210709	2.6581605528973e-4	9.028167883797448e-5	8.549858499841827e-6	1.3084723585214e-4	6.6956039896564e-4	3.686635944700461e-5	3.423332241836e-4
W85-2C10	0.00386806045778495	2.7465562410208e-4	8.183844902029e-4	0.00453345376224553	0.00110543900833426	0.00539861619144154	2.2029078383466e-4	0.09798569042455064	0.0035461434135052	5.1088894676737e-4	0.00351417661273958	0.00365656314184353	0.00276485864660169	0.00503154543131743	2.7981811822315e-4	0.08979896253089031	0.004144516	0.003511488	0.001700731	3.99725e-4	0.002763759	3.53266e-4	0.00241693790080886	0.00107509825693085	3.1669947787383e-4	8.4493713667703e-4	0.00290352921931869	5.2318845995739e-4	0.04106768828657871	0.00170881749829118	5.2162747773051e-4	6.4978924598797e-4	0.0010140660778541	0.00180088659032138	6.1751152073732e-4	0.02802667222337987
W85-1H07	0.0032395006333949	4.4367446970337e-4	0.00104414572887956	0.00286597651636212	6.3345381376457e-4	0.00460535013882155	2.3030400128169e-4	0.02709844688754269	8.0876955044855e-4	6.0104581972632384e-5	4.2428379051449e-4	5.2903466733055e-4	3.2585834049234e-4	0.00104168714007743	5.246589716684155e-5	0.00438586726629115	0.003319952	6.82021e-4	0.001094383	2.76733e-4	3.43324e-4	3.65e-5	0.00352335836206803	8.5479123706797e-4	1.7974835230677e-4	0.00132936776170519	0.00410992516255674	6.2595762173474e-4	0.01324764138276732	7.4048758259284e-4	3.8118931064922e-4	1.4534759449731e-4	2.5079053538327e-4	7.3882526782415e-4	1.2903225806451e-4	0.00212841961122853
AG11-3F04	0.00189534962431462	7.7114848305586e-4	1.8813436556388577e-5	8.5110817758632e-4	2.7325458632981e-4	0.0013441452558283	5.00660872351504e-5	4.9859147907162265e-5	2.861799947741e-4	2.3040089756175e-4	8.301204597022635e-5	1.7115827472459e-4	2.962348549930385e-5	3.537805381395e-4	8.744316194473592e-6	2.2263285615691163e-5	0.001150049	2.85712e-4	4.58458e-4	1.53741e-4	3.43324e-4	8.53e-5	0.00261029293287357	0.0090237755335836	1.2839168021912e-4	7.097471948087e-4	0.00278084488610804	4.5778990246272e-4	0.00213036395209366	6.0757955494797e-4	0.00129403739667763	4.274929249920914e-5	3.3802202595136e-4	7.1573697820465e-4	6.451612903225807e-5	3.423332241836e-4
100F4	0.00276566322731624	6.33820671004817e-5	1.0347390106013e-4	0.00133745570763565	0.03343642483635777	0.00130007491957163	7.009252212921056e-5	1.3711265674469e-4	0.00205303039729248	7.012201230140445e-5	3.1360106255418e-4	7.4687247152548e-4	0.02590080082155799	0.00263369956170522	2.623294858342e-4	1.1131642807845e-4	9.76457e-4	9.67733e-4	2.07045e-4	4.1e-5	2.40327e-4	3.65e-5	0.00373819728658438	3.1724210860254e-4	7.1043396387914e-4	0.01967013654184129	0.00339426655216128	3.6436339175604e-4	0.00213036395209366	0.00453785980101769	6.921595377578e-4	2.9069518899462e-4	0.02241849307600043	0.00459456963428149	1.1981566820276e-4	0.00296192659184949
56.e.01	0.0014892032762472	3.5916504690272e-4	0.01449575286669739	0.0028486069617175	0.02436934083541379	0.00231369265347494	1.2015860936436e-4	7.6035200558422e-4	0.00644527118665157	8.9155129926071e-4	0.05637440277444704	0.00496358996701313	0.05528729843686741	0.0072525010318599	4.4596012591815e-4	8.571364962041e-4	0.001312792	0.003926231	5.61981e-4	1.02494e-4	0.002111443	1.70542e-4	0.00100974294522681	2.5555614304094e-4	3.6805614996148e-4	0.01088279032040016	0.00247413405308142	3.0830748533203e-4	9.3091534041067e-4	0.00173729778992936	5.7178396597383e-4	7.6948726498576e-4	0.02370515756187984	0.00364794975988178	3.7788018433179e-4	0.00177120233381954
R95-2A05	0.01734825115316552	4.0141975830305e-4	4.4211575907513e-4	0.00399499756826235	0.00101849436722932	0.00462738530694989	3.6047582809308e-4	2.1190137860543e-4	0.00460376513332255	1.8031374591789e-4	2.7670681990075447e-5	0.00110474886413144	4.6410127282242e-4	0.00127754083217044	3.497726477789437e-5	8.905314246276465e-5	0.010513182	0.003364024	0.001005649	3.48478e-4	7.20981e-4	1.70542e-4	0.00764826571278184	4.1417719734221e-4	2.6534280578618e-4	0.00188139335766752	0.00539811066126855	7.7544003886542e-4	0.00474408779247748	0.00127211969317232	3.2100152475724e-4	6.839886799873462e-5	6.9785192454476e-4	0.00138529737717029	9.216589861751152e-5	0.00116095615157919
019-10117-3E02	0.00227248551894866	4.6480182540353e-4	2.8220154834582e-4	0.00149378169943722	4.471438685397e-4	0.00277643118416993	1.4018504425842e-4	0.0081893650437514	0.00868494071097064	0.00102177789353475	0.00139275766016713	0.00504138918279703	0.00167866417829388	0.0073704278779064	5.3340328786288e-4	0.04032994189282454	0.001725073	0.008663515	6.65503e-4	9.22e-5	0.005905174	7.18715e-4	0.00344816473848731	5.9923509402703e-4	5.0500727552854e-4	0.001250506962282	0.00363963521858258	6.6332822601741e-4	0.01476932991997708	0.01278765094554568	0.00230719845919268	9.0628500098323e-4	0.00571366263221022	0.00905060953084595	0.0012258064516129	0.050218795582413
019-10-4A03	0.00200172128690371	2.112735570016e-4	5.0796278702249e-4	0.00201486833877579	4.2230254250971e-4	0.00163060244149662	0.00577762646693635	0.03796774113130406	6.967860742326e-4	1.7029631558912e-4	5.534136398015e-4	8.5579137362295e-4	6.9121466165042e-4	7.2721555062009e-4	0.0020199370409234	0.02522430260257809	0.002083107	9.30867e-4	8.5776e-4	1.84489e-4	0.001064305	1.21816e-4	0.00152535636406604	5.7279825164349e-4	5.135667208764872e-5	8.2240547969897e-4	0.00155400155400155	0.01021151762023992	0.04031579512701624	5.9808612440191e-4	2.0062595297327e-4	2.3939603799557e-4	3.4892596227238e-4	6.2338381972663e-4	0.0032258064516129	0.01262167713511743
R95-1E05	4.7383740607865e-4	1.0563677850080284e-5	9.406718278194289e-6	6.947821857847565e-5	3.3535790140477e-4	8.814067251333127e-5	0.00136179757279609	0.00157056315907561	6.8434346576416e-4	2.003486065754413e-5	2.0291833459388e-4	1.8671811788137e-4	4.4435228248955e-4	1.9654474341083e-4	0.00184505071703392	0.0056660061891934	1.73592e-4	5.43774e-4	2.96e-5	1.02e-5	1.88828e-4	1.22e-5	5.5858120374249e-4	1.0574736953418e-4	1.7118890695882905e-5	4.6189896805011e-4	8.5879033247454e-4	5.9792966852274e-4	6.4447985105354e-4	0.0018796992481203	1.4043816708129e-4	2.5649575499525484e-5	0.0012866644858794	0.00131603250831178	0.00173271889400921	0.0030512309112017302
R95-1A04	7.446016381236e-4	9.507310065072255e-5	1.8813436556388577e-5	4.8634753004932e-4	8.1976375898945e-4	3.3052752192499e-4	0.00207273601153522	0.00294168972652257	1.7419651855815e-4	2.003486065754413e-5	1.8447121326716965e-5	1.2447874525424e-4	2.7648586466016e-4	2.35853692093e-4	3.6726128016789e-4	0.00145824520782777	4.66529e-4	1.01382e-4	1.03523e-4	3.07e-5	3.43e-5	1.22e-5	9.3454932164609e-4	1.4980877350675e-4	3.423778139176581e-5	3.8303816862692e-4	7.1565861039545e-4	4.6713255353339e-4	9.4881755849549e-4	2.8480291638186e-4	1.0031297648663e-4	1.7099716999683655e-5	8.723149056809508e-5	4.6176579239009974e-5	1.1981566820276e-4	3.423332241836e-4
017-10116-3D04	0.00221446461208188	1.0563677850080284e-5	6.584702794736001e-5	0.00114639060654484	0.01049546024766802	0.00130007491957163	0.01067408979853406	0.01933288460100217	2.6129477783722e-4	4.006972131508825e-5	4.611780331679241e-5	1.4003858841102e-4	7.702106229819e-4	2.7516264077517e-4	6.7331234697446e-4	0.00202595899102789	0.001019855	9.22e-5	2.07045e-4	7.17e-5	1.72e-5	2.44e-5	0.00299700299700299	6.3448421720509e-4	1.7118890695882e-4	0.00414582488396196	0.00214697583118635	0.00891288912141709	0.00470828335630784	2.5632262474367e-4	7.021908354064681e-5	6.839886799873462e-5	3.5982989859339e-4	3.2323605467306e-4	9.0322580645161e-4	2.8279701128211e-4
R95-1G07	0.0093316958544062	4.9649285895377e-4	7.5253746225554e-4	0.00889321197804488	0.03167269068822893	0.0042307522806399	0.1496275083109705	0.2303617281180665	0.00433002774701688	0.00124216136076773	0.00286852736630448	0.00230285678720358	0.01342931342635107	0.00473672831620118	0.04973767051416579	0.1251085335173765	0.005435608	0.002755735	0.00128664	2.25486e-4	8.41144e-4	1.21816e-4	0.00570397344590893	0.00221188247942332	7.446717452709e-4	0.01506241268982921	0.00619555882713777	0.09234276318248066	0.0232549812921821	0.00242082478924584	6.2194045421715e-4	0.00145347594497311	0.00616072402137171	0.00341706686368673	0.06002764976958525	0.01076117048194564
AG12-C05	0.00292038564562764	4.5423814755345e-4	4.797426321879e-4	0.00206697700270965	0.0042106047620822	0.00323916971486492	0.00678896142908639	0.00926133672375539	0.00274981647152509	3.4059263117825e-4	6.3642568577173e-4	0.00208501898300865	0.00250812177227439	0.00292851667682147	0.00441587967820916	0.01095353652292005	0.003428447	0.004580603	0.001345795	3.07481e-4	0.003295911	5.11627e-4	0.00517761808084388	7.5785614832831e-4	4.5365060344089e-4	0.00821278896850074	0.00617511143826933	0.02494487835868306	0.01811704470183856	0.0054872028556239	9.7303587192039e-4	9.1483485948307e-4	0.00949732853560135	0.00501015884743258	0.03703225806451613	0.0228470217009496
W85-3B07	0.00460299194476409	3.0634665765232e-4	2.3516795695485e-4	0.00281386785242826	7.8250176994447e-4	0.00392225992684324	0.00290383305963872	0.00610774561862737	0.00223966952431907	2.0034860657544e-4	2.213654559206e-4	0.00149374494305097	4.9372475832173e-4	0.00212268322883704	0.00153025533403287	0.00608900861589153	0.005685147	0.002211961	0.001759886	4.61222e-4	0.00235177	3.7763e-4	0.00706820061658771	8.6360351786249e-4	4.8788838483266e-4	0.00254607723852012	0.00496871549503128	0.00436301805000186	0.00809180257433896	0.00379737221842485	6.6206564481181e-4	5.8994023648908e-4	0.00175553374768291	0.0042020687107499	0.00156682027649769	0.00479266513857053
K77-2E07	0.00716558199804663	0.00139440547621059	0.00153329507934566	0.01184603626763009	0.0052539404553415	0.02064695253624785	0.04299675571754716	0.10060329568967666	0.00482773208575445	0.00167291086490493	0.00498072275821358	0.00770212236260658	0.00755398880232248	0.01460327443542522	0.0300979363413781	0.11178395707638532	0.011044809	0.006681966	0.003800763	8.30199e-4	0.00470354	6.57807e-4	0.00497352110255336	0.00250268774564232	6.9331507318325e-4	0.00481050876481456	0.00758598127019179	0.03795919130012332	0.05347392541935945	0.00353155616313511	0.00118369312254233	0.001350877642975	0.00341293206847672	0.00554118950868119	0.02225806451612903	0.0301550918346084
AG13-3D02	6.0921952210113e-4	3.169103355024085e-5	3.198284214586e-4	6.7741263114013e-4	1.7388928220988e-4	9.0344189326164e-4	1.2015860936436e-4	7.47887218607434e-5	9.829660690067e-4	1.0017430328772065e-5	0.00123595712889003	8.2467168730939e-4	2.567368743273e-4	0.00139546767821694	3.497726477789437e-5	1.3357971369414e-4	7.59466e-4	0.001124414	3.99302e-4	9.22e-5	4.80654e-4	1.21816e-4	9.8825905277518e-4	7.049824635612189e-5	2.567833604382436e-5	2.8164571222567e-4	8.7923772134298e-4	1.3079711498934e-4	9.6671977658031e-4	0.00155692260955418	1.2037557178396e-4	1.025983019981e-4	4.9067713444553e-4	0.00131603250831178	2.2119815668202e-4	8.7815914029708e-4
008-10-1C03	0.00338455290056183	2.64091946252e-4	4.703359139097143e-5	0.00116376016118946	5.2166784662965e-4	0.00149839143272663	4.005286978812032e-5	9.971829581432452e-5	0.00515123990593388	2.7047061887684e-4	5.1651939714807e-4	0.00238065600298748	4.7397576798886e-4	0.00312506142023231	2.5358516963973e-4	1.224480708863e-4	0.00291852	0.006718832	6.95081e-4	1.43491e-4	0.004085556	2.67995e-4	0.00560729592987657	2.3793158145191e-4	3.6805614996148e-4	0.00114911450588076	0.00447797816218868	9.8097836242012e-4	0.00368785692547306	0.01472431077694235	0.00223697937565203	6.9253853848718e-4	0.00390360920292225	0.01376062061322497	0.00102304147465437	0.01077605453517101
150055-023-2E04	0.01738693175774337	0.00272542888532071	0.00446819118214228	0.07507121517404294	0.0055520363677013	0.01718743114009959	6.6087235150398e-4	0.00282950664373145	0.03867162711990941	0.00356620519704285	0.01059787120219889	0.1418590900603722	0.00828470144463864	0.03995754633542326	0.00272822665267576	0.00183672106329452	0.026624715	0.054045585	0.00797125	0.002090871	0.035207883	0.004507193	0.01906695455082551	0.00576323163961296	0.3166823589831379	0.00728899103240052	0.01560135770662086	0.00309241750439104	0.00868257577113804	0.03841041998936736	0.01351215793275018	0.43995861868486075	0.02893904699596554	0.03851126708533432	0.00477419354838709	0.01939392135266275
240-14-IgA-2F02	0.01325777721905793	3.2747401335248e-4	0.2785235214990546	0.0027617591884944	0.00235992597284843	0.00546472169582653	2.1027756638763e-4	6.481689227931e-4	0.01661088230536649	5.7099352874e-4	0.4197089044254644	0.00381216157341134	9.0845355531198e-4	0.00381296802217024	2.1860790486183e-4	0.00105750606674533	0.007681458	0.011124321	0.001641575	0.269179128	0.007089642	0.304479176	0.01742343677827549	6.8735790197218e-4	7.5323119061884e-4	0.00194898832860168	0.01361796098638203	8.0346799207743e-4	0.00775166043072736	0.017420445052024	0.00256801219805794	4.8734193449098e-4	0.00405626431141642	0.00967399335057258	0.00156682027649769	0.00802250468847676
W85-3C08	0.00692382821943507	5.7043860390433e-4	0.00174964959974413	0.00382130202181616	8.942877370794e-4	0.00634612842095985	2.5033043617575e-4	3.3654924837334e-4	0.00999141460015677	7.8135956564422e-4	0.00380933055396705	0.00829339640256426	0.00122443740063789	0.014013640205192711	6.5582371458551e-4	3.8960749827459e-4	0.003569491	0.006783348	9.02127e-4	3.79227e-4	0.005338689	8.64894e-4	0.0103767200541394	8.8122807945152e-4	0.00106993066849268	0.00223063404082736	0.00889461415777205	0.00192458612055756	0.00818131366476306	0.02232854864433811	0.00441377096541208	0.0016159232564701	0.00702213499073165	0.02239564093091984	0.00223963133640553	0.01522638644955794
014-10-3A02	0.00554099660577694	5.4931124820417e-4	0.00104414572887956	0.0385777808656986	0.00185067878923376	0.01042263452470142	6.007930468218e-4	5.1105626604841e-4	0.00487750251962821	5.7099352874e-4	0.00204763046726558	0.02495798842347669	0.00165891518796101	0.00910002161992177	6.5582371458551e-4	2.6715942738829e-4	0.010307041	0.008709597	0.003682451	9.7369e-4	0.005733512	5.96899e-4	0.00355558420074549	0.00133946668076631	0.12029444491996918	0.00140822856112838	0.00406903038481985	0.00152285212451885	0.00221987504251776	0.00245879851143009	7.4231602600112e-4	0.05789964176092885	0.00170101406607785	0.00337089028444772	3.9631336405529e-4	0.00223260798380615
AG10-A05	0.00121843904420226	2.3240091270176e-4	7.52537462255543e-5	7.9899951365247e-4	3.4777856441976e-4	0.00123396941518663	4.005286978812032e-5	1.246478697679e-4	0.00584802598016648	6.1106325005509e-4	0.00249036137910679	0.00507250886911059	0.00165891518796101	0.00522809017472827	2.7981811822315e-4	3.0055435581183e-4	0.001019855	0.007714215	7.39448e-4	2.04987e-4	0.007947952	0.001071981	0.00178316307348565	2.8199298542448e-4	3.3381836856971e-4	7.097471948087e-4	0.00149265938739622	2.3356627676669e-4	0.00123525304785262	0.00972127287916761	0.00248776181686863	5.5574080248971e-4	0.00469959655435612	0.00734207609900258	5.0691244239631e-4	0.00529872294823326
W85-1A11	0.007968204543037	9.1903997295698e-4	0.00126050024927803	0.00654832210102133	0.00201214740842866	0.01441099995592966	5.8076661192774e-4	3.864083962805e-4	0.00212768604810312	4.3074950413719e-4	0.00121751000756331	0.00233397647351714	6.2209319548538e-4	0.00438294777806167	1.5739769150052e-4	1.0018478527061e-4	0.010024954	0.00245159	0.003475406	6.66209e-4	0.001750953	1.58361e-4	0.00408193956581053	4.4061403972576e-4	3.5949670461354e-4	0.00141949438961741	0.0031080031080031	0.0011024328263388	0.00304337707441952	9.5883648515227e-4	2.8087633416258e-4	2.051966039962e-4	2.835023443463e-4	9.9279645363871e-4	2.7649769585253457e-5	6.5489834191647e-4
16.ND.89	0.00338455290056183	1.7958252345136e-4	1.505074924511e-4	0.00138956437156951	3.3535790140477e-4	0.00143228592834163	1.001321744703e-4	4.9859147907162265e-5	0.00189127648720277	2.1036603690421e-4	8.3934402036562e-4	8.0911184415261e-4	3.159838453259e-4	9.630692427131e-4	7.869884575026233e-5	6.678985684707349e-5	0.002376044	0.001769569	5.76769e-4	1.6399e-4	8.23978e-4	1.33998e-4	0.00309368051303535	2.0268245827385e-4	1.45510570915e-4	8.5620296516605e-4	0.00239234449760765	3.176501364027e-4	0.00223777726060258	0.00164236348446874	4.0125190594655e-4	1.4534759449731e-4	7.3056373350779e-4	0.00198559290727742	8.294930875576037e-5	0.00144375316286131
K77-2G04	1.5472241831139e-4	1.0563677850080284e-5	2.6338811178944e-4	1.0421732786771e-4	7.452397808995044e-5	1.1017584064166e-4	3.003965234109024e-5	6.3570413581631e-4	4.9770433873757295e-5	2.003486065754413e-5	9.223560663358482e-6	3.111968631356196e-5	9.874495166434617e-6	1.9654474341083747e-5	8.744316194473592e-6	4.3413406950597e-4	6.51e-5	1.84e-5	4.44e-5	1.02e-5	1.72e-5	1.22e-5	3.1151644054869e-4	8.812280794515236e-6	1.7118890695882905e-5	2.2531656978054165e-5	1.022369443422e-4	1.0276916177734e-4	7.8769759573211e-4	1.234145970988e-4	1.0031297648663832e-5	8.549858499841827e-6	1.0903936321011885e-5	4.6176579239009974e-5	7.373271889400921e-5	4.1675349031048e-4
AG4-C01	9.0899420757946e-4	5.281838925040142e-5	9.406718278194289e-6	5.558257486278e-4	1.366272931649e-4	7.9326605261998e-4	1.6021147915248e-4	1.7450701767506e-4	3.7327825405317e-4	1.0017430328772065e-5	7.378848530686786e-5	3.1119686313561e-4	9.874495166434617e-6	3.537805381395e-4	8.744316194473592e-6	1.113164280784558e-5	0.001703374	0.001142847	7.39448e-4	1.84489e-4	0.001098637	8.53e-5	0.0015038724716144	2.2911930065739e-4	1.5407001626294e-4	7.3227885178676e-4	0.00132908027644869	2.0553832355469e-4	6.086754148839e-4	5.8859269385585e-4	2.0062595297327e-4	2.2229632099588e-4	4.9067713444553e-4	4.3867750277059e-4	7.373271889400921e-5	5.0605780966272e-4
AG9-4B03	0.04587519702932956	0.00309515761007352	0.00341463873498452	0.02226776905440144	0.00915402864204891	0.03375787757260588	0.00132174470300797	0.00296661930047615	0.11855317348728989	0.00524913349227656	0.02102971831245734	0.05389929669508931	0.01100018761540816	0.0796988934530946	0.00376005596362364	0.00272725248792216	0.079353369000000007	0.121445885	0.015691088	0.005975381	0.05321523	0.007187146	0.03352561417077546	0.00350728775621706	0.00492168107506633	0.00974494164300842	0.02108125792336318	0.00408273851788183	0.01738305376036091	0.05004936583883952	0.01215793275018056	0.00548900915689845	0.02464289608548686	0.03920391577391947	0.00423041474654377	0.02646384663471556
236-14-IgG-1B03	6.4790012667898e-4	1.0563677850080284e-5	9.406718278194289e-6	1.5632599180157e-4	4.968265205996696e-5	1.3221100876999e-4	2.002643489406016e-5	3.73943609303717e-5	2.3640956090034e-4	1.0017430328772065e-5	9.223560663358482e-6	7.77992157839049e-5	9.874495166434617e-6	9.827237170541872e-5	8.744316194473592e-6	1.113164280784558e-5	2.1699e-4	1.29031e-4	1.03523e-4	2.05e-5	1.20163e-4	4.87e-5	5.8006509619412e-4	2.643684238354571e-5	5.9916117435590176e-5	1.3518994186832e-4	2.4536866642129e-4	3.737060428267125e-5	5.3706654254462e-4	2.6581605528973e-4	8.025038118931065e-5	8.549858499841827e-6	2.180787264202377e-5	3.6941263391207e-4	1.8433179723502303e-5	2.0837674515524e-4
C8-B04	0.01435050429838218	0.00259866475111975	0.00498556068744297	0.02235461682762454	0.00568866366086621	0.03146622008725926	0.00136179757279609	0.00148330965023807	0.01652378404608742	0.00312543826257688	0.01474847350071021	0.02558038214974793	0.00530260390437538	0.03170266711216808	0.00193249387897866	0.00211501213349066	0.024660953	0.017308596	0.011298767	0.003443787	0.023225873	0.002643408	0.01188059252575381	0.00151571229665662	0.00140374903706239	0.00483304042179261	0.0080562712141659509	0.00258791434657498	0.00640899407436581	0.01121174147489936	0.0026883877698419	0.00147912552047263	0.00620433976665576	0.01062061322497229	0.00134562211981566	0.00662340368529157
042-100809-2F04	0.0035199350165843	2.64091946252e-4	0.01725192132220832	0.00255332453275898	7.3281911788451e-4	0.00418668194438323	4.3056835022229e-4	1.9943659162864e-4	0.00184150605332902	1.0017430328772e-4	0.00660406943496467	0.00127590713885604	2.6661136949373e-4	0.00194579295976729	7.869884575026233e-5	1.6697464211768e-4	0.004860584	0.001981549	0.001759886	0.019842775	0.002094277	0.009440743	0.00555358619874748	6.6092105958864e-4	6.1628006505178e-4	0.0023320264972286	0.0040894777736883	0.00119585933704548	0.00306127929250434	0.00324675324675324	8.025038118931e-4	4.7879207599114e-4	0.00201722821938719	0.00383265607683782	5.3456221198156e-4	0.00230702824993302
31.a.55	0.00491243678138689	0.00354939575762697	0.3191041041511848	0.01514625165010769	0.001502900224814	0.0098056498171081	4.1054191532823e-4	6.1077456186273e-4	6.7190085729572e-4	0.00104181275419229	0.08359313029201793	0.00276965208190701	2.2711338882799e-4	8.8445134534876e-4	1.5739769150052e-4	1.5584299930983e-4	0.00629272	0.001188929	0.638868349	0.139411891	0.247004498	0.01830895	0.0065633291439743	6.1685965561606e-4	1.1127278952323e-4	0.001250506962282	0.00316934527460843	6.4464292387607e-4	0.00179022180848207	5.9808612440191e-4	5.7178396597383e-4	5.984900949889279e-5	3.4892596227238e-4	4.1558921315108e-4	2.3963133640552e-4	1.7860863870449e-4
01.ad.01	3.0944483662279e-4	1.0563677850080284e-5	0.00248337362544329	1.5632599180157e-4	4.968265205996696e-5	8.814067251333127e-5	1.001321744703008e-5	4.9859147907162265e-5	1.8663912702658e-4	8.01394426301765e-5	0.00358796509804644	6.2239372627123925e-05	5.92469709986077e-5	7.861789736433499e-5	8.744316194473592e-6	1.113164280784558e-5	9.76e-5	1.65897e-4	2.96e-5	0.004386729	1.54496e-4	0.002424139	2.0409697829052e-4	8.812280794515236e-6	3.423778139176581e-5	5.6329142445135415e-5	4.7028994397415e-4	3.737060428267125e-5	1.6111996276338e-4	2.4682919419761e-4	2.0062595297327663e-5	1.7099716999683655e-5	3.271180896303566e-5	9.235315847801996e-5	1.8433179723502303e-5	1.3395647902836e-4
FluA-152	0.00208875264720387	2.4296459055184e-4	9.5007854609762e-4	0.00165010769123879	6.5829513979456e-4	0.00365783790930324	2.6034365362278e-4	1.6204223069827e-4	2.9862260324254e-4	1.3022659427403e-4	2.7670681990075e-4	2.1783780419493e-4	1.3824293233008e-4	4.71707384186e-4	3.497726477789437e-5	1.113164280784558e-5	0.002343496	3.41011e-4	0.001123961	2.25486e-4	4.29155e-4	6.09e-5	0.0030614546743579	6.1685965561606e-4	2.9958058717795e-4	0.00168987427335406	0.00355784566310882	0.00119585933704548	0.00191553733507581	3.7973722184248e-4	1.0031297648663e-4	7.694872649857645e-5	2.3988659906226e-4	4.3867750277059e-4	6.451612903225807e-5	4.1675349031048e-4
034-100809-2E03	0.00409047393410759	2.9578297980224e-4	1.2228733761652e-4	0.00225804210380045	0.00131659027958912	0.0039002247587149	0.00313413706092041	0.00578366115723082	4.9770433873757e-4	4.006972131508825e-5	2.7670681990075447e-5	4.6679529470342e-4	1.6786641782938e-4	8.451423966666e-4	4.5470444211262e-4	0.00105750606674533	0.003840729	5.62207e-4	0.001671153	3.48478e-4	4.80654e-4	9.75e-5	0.00570397344590893	0.00144521405030049	5.7348283831207e-4	0.01111937271866973	0.00603197971619024	0.03830486938973803	0.04144363486635994	0.00116769195716564	4.5140839418987e-4	1.5389745299715e-4	0.00243157779958565	9.466198743997e-4	0.01110599078341013	0.0122942279641592
037-10036-4D02	0.01125605593215422	2.3240091270176e-4	7.7135089881193e-4	0.00399499756826235	0.00113028033436424	0.00572914371336653	0.00900188248488004	0.00433774586792311	0.00170463736017618	6.0104581972632384e-5	1.2912984928701e-4	8.7135121677973e-4	3.0610935015947e-4	0.00102203266573635	0.00137285764253235	0.00133579713694146	0.005110123	0.001059898	9.9086e-4	2.86982e-4	5.49319e-4	4.87e-5	0.00510242445726316	3.7011579336963e-4	3.2525892322177e-4	9.575954215673e-4	0.00398724082934609	7.6609738779476e-4	0.00263162605846864	0.00104427736006683	4.9153358478452e-4	1.7954702849667e-4	4.5796532548249e-4	8.0809013668267e-4	2.2119815668202e-4	8.1862292739558e-4
034-100809-2F01	0.00934136600555066	0.00179582523451364	0.00281260876518009	0.01261029667199333	0.00325421370992783	0.02494381032127275	9.5125565746785e-4	0.00108443646698077	0.02168746656048974	0.00313545569290565	0.01414894205759191	0.03286238874712143	0.00518410996237817	0.05697832111480178	0.00264952780692549	0.00155842999309838	0.035391125	0.046598649	0.010766364	0.002521344	0.040666735	0.004592464	0.00886210563629918	0.00166552107016337	0.00114696567662415	0.00310936866297147	0.00893550893550893	0.00208341118875892	0.00451135895737481	0.01565466697045644	0.00425327020303346	0.00256495754995254	0.00857049394831534	0.01733930550424824	0.00179723502304147	0.00958533027714107
041-102909-3G02	0.00787150303159238	0.06279050114087721	0.00216354520398468	0.00724310428680608	0.00231024332078846	0.01024635317967476	0.001001321744703	6.9802807070027e-4	0.00374522514900023	0.03550177308516819	0.00479625154494641	0.00426339702495798	0.0018564050912897	0.00511016332868177	4.5470444211262e-4	3.4508092704321e-4	0.01394163	0.004423922	0.006137419	0.001496408	0.005750678	7.55259e-4	0.00744416873449131	0.05052961807575036	5.7348283831207e-4	0.00387544500022531	0.00478468899521531	0.00239171867409096	0.00445765230312035	0.00421508316245158	0.02176791589760051	0.00106018245398038	0.00254061716279576	0.00540265977096416	8.479262672811e-4	0.00190515881284791
K77-1D03	0.00680778640570152	6.7607538240513e-4	8.183844902029e-4	0.00416869311470853	0.00132901094260411	0.00689700762416817	2.6034365362278e-4	3.1161967441976e-4	0.00609687814953526	6.0104581972632e-4	0.00201073622461214	0.00544594510487334	0.00101707300214276	0.00792075315945675	7.3452256033578e-4	3.8960749827459e-4	0.005522404	0.009188855	0.002055666	8.40448e-4	0.007930786	9.25802e-4	0.00422158486674615	6.2567193641058e-4	4.7076949413677e-4	0.00319949529088369	0.00327158221895064	7.1004148137075e-4	0.00220197282443294	0.00568656489709121	0.00295923280635583	9.6613401048212e-4	0.0088103805473776	0.01272164758034724	0.00111520737327188	0.00672759205786919
K77-2D01	0.00122810919534672	2.112735570016057e-5	2.822015483458286e-5	5.2108663933856e-4	1.366272931649e-4	7.2716054823498e-4	1.001321744703008e-5	3.6147882232692e-4	2.7373738630566e-4	1.0017430328772065e-5	2.7670681990075e-4	1.2447874525424e-4	2.962348549930385e-5	3.3412606379842e-4	8.744316194473592e-6	4.4526571231382325e-5	6.61821e-4	2.30413e-4	2.21834e-4	5.12e-5	1.3733e-4	2.44e-5	0.00166500166500166	1.3218421191772e-4	1.7118890695882905e-5	2.929115407147e-4	9.8147466568519e-4	4.1107664710938e-4	0.00186183068082135	5.1264524948735e-4	1.0031297648663832e-5	1.7099716999683655e-5	2.5079053538327e-4	5.5411895086811e-4	1.8433179723502303e-5	5.9536212901497e-4
W85-2B12	0.01084023943294233	0.00104580410715794	0.00156151523418025	0.00708677829500451	0.00221087801666852	0.01130404124983473	6.2081948171586e-4	3.4901403535013e-4	0.0087969241871866	0.0010017430328772	0.00115294508291981	0.00581938134063608	0.00167866417829388	0.00687906601937931	5.0717033927946e-4	7.1242513970211e-4	0.005750244	0.004451572	0.001656364	2.45985e-4	0.001819618	2.19269e-4	0.01059155897865575	0.00112797194169795	6.419584010956e-4	0.00365012843044477	0.00836298204719257	0.00181247430770955	0.00554968760629442	0.0066169210906053	0.00157491373084022	6.4978924598797e-4	0.00343473994111874	0.00572589582563723	8.0184331797235e-4	0.00427172327568243
01.o.02	6.7691058011236e-4	2.112735570016057e-5	2.2576123867666e-4	7.9899951365247e-4	2.6083392331482e-4	0.00136618042395663	9.011895702327072e-5	7.47887218607434e-5	1.9908173549502e-4	4.006972131508825e-5	1.4757697061373e-4	2.4895749050849e-4	8.887045649791154e-5	3.537805381395e-4	8.744316194473592e-6	1.113164280784558e-5	9.11359e-4	1.56681e-4	2.51412e-4	8.2e-5	1.88828e-4	7.31e-5	6.3377482732321e-4	6.168596556160665e-5	4.279722673970727e-5	3.6050651164886e-4	8.383429436061e-4	3.2699278747337e-4	4.8335988829015e-4	1.234145970988e-4	1.0031297648663e-4	8.549858499841827e-6	7.63275542470832e-5	3.0014776505356e-4	9.216589861751152e-6	1.0418837257762e-4
150055-029-2B03	0.01090793049095357	0.00132045973126003	0.00184371678252608	0.02402209407350795	0.00381314354560246	0.01848750605967123	5.9077982937477e-4	0.00127140827163263	0.02509674128084211	0.00305531625027547	0.01301444409599882	0.05018049418061866	0.00615181048868876	0.04011478213015193	0.00214235746764603	0.00203709063383574	0.016545514	0.023889181	0.004954302	0.001578403	0.021045765	0.002874858	0.0100007519362358	0.00190345265161529	0.04225798168278695	0.0036613942589338	0.00772911299227088	0.00184050226092155	0.00508422993608908	0.01630022024758867	0.00401251905946553	0.06946760031121485	0.01040235525024533	0.01766254155892131	0.00261751152073732	0.00784389604977227
56.j.01	0.00510583980427614	8.9791261725682e-4	0.01727073475876471	0.00331758493712221	0.00113028033436424	0.00575117888149486	5.2068730724556e-4	4.1133797023408e-4	0.01030247981186776	0.00134233566405545	0.03376745558855541	0.00829339640256426	0.00165891518796101	0.01149786748953399	9.0066456803078e-4	4.4526571231382e-4	0.008842357	0.015207233	0.003090893	0.290374819	0.016685549	0.443312909	0.00677816806849064	8.6360351786249e-4	6.6763673713943e-4	0.00303050786354828	0.00656361182676972	0.00181247430770955	0.00379527023398199	0.01238892686261107	0.00387208089238423	0.00190661844546472	0.00732744520771998	0.01507665312153675	0.00234101382488479	0.00842437412556187
024-10128-3F05	0.00846138225140459	6.9720273810529e-4	0.00154270179762386	0.00656569165566594	0.00162710685496391	0.00943105195892644	3.9051548043417e-4	1.9943659162864e-4	0.00108250693675422	1.6027888526035e-4	2.0291833459388e-4	9.4915043256363e-4	1.2836843716365e-4	0.00110065056310068	9.618747813920952e-5	1.5584299930983e-4	0.012878377	0.001373259	0.003031737	7.37954e-4	6.3515e-4	2.07087e-4	0.00674594222981319	5.5517369005445e-4	3.7661559530942e-4	0.00292911540714704	0.00490737332842596	0.00108374752419746	0.0040638035052543	7.3099415204678e-4	3.4106412005457e-4	3.4199433999367e-4	4.4706138916148e-4	0.00124676763945326	1.1059907834101e-4	5.3582591611347e-4
R95-2A04	0.00536693388517662	2.7465562410208e-4	1.0347390106013e-4	0.00281386785242826	0.00226056066872849	0.00379004891807324	0.00418552489285857	0.00715478772467778	0.00205303039729248	1.6027888526035e-4	0.00130052205353354	0.00133814651148316	8.3933208914694e-4	0.00172959374201536	0.00209863588667366	0.00411870783890286	0.004296409	0.001778785	0.001656364	3.99725e-4	0.001441961	1.70542e-4	0.00786310463729818	6.8735790197218e-4	2.8246169648206e-4	0.00369519174440088	0.00597063754958491	0.00266265555514032	0.00501262106374979	0.00377838535733272	3.8118931064922e-4	4.702422174913e-4	0.00189728491985606	0.00302456594015515	0.00214746543778801	0.00233679635638377
019-10117-3G01	0.00240786763497113	2.3240091270176e-4	0.00108177260199234	0.00241436809560202	8.0734309597446e-4	0.00394429509497157	0.0065586574278047	0.00160795752000598	3.6083564558474e-4	1.0017430328772065e-5	9.223560663358482e-6	2.6451733366527e-4	2.0736439849512e-4	4.3239843550384e-4	6.9954529555788e-4	1.5584299930983e-4	0.002451991	3.50227e-4	7.69026e-4	1.6399e-4	2.05994e-4	3.65e-5	0.00357706809319712	1.762456158903e-4	1.7974835230677e-4	0.00103645622099049	0.00370097738518791	0.00329795582794573	0.00252421274995972	4.0821751348067e-4	8.025038118931065e-5	3.419943399936731e-5	1.9627085377821e-4	6.4647210934613e-4	4.8847926267281e-4	3.8698538385973e-4
R95-2E02	0.00671108489425689	3.0634665765232e-4	3.4804857629318e-4	0.00264017230598207	9.1912906310938e-4	0.00361376757304658	1.7022469659951e-4	9.971829581432452e-5	0.00232676778359815	2.0034860657544e-4	5.995314431183e-4	0.00104250949150432	4.5422677765599e-4	0.00100237819139527	6.121021336131514e-5	2.2263285615691163e-5	0.004665292	0.001824868	0.001611997	3.48478e-4	7.72479e-4	1.58361e-4	0.00468348855445629	3.2605438939706e-4	1.7118890695882e-4	8.4493713667703e-4	0.00229010755326544	3.2699278747337e-4	0.0031149859467588	0.00173729778992936	1.2037557178396e-4	9.404844349826012e-5	5.3429287972958e-4	0.00129294421869227	6.451612903225807e-5	0.00114607209835382
C1-3E05	0.00138283161365812	5.281838925040142e-5	5.644030966916572e-5	4.5160842076009e-4	0.00124206630149917	7.0512538010665e-4	0.00713942403973244	9.971829581432452e-5	0.00108250693675422	7.012201230140445e-5	9.223560663358482e-5	4.3567560838986e-4	8.8870456497911e-4	6.4859765325576e-4	0.0053952430919902	1.224480708863e-4	0.001475534	0.001262661	4.14091e-4	5.12e-5	6.69482e-4	9.75e-5	0.00193355032064709	5.287368476709142e-5	1.5407001626294e-4	8.33671308188e-4	0.00169713327608064	0.01122986658694271	9.8462199466513e-4	0.00149046859573175	3.6112671535189e-4	1.2824787749762e-4	9.9225820521208e-4	0.00117750277059475	0.00895852534562212	0.00138421694995981
W85-3G10	0.00248522884412683	3.5916504690272e-4	4.2330232251874e-4	0.00330021538247759	0.00113028033436424	0.00486977215636155	1.2015860936436e-4	1.246478697679e-4	4.8526173026913e-4	1.0017430328772065e-5	1.0145916729694e-4	6.535134125848e-4	2.0736439849512e-4	8.8445134534876e-4	6.121021336131514e-5	1.113164280784558e-5	0.002300098	4.79258e-4	6.65503e-4	2.04987e-4	3.77656e-4	9.75e-5	0.00163277582632421	3.2605438939706e-4	1.7974835230677e-4	7.4354468027578e-4	0.00126773810984337	4.6713255353339e-4	5.0126210637497e-4	2.0885547201336e-4	5.015648824331915e-5	1.7099716999683655e-5	2.2898266274124e-4	3.0014776505356e-4	9.216589861751152e-6	4.4652159676123e-5
K77-2C09	1.3538211602247e-4	1.0563677850080284e-5	9.406718278194289e-6	3.473910928923782e-5	1.8630994522487e-4	2.2035168128332814e-5	3.5046261064605e-4	1.4957744372148e-4	1.1198347621595e-4	2.003486065754413e-5	1.8447121326716965e-5	1.2447874525424e-4	2.4686237916086e-4	9.827237170541872e-5	9.0940888422525e-4	7.792149965491907e-5	6.51e-5	2.30413e-4	2.96e-5	3.07e-5	1.20163e-4	1.22e-5	1.0741946225817e-4	8.812280794515236e-6	8.559445347941453e-6	7.886079942318958e-5	6.13421666053245e-5	7.6609738779476e-4	8.951109042410355e-5	2.9429634692792e-4	3.0093892945991493e-5	8.549858499841827e-6	2.1807872642023e-4	6.926486885851497e-5	0.00176036866359447	3.1256511773286e-4
W85-1E02	0.00561835781493264	0.00144722386546099	0.00286904907484925	0.00828527756548322	0.00204940939747363	0.01553479353047463	6.2081948171586e-4	3.7394360930371e-4	0.00482773208575445	9.2160359024702e-4	0.00437196775443192	0.00672185224372938	0.00135280583780154	0.01080996088759606	3.7600559636236e-4	4.897922835452e-4	0.0157318	0.007170441	0.004954302	0.001363166	0.008188279	8.77075e-4	0.00433974627523014	0.00117203334567052	6.9331507318325e-4	0.00252354558154206	0.00449842555105713	0.00159759333308419	0.00234519056911151	0.00265816055289739	0.00190594655324612	7.0108839698702e-4	0.0023879620543016	0.00519486516438862	6.4516129032258e-4	0.00253028904831363
017-10-5E01	0.0106178259566197	0.00272542888532071	0.10924962608294844	0.02897241714722434	0.00424786675112717	0.03230355647613591	8.1107061320943e-4	5.8584498790915e-4	0.00160509649242867	9.6167331156211e-4	0.0149513918353041	0.00407667890707661	7.3071264231616e-4	0.00391124039387566	2.5358516963973e-4	2.7829107019613e-4	0.022773137	0.003004581	0.006891656	0.003536032	0.002471933	5.23809e-4	0.01204172171914107	0.00421227021977828	0.02375246084053753	0.00408949574151683	0.08109434425223899	0.00284016592548301	0.00644479851053545	0.00198412698412698	0.00113353663429901	0.00338574396593736	0.0012866644858794	0.0064878093830809	5.7142857142857e-4	0.00101211561932545
C8-A06	0.01019233930626335	9.4016732865714e-4	0.00181549662769149	0.00677412631140137	0.00213635403857857	0.01033449385218809	5.5072695958665e-4	4.1133797023408e-4	0.00460376513332255	5.8101095906877e-4	0.00182626501134497	0.00371880251447065	5.8259521481964e-4	0.00438294777806167	2.973067506121e-4	2.5602778458044e-4	0.008777259	0.0040921280000000004	0.003490195	7.48204e-4	0.003295911	3.16722e-4	0.01415788512562706	0.00106628597613634	9.8433621501326e-4	0.0039543057996485	0.00799492904756062	0.00209275383982959	0.00764424712221844	0.00762322472848788	0.00115359922959634	4.6169235899145e-4	0.00268236833496892	0.00487162910971555	3.9631336405529e-4	0.00473312892566903
C1-2-2D06	0.00760073879954743	1.9014620130144e-4	3.3864185801499e-4	0.0031265198360314	8.942877370794e-4	0.00354766206866158	1.1014539191733e-4	1.9943659162864e-4	0.00225211213278751	8.01394426301765e-5	6.6409636776181e-4	6.6907325574158e-4	2.0736439849512e-4	0.00102203266573635	6.995452955578873e-5	7.792149965491907e-5	0.00470869	0.001548373	0.001197906	2.86982e-4	6.17983e-4	1.09634e-4	0.00383487480261673	1.9387017747933e-4	1.5407001626294e-4	6.3088639538551e-4	0.00216742322005479	5.1384580888672e-4	0.00179022180848207	7.2150072150072e-4	1.103442741353e-4	5.129915099905097e-5	2.3988659906226e-4	8.5426671592168e-4	7.373271889400921e-5	4.9117375643735e-4
045-09-1G05	5.4152846408989e-4	4.8592918110369e-4	1.3169405589472e-4	0.0018411727923296	0.00173889282209884	5.5087920320832e-4	2.002643489406016e-5	1.7450701767506e-4	1.9908173549502e-4	9.015687295894856e-5	9.223560663358482e-6	2.6451733366527e-4	4.1472879699025e-4	1.3758132038758e-4	8.744316194473592e-6	4.4526571231382325e-5	8.8966e-4	2.30413e-4	2.51412e-4	0.002767329	1.02997e-4	4.26356e-4	6.6600066600066e-4	0.00140115264632792	0.00381751262518188	0.00156595015997476	0.01110293215556373	3.737060428267125e-5	3.5804436169641e-4	1.6138831928305e-4	2.0062595297327e-4	0.00106873231248022	3.3802202595136e-4	8.7735500554118e-4	1.8433179723502303e-5	1.0418837257762e-4
R95-1E04	0.00844204194911566	7.7114848305586e-4	9.1245167298484e-4	0.00508927951087334	0.00109301834531927	0.00722753514609316	2.7035687106981e-4	2.2436616558223e-4	0.00186639127026589	1.7029631558912e-4	5.0729583648471e-4	0.00199165992406796	3.6535632115808e-4	0.00206371980581379	6.121021336131514e-5	1.4471135650199e-4	0.007149832	0.002184312	0.00242539	6.35461e-4	0.001579291	2.43632e-4	0.00937771905513841	0.00122490703043761	5.9060172900796e-4	0.00350367266008742	0.00623645360487465	0.00183115960985089	0.0042428256861025	0.00224994303941672	4.1128320359521e-4	7.694872649857645e-5	0.00151564714862065	0.00168544514222386	3.0414746543778e-4	0.00120560831125532
SFV015-1F04	0.00124744949763564	5.9156595960449e-4	9.406718278194289e-6	0.00171958590981727	4.2230254250971e-4	0.00284253668855493	1.7022469659951e-4	7.47887218607434e-5	2.6129477783722e-4	8.01394426301765e-5	2.9515394122747e-4	5.1347482417377e-4	1.2836843716365e-4	5.6997975589142e-4	5.246589716684155e-5	2.2263285615691163e-5	0.001942064	4.33176e-4	9.61282e-4	1.84489e-4	3.77656e-4	4.87e-5	0.00127829160087224	4.3180175893124e-4	6.847556278353162e-5	5.0696228200621e-4	0.0019220545536335	3.176501364027e-4	8.0559981381693e-4	3.2277663856611e-4	3.0093892945991493e-5	2.5649575499525484e-5	1.853669174572e-4	3.6941263391207e-4	4.608294930875576e-5	1.7860863870449e-4
042-10-4C01	0.00738799547436926	6.8663906025521e-4	8.3719792675929e-4	0.0036823455846592	0.00127932829054414	0.00588338989026486	2.8037008851684e-4	2.617605265126e-4	0.00939416939367169	0.00105183018452106	0.00331125827814569	0.00611501836061492	0.0015996682169624	0.00764559051868157	4.8968170689052e-4	4.3413406950597e-4	0.00875556	0.010423867	0.002469757	5.53466e-4	0.006214166	4.75083e-4	0.004876843586521	6.5210877879412e-4	4.1085337670118e-4	0.00225316569780541	0.00437574121784648	9.2492245599611e-4	0.00264952827655346	0.0052878408141566	0.00134419388492095	3.1634476449414e-4	0.00304219823356231	0.00535648319172515	2.8571428571428e-4	0.00328937576280772
01.h.02	0.00469969345620872	4.2254711400321e-4	0.02722304269709426	0.00319599805460988	0.00113028033436424	0.00546472169582653	3.1040974085793e-4	1.4957744372148e-4	0.0054125346837711	8.4146414761685e-4	0.0332786068733974	0.00438787577021223	0.0010861944683078	0.00469741936751901	5.5089192025183e-4	5.4545049758443e-4	0.005630899	0.005474604	0.001508474	0.014943577	0.003965393	0.015227004	0.00426455265164942	4.670508821093e-4	3.3381836856971e-4	0.00170114010184308	0.00249458144194986	8.0346799207743e-4	0.00272113714889274	0.00517391964760385	8.2256640719043e-4	2.5649575499525e-4	0.00234434630901755	0.00339397857406723	4.7926267281105e-4	0.00281308605959574
K77-2D02	0.00311378866851688	8.450942280064228e-5	2.822015483458286e-5	6.2530396720628e-4	4.7198519456968e-4	8.3733638887664e-4	0.00482637080946849	6.9802807070027e-4	0.00110739215369109	6.0104581972632384e-5	1.8447121326716965e-5	3.7343623576274e-4	2.1723889366156e-4	4.5205290984492e-4	0.00260580622595313	3.0055435581183e-4	0.002115656	0.001078331	2.36623e-4	4.1e-5	3.08992e-4	8.53e-5	0.00436123016768178	2.3793158145191e-4	6.847556278353162e-5	9.3506376458924e-4	0.0019220545536335	0.00446578721177921	0.00211246173400884	0.00255373281689071	4.3134579889254e-4	5.984900949889279e-5	7.1965979718678e-4	0.00205485777613594	0.0024331797235023	0.00193492691929866
W85-2A08	0.00231116612352651	3.4860136905264e-4	4.703359139097143e-5	0.00123323837976794	7.9492243295947e-4	0.00174077828213829	0.00549725637841951	0.01196619549771894	0.00241386604287722	2.504357582193e-4	0.00103303879429615	0.00157154415883487	0.00181690711062396	0.00279093535643389	0.01050192374956278	0.04368056637798606	8.35413e-4	0.001179713	1.62679e-4	4.1e-5	8.41144e-4	1.46179e-4	0.00321184192151934	7.6666842912282e-4	2.7390225113412e-4	0.0013744310756613	0.00325113483008219	0.01388317949101237	0.01969243989330278	0.00518341307814992	0.00149466334965091	7.1818811398671e-4	0.00335841238687166	0.00392500923531584	0.04529953917050691	0.05081415771142798
01.m.01	0.00566670857065495	5.7043860390433e-4	8.3719792675929e-4	0.00369971513930382	8.4460508501943e-4	0.0055748975364682	3.003965234109e-4	7.47887218607434e-5	0.00160509649242867	1.2020916394526e-4	5.6263720046486e-4	0.00157154415883487	1.4811742749651e-4	0.00174924821635645	3.497726477789437e-5	3.3394928423536746e-5	0.005934686	0.001456208	0.001730308	3.89476e-4	0.001922615	1.94906e-4	0.0076267818203302	7.4023158673927e-4	4.4509115809295e-4	0.00208417827047001	0.00678853310432257	0.00137336970738816	0.00488730553715605	0.00239234449760765	5.5172137067651e-4	2.3084617949572e-4	0.00137389597644749	0.00214721093461396	3.1336405529953e-4	0.00160747774834042
K77-1G08	0.00163425554341414	1.3732781205104e-4	2.3516795695485e-4	4.8634753004932e-4	6.21033150749587e-5	5.9494953946498e-4	1.001321744703e-4	4.2380275721087e-4	7.0922868270104e-4	4.006972131508825e-5	1.8447121326716965e-5	3.8899607891952e-4	4.937247583217308e-5	4.3239843550384e-4	5.246589716684155e-5	4.7866064073736e-4	4.12282e-4	4.70042e-4	1.4789e-4	2.05e-5	2.23161e-4	6.09e-5	0.00198726005177618	1.9387017747933e-4	1.7118890695882905e-5	4.16835654094e-4	0.00204473888684415	5.6055906424006e-4	0.00134266635636155	0.00173729778992936	1.2037557178396e-4	2.5649575499525484e-5	5.561007523716e-4	8.0809013668267e-4	6.8202764976958e-4	0.00163724585479117
C6-2-D02	0.00918664358723926	0.00123595030845939	0.00261506768133801	0.0107517543250191	0.00321695172088286	0.01771627517517958	7.5099130852725e-4	8.6007030139854e-4	0.00956836591222983	0.00132230080339791	0.00607832647715324	0.0131636273106367	0.0028241056176003	0.01552703472945616	0.00120671563483735	6.9016185408642e-4	0.01214061	0.010018341	0.003608507	7.17456e-4	0.007432966	0.001084163	0.01006520361359071	0.00122490703043761	7.2755285457502e-4	0.00386417917173628	0.00824029771398192	0.00241040397623229	0.00501262106374979	0.0077181590339485	0.00156488243319155	0.00123117962397722	0.00563733507796314	0.00870428518655338	0.00100460829493087	0.0055070996933885
W85-2A10	0.010540464747464	0.0016584974224626	0.00303837000385675	0.01016118946710206	0.0028443318304331	0.01253801066502137	6.4084591660992e-4	7.2295764465385e-4	0.03259963418731103	0.00360627491835794	0.01061631832352561	0.02301300802887906	0.004907624097718	0.02452878397767251	0.0016526757607555	0.00135806042255716	0.02472605	0.042506521	0.007009968	0.001711644	0.03110516	0.003666663	0.00737971705713641	9.9578772978022e-4	9.1586065222973e-4	0.0027488621513226	0.00500961027276816	0.00130797114989349	0.00291806154782577	0.01159147869674185	0.00301942059224781	0.00121407990697753	0.00717479009922582	0.00808090136682674	0.00131797235023041	0.00516476646920489
009-10-1G06	0.01947568440494725	0.06545254795909744	0.00285964235657106	0.1526262766622664	0.01013526102023326	0.01886210391785289	0.00122161252853766	0.00506070351257697	0.02025656658661922	0.08652054574960431	0.00172480584404803	0.12356071450799776	0.01099031312024172	0.01763006348395212	0.00375131164742917	0.00120221742324732	0.014516654	0.014654243	0.002454968	0.149558765	0.00628283	0.110986588	0.0092488157004286	0.04989513385854527	0.15964221518445604	0.00911405524762291	0.00725882304829673	0.00202735528233491	0.00624787411160242	0.00805992253360674	0.04314461118690314	0.15324766375116491	0.00936648129974921	0.01431473956409309	0.00100460829493087	0.00659363557884083
K77-2A03	0.00284302443647194	3.8029240260289e-4	0.00103473901060137	0.00437712777044396	0.00114270099737924	0.00713939447357983	3.6047582809308e-4	2.9915488744297e-4	0.00114471997909641	3.5061006150702e-4	0.0010422623549595	0.00191386070828406	3.6535632115808e-4	0.00233888244658896	9.618747813920952e-5	1.0018478527061e-4	0.004903982	0.001391692	0.002203555	3.89476e-4	0.001012806	1.46179e-4	0.00223432481496997	3.0842982780803e-4	1.6262946161088e-4	8.7873462214411e-4	0.00212652844231791	7.5675473672409e-4	0.00157539519146422	5.6011240221766e-4	4.413770965412e-4	2.051966039962e-4	3.4892596227238e-4	7.8500184706316e-4	8.294930875576037e-5	6.2513023546572e-4
C6-2-C01	6.2855982439005e-4	0.00425716217358235	2.822015483458286e-5	3.8213020218161e-4	1.366272931649e-4	4.1866819443832e-4	4.005286978812032e-5	6.232393488395284e-5	0.00129403128071768	0.0142347684971851	7.5633197439539e-4	6.6907325574158e-4	1.1849394199721e-4	8.0583344798443e-4	9.618747813920952e-5	5.565821403922791e-5	4.4483e-4	0.001336393	1.33101e-4	4.09975e-4	0.001441961	0.001193797	6.7674261222648e-4	0.00947320185410387	1.7118890695882905e-5	2.3658239826956e-4	3.8850038850038e-4	1.0276916177734e-4	2.8643548935713e-4	0.00153793574846206	0.01950084262900248	3.2489462299398e-4	7.5237160614982e-4	0.0018932397487994	7.373271889400921e-5	4.9117375643735e-4
039-10-4D04	0.00798754484532593	8.7678526155666e-4	6.3025012463901e-4	0.00430764955186549	0.00136627293164909	0.0081970825437398	2.1027756638763e-4	2.617605265126e-4	0.00668168074755191	8.9155129926071e-4	0.00464867457433267	0.00575714196800896	0.00210326747045057	0.00797971658248	5.3340328786288e-4	4.1187078389028e-4	0.008451774	0.00780638	0.002218344	5.32967e-4	0.006969478	8.64894e-4	0.01045191367772013	8.9004036024603e-4	9.0730120688179e-4	0.00340228020368617	0.00826074510285036	0.00213946709518292	0.00477989222864712	0.01019594440647072	0.00339057860524837	0.00116278075597848	0.00581179805909933	0.00891207979312892	0.00129953917050691	0.00592385318369898
024-10128-4B04	0.00344257380742861	3.3803769120256e-4	5.2677622357888e-4	0.00231015076773431	5.0924718361466e-4	0.00213741130844828	1.2015860936436e-4	0.03177274200383916	4.8526173026913e-4	1.3022659427403e-4	8.301204597022635e-5	2.6451733366527e-4	1.4811742749651e-4	2.7516264077517e-4	4.372158097236796e-5	0.00485339626422067	0.004014321	5.25341e-4	0.001404951	3.1773e-4	4.80654e-4	4.87e-5	0.00301848688945463	6.7854562117767e-4	2.1398613369853e-4	0.00105898787796854	0.00210608105344947	4.3910460032138e-4	0.02352351456345441	4.5568466621098e-4	2.1065725062194e-4	1.1969801899778e-4	1.853669174572e-4	2.3088289619504e-4	2.7649769585253457e-5	0.00196469502574941
008-10053-6F06	0.00205974219377048	7.394574495056198e-5	4.6092919563152e-4	7.6426040436323e-4	3.1051657537479e-4	0.00160856727336829	1.6021147915248e-4	5.6091541395557e-4	8.4609737585387e-4	1.1019173361649e-4	9.223560663358482e-6	2.9563701997883e-4	1.0861944683078e-4	5.8963423023251e-4	7.869884575026233e-5	5.565821403922791e-5	7.26918e-4	5.43774e-4	2.8099e-4	1.22992e-4	5.32152e-4	9.75e-5	0.00210542146026017	1.4099649271224e-4	1.8830779765471e-4	5.0696228200621e-4	0.00132908027644869	3.9239134496804e-4	0.00200504842549991	0.00114870509607351	3.2100152475724e-4	1.1969801899778e-4	4.4706138916148e-4	0.00138529737717029	7.373271889400921e-5	0.00114607209835382
W85-1C02	0.00102503602131301	3.169103355024085e-5	3.198284214586e-4	5.9056485791704e-4	6.21033150749587e-5	9.6954739764664e-4	3.003965234109024e-5	5.3598584000199e-4	0.00171707996864462	3.0052290986316192e-5	2.7670681990075447e-5	7.9355200099582e-4	1.0861944683078e-4	0.00102203266573635	8.744316194473592e-6	5.8997706881581e-4	6.8352e-4	0.001437775	2.07045e-4	3.07e-5	0.001270299	1.21816e-4	0.00105271073013008	2.90805266219e-4	5.9916117435590176e-5	4.0556982560497e-4	0.00112460638776428	1.4948241713068e-4	0.00125315526593744	0.00173729778992936	5.0156488243319e-4	5.984900949889279e-5	8.6141096935993e-4	0.00145456224602881	8.294930875576037e-5	0.00227726014348227
150055-008-3F01	4.1581649921188e-4	1.4789148990112e-4	4.5152247735332e-4	4.5160842076009e-4	2.980959123598e-4	9.9158256577497e-4	2.002643489406016e-5	7.6035200558422e-4	0.00482773208575445	7.6132470498667e-4	0.00318212842885867	0.00679965145951328	0.00126393538130363	0.00868727765875901	6.2959076600209e-4	0.01116503773626911	3.58034e-4	0.00529949	2.36623e-4	7.17e-5	0.006094002	6.94351e-4	2.2558087074216e-4	6.168596556160665e-5	9.4153898827356e-5	3.2670902618178e-4	3.8850038850038e-4	9.342651070667812e-5	7.8769759573211e-4	0.00338915470494417	0.0014144129684616	4.8734193449098e-4	0.0023007305637335	0.00413280384189139	9.7695852534562e-4	0.01488405322537433
019-10117-4G04	0.00142151221823597	2.112735570016057e-5	9.406718278194289e-6	6.0793441256166e-4	1.2420663014991e-4	0.00112379357454497	5.00660872351504e-5	1.9943659162864e-4	0.00138112953999676	4.006972131508825e-5	1.9369477393052e-4	8.8691105993651e-4	1.3824293233008e-4	0.0010809960887596	1.0493179433368e-4	3.2281764142752e-4	5.53325e-4	5.5299e-4	8.87e-5	2.05e-5	7.89645e-4	9.75e-5	0.00184761475084055	1.9387017747933e-4	1.5407001626294e-4	5.5202559596232e-4	0.00157444894286999	2.3356627676669e-4	0.00100252421274995	0.00189868610921242	3.4106412005457e-4	2.7359547199493e-4	8.3960309671791e-4	0.00191632803841891	8.294930875576037e-5	0.00211353555800315
150055-037-2G02	2.2241347632263e-4	1.0563677850080284e-5	9.406718278194289e-6	6.947821857847565e-5	7.452397808995044e-5	6.610550438499845e-5	1.8023791404654e-4	0.00449978809862139	7.465565081063594e-5	1.0017430328772065e-5	1.8447121326716965e-5	3.111968631356196e-5	2.962348549930385e-5	3.9308948682167495e-5	3.497726477789437e-5	0.00144711356501992	8.68e-5	2.76e-5	1.48e-5	1.02e-5	1.72e-5	1.22e-5	2.1483892451634e-4	6.168596556160665e-5	2.567833604382436e-5	7.886079942318958e-5	1.8402649981597e-4	5.8858701745207e-4	0.00682074509031669	9.493430546062124e-5	3.0093892945991493e-5	1.7099716999683655e-5	2.180787264202377e-5	2.3088289619504987e-5	1.5668202764976e-4	0.00233679635638377
C7-3-C02	0.00115074798619102	8.2396687230626e-4	3.762687311277715e-5	0.0015632599180157	0.00752692178708499	7.9326605261998e-4	7.009252212921056e-5	6.232393488395284e-5	0.00144334258233896	5.8101095906877e-4	3.1360106255418e-4	9.4915043256363e-4	0.00481875364122009	5.3067080720926e-4	1.1367611052815e-4	4.4526571231382325e-5	4.01432e-4	5.62207e-4	3.25357e-4	2.56234e-4	7.20981e-4	3.65448e-4	0.00153609831029185	0.00163908422777983	0.00787468972010613	0.00976747329998648	0.00112460638776428	1.4013976606001e-4	0.00125315526593744	0.00168033720665299	0.00125391220608297	0.00482212019391079	0.00954094428088539	0.00163926856298485	1.0138248847926e-4	0.0021433036644539
R95-2H10	0.0029300557967721	1.056367785008e-4	3.8567544940596e-4	9.0321684152018e-4	1.7388928220988e-4	0.00125600458331497	5.00660872351504e-5	4.9859147907162265e-5	0.00298622603242543	1.6027888526035e-4	9.315796269992e-4	0.00124478745254247	3.9497980665738e-4	0.00115961398612394	6.995452955578873e-5	3.3394928423536746e-5	0.001204296	0.002368642	5.17614e-4	1.43491e-4	0.00171662	2.43632e-4	0.00391006842619745	3.2605438939706e-4	1.1127278952323e-4	6.7594970934162e-4	0.00282173966384492	3.176501364027e-4	0.00248840831379007	0.00664540138224348	5.0156488243319e-4	1.1969801899778e-4	0.00157016683022571	0.00489471739933505	2.1198156682027e-4	0.00386985383859732
024-10128-3G04	0.01879877382483488	0.0016056790332122	8.7482479987206e-4	0.00805947335510317	0.00344052365515271	0.01011414217090476	0.00497656907117395	0.01894647620472166	0.02079159875076211	0.00152264940997335	0.00389234259993728	0.01233895562332731	0.00477925566055435	0.01393502230782837	0.00640083945435466	0.04058596967740499	0.015091678	0.022220993	0.003357094	9.01944e-4	0.008754764	0.001339976	0.0224291837195063	0.00203563686353302	0.00157493794402122	0.00660177549456987	0.01314767104240788	0.00381180163683246	0.01491254766465565	0.03486937039568618	0.00403258165476286	0.0017783705679671	0.01209246538000218	0.01969431104543775	0.00586175115207373	0.02056976155746732
C1-2-B02	0.00349092456315092	2.3240091270176e-4	3.762687311277715e-5	0.00196275967484193	2.6083392331482e-4	0.0027543960160416	2.3030400128169e-4	0.00249295739535811	0.00205303039729248	1.7029631558912e-4	7.9322621704882e-4	0.00129146698201282	1.7774091299582e-4	0.00165097584465103	1.3990905911157e-4	0.00150277177905915	0.002668981	0.002866333	0.001050016	2.76733e-4	0.002042778	2.3145e-4	0.0059402962628769	9.6935088739667e-4	2.482239150903e-4	0.00190392501464557	0.0041917147180305	0.00146679621809484	0.01031167761685672	0.0045093795093795	0.00119372442019099	4.103932079924e-4	0.0023007305637335	0.00431751015884743	3.5944700460829e-4	0.0099723156610008
R95-2G10	0.00192436007774801	1.0563677850080284e-5	1.8813436556388577e-5	7.1215174042937e-4	0.00684378532126044	4.4070336256665e-4	0.00825089117635278	0.0149328147981951	0.00126914606378081	1.8031374591789e-4	1.106827279603e-4	2.1783780419493e-4	0.00468051070889	7.4687002496118e-4	0.00494053864987757	0.01563995814502304	5.42476e-4	4.14743e-4	1.4789e-4	6.15e-5	8.58e-5	3.65e-5	0.00146090468671113	8.812280794515236e-5	9.4153898827356e-5	8.2240547969897e-4	6.7476383265856e-4	8.5952389850143e-4	0.00123525304785262	0.0011012379433432	2.3071984591926e-4	9.404844349826012e-5	8.0689128775487e-4	7.8500184706316e-4	0.00158525345622119	0.00129491263060756
K77-2F02	0.00143118236938043	3.3803769120256e-4	3.292351397368e-4	0.00142430348085875	2.4841326029983e-4	0.00237979815785994	1.1014539191733e-4	1.246478697679e-4	0.00569871467854521	5.9102838939755e-4	0.00313601062554188	0.00614613804692848	0.00129355886680293	0.00823522474891409	2.973067506121e-4	2.6715942738829e-4	0.001605729	0.006469986	5.47192e-4	9.22e-5	0.004137055	3.65448e-4	0.00105271073013008	7.049824635612189e-5	1.1127278952323e-4	3.1544319769275e-4	0.00175847544268596	1.1211181284801e-4	4.4755545212051e-4	0.00318979266347687	0.00120375571783965	3.8474363249288e-4	0.0016573983207938	0.00348633173254525	3.3179723502304e-4	0.00248563688863751
3C11	0.00491243678138689	1.584551677512e-4	4.4211575907513e-4	0.00326547627318835	0.06627665784799593	0.00321713454673659	1.5019826170545e-4	1.9943659162864e-4	0.00165486692630243	1.1019173361649e-4	2.7670681990075447e-5	7.7799215783904e-4	0.01947250446820906	0.0025354271899998	1.8363064008394e-4	2.2263285615691163e-5	0.002734078	0.001520723	9.31705e-4	3.48478e-4	7.72479e-4	1.21816e-4	0.00554284425252167	4.3180175893124e-4	0.00115552512197209	0.04608850434860979	0.00368052999631947	6.5398557494674e-4	0.00286435489357131	0.00225943646996278	7.2225343070379e-4	3.4199433999367e-4	0.01583251553810925	0.00272441817510158	1.4746543778801e-4	7.8885482094483e-4
W85-1F07	0.00405179332952974	1.9014620130144e-4	3.6686201284957e-4	0.00173695546446189	4.471438685397e-4	0.00242386849411661	8.010573957624064e-5	9.971829581432452e-5	0.00118204780450173	1.0017430328772065e-5	1.9369477393052e-4	7.1575278521192e-4	2.0736439849512e-4	0.00102203266573635	8.744316194473592e-6	1.113164280784558e-5	0.002810025	8.38702e-4	7.39448e-4	1.53741e-4	5.14986e-4	1.33998e-4	0.0045653271459723	4.4061403972576e-4	2.3966446974236e-4	0.00119417781983687	0.00306710833026622	7.6609738779476e-4	0.00327610590952219	0.00131009341535657	3.1097022710857e-4	4.274929249920914e-5	6.433322429397e-4	0.00145456224602881	1.1981566820276e-4	9.0792724674783e-4
W85-2D05	0.00518320101343184	3.5916504690272e-4	9.782987009322e-4	0.00258806364204821	6.2103315074958e-4	0.00502401833325988	2.8037008851684e-4	0.00129633784558621	0.00858539984322313	6.9120269268527e-4	0.0039753546459075	0.00563266322275471	0.00104669648764206	0.00837280606930167	3.6726128016789e-4	0.00138032370817285	0.003786482	0.006783348	9.46494e-4	2.35735e-4	0.003896728	4.75083e-4	0.00667074860623247	8.1954211388991e-4	4.4509115809295e-4	0.00196025415709071	0.00410992516255674	9.9032101349078e-4	0.00399219463291501	0.01285410495936811	0.00196613433913811	6.4123938748813e-4	0.00378366590339112	0.01135943849279645	8.5714285714285e-4	0.00622153424820647
AG2-B01	2.3208362746709e-4	3.169103355024085e-5	2.3516795695485e-4	2.779128743139e-4	3.6019922743476e-4	4.8477369882332e-4	3.003965234109024e-5	6.232393488395284e-5	1.4931130162127e-4	4.006972131508825e-5	4.2428379051449e-4	2.8007717682205e-4	2.962348549930385e-5	4.9136185852709e-4	5.246589716684155e-5	1.113164280784558e-5	4.5568e-4	4.60825e-4	4.43669e-4	1.02e-5	3.77656e-4	3.65e-5	2.3632281696797e-4	7.049824635612189e-5	1.7118890695882905e-5	5.6329142445135415e-5	2.8626344415818e-4	4.6713255353339065e-5	2.5063105318748e-4	8.544087491455913e-5	2.0062595297327663e-5	8.549858499841827e-6	1.6355904481517e-4	2.7705947543405e-4	1.7511520737327e-4	2.6791295805673e-4
R95-1B02	0.0017212869037143	2.3240091270176e-4	5.3618294185707e-4	0.00201486833877579	6.7071580280955e-4	0.00297474769732493	9.011895702327072e-5	8.725350883753397e-5	0.00108250693675422	3.6062749183579e-4	8.3934402036562e-4	0.00102694964834754	4.6410127282242e-4	0.00125788635782935	8.744316194473592e-5	1.224480708863e-4	0.002951069	0.001400909	0.001035227	2.66484e-4	0.001150136	1.94906e-4	0.00139645300935623	7.049824635612189e-5	7.7035008131473085e-05	4.9569645351719e-4	0.00130863288758025	1.0276916177734e-4	6.98186505308e-4	6.6454013822434e-4	1.3040686943262e-4	1.7099716999683655e-5	3.5982989859339e-4	7.3882526782415e-4	8.294930875576037e-5	4.1675349031048e-4
037-10-5E04	0.00201139143804817	1.0563677850080284e-5	0.05200974536013621	0.0079899951365247	4.8440585758467e-4	0.00312899387422326	1.8023791404654e-4	1.4957744372148e-4	3.9816347099005e-4	6.0104581972632384e-5	0.01551402903576896	0.00124478745254247	3.9497980665738466e-5	4.1274396116275e-4	8.744316194473592e-6	3.3394928423536746e-5	0.001486384	4.79258e-4	4.14091e-4	1.33242e-4	3.94823e-4	3.65e-5	0.00335148722245496	5.5517369005445e-4	0.02144141059659334	9.2379793610022e-4	0.03294074346705925	2.4290892783736e-4	0.00100252421274995	5.2213868003341e-4	1.9059465532461e-4	0.00306084934294337	1.6355904481517e-4	0.00203176948651643	1.6589861751152e-4	2.9768106450748e-4
01.g.01	0.00218545415864849	4.225471140032114e-5	9.406718278194289e-6	5.2108663933856e-4	1.9873060823986e-4	6.8309021197831e-4	8.010573957624064e-5	7.47887218607434e-5	0.00304843907476763	5.0087151643860314e-5	1.9369477393052e-4	9.1803074625007e-4	1.5799192266295e-4	9.8272371705418e-4	9.618747813920952e-5	1.0018478527061e-4	6.07573e-4	0.001281094	1.92256e-4	2.05e-5	4.63487e-4	1.21816e-4	0.00447939157616577	1.5862105430127e-4	2.3966446974236e-4	8.2240547969897e-4	0.0027603974972396	3.7370604282671e-4	0.00256001718612936	0.00833523201944254	6.8212824010914e-4	1.1969801899778e-4	0.00155926289390469	0.00630310306612486	3.6866359447004e-4	0.00459917244664066
AG8-2D02	0.00853874346056029	0.00118313191920899	0.00171202272663136	0.00936218995344959	0.00260833923314826	0.01782645101582125	6.1080626426883e-4	5.4845062697878e-4	0.00246363647675098	4.8083665578105e-4	0.00144809902414728	0.00393664031866558	0.00118493941997215	0.00479569173922443	3.0605106680657e-4	3.0055435581183e-4	0.012617988	0.004175077	0.004111331	0.014297867	0.003330243	0.004190472	0.00701449088545862	0.00134827896156083	7.1043396387914e-4	0.00309810283448244	0.006113769271664	0.00189655816734556	0.00422492346801768	0.00213602187286397	7.2225343070379e-4	3.8474363249288e-4	0.00187547704721404	0.00265515330624307	2.3963133640552e-4	0.00139910100318518
W85-3D10	2.9977468547833e-4	3.169103355024085e-5	1.7872764728569e-4	1.5632599180157e-4	3.726198904497522e-5	1.1017584064166e-4	1.001321744703008e-5	1.7450701767506e-4	0.00151799823314959	9.015687295894856e-5	2.7670681990075447e-5	3.7343623576274e-4	1.1849394199721e-4	6.0928870457359e-4	4.372158097236796e-5	0.00135806042255716	9.76e-5	0.001069115	2.96e-5	2.05e-5	6.00817e-4	9.75e-5	4.1893590280687e-4	6.168596556160665e-5	5.9916117435590176e-5	1.2392411337929e-4	1.2268433321064e-4	1.8685302141335624e-5	4.2965323403569e-4	0.00358851674641148	3.310328224059e-4	1.7954702849667e-4	9.1593065096499e-4	0.00260897672700406	1.1059907834101e-4	0.00385496978537195
R95-1G10	0.0048060651187978	1.9014620130144e-4	6.3025012463901e-4	0.00234488987702355	0.00336599967706276	0.00330527521924992	0.00784034926102455	0.01506992745493979	0.00268760342918289	1.6027888526035e-4	8.3934402036562e-4	0.00154042447252131	0.00163916619762814	0.00196544743410837	0.00397866386848548	0.01206670080370461	0.003710535	0.002221178	7.98604e-4	2.04987e-4	0.001132969	2.07087e-4	0.0042538107054236	3.7011579336963e-4	2.1398613369853e-4	0.00350367266008742	0.0031080031080031	0.0032792705258044	0.0067491362179774	0.00272461456671982	2.5078244121659e-4	2.3084617949572e-4	0.00179914949296696	0.00256280014776505	0.00249769585253456	0.00483731729824665
220-14-IgG-1A03	0.00946707797042867	0.3085016479337446	0.00138278758689456	0.01465990412005836	0.00678168200618549	0.01414657793838967	0.0038951415868947	0.00186971804651858	0.00456643730791723	0.15930719451846212	0.00220443099854267	0.00550818447750046	0.0020835184801177	0.00469741936751901	0.00148653375306051	1.224480708863e-4	0.00785505	0.003658952	0.002839481	9.7369e-4	0.002300271	4.75083e-4	0.00495203721010172	0.22562963746276812	0.00384319096122571	0.0067820287503943	0.00441663599558336	0.00308307485332037	0.00263162605846864	0.00306637806637806	0.0677814782120215	0.00400988363642581	0.0028459273797841	0.01108237901736239	0.0012626728110599	0.00160747774834042
220-14-IgG-1E01	9.766852655907e-4	2.64091946252e-4	6.9609715258637e-4	0.00158062947266032	3.7261989044975e-4	0.00233572782160327	1.001321744703e-4	9.971829581432452e-5	3.3595042864786e-4	8.01394426301765e-5	2.5825969857403e-4	4.5123545154664e-4	1.0861944683078e-4	6.0928870457359e-4	4.372158097236796e-5	1.113164280784558e-5	0.002451991	3.9631e-4	8.5776e-4	1.43491e-4	4.63487e-4	6.09e-5	0.00103122683767845	2.0268245827385e-4	1.2839168021912e-4	4.5063313956108e-4	0.00106326422115895	4.6713255353339e-4	3.0433770744195e-4	2.4682919419761e-4	1.3040686943262e-4	5.984900949889279e-5	1.5265510849416e-4	2.7705947543405e-4	4.608294930875576e-5	7.442026612687167e-5
037-102909-2G04	0.01643925694558606	0.00270430152962055	0.00601089297976614	0.01955811852984089	0.00572592564991119	0.03393415891763254	0.00182240557535947	0.00533492882606636	0.02696313255110801	0.00411716386512531	0.01415816561825527	0.03455841165121055	0.00765273375398682	0.05387291416891055	0.00319167541098286	0.00617806175835429	0.02427037	0.030534281	0.007453637	0.002183115	0.024719333	0.002606863	0.0113112693757855	0.00242337721849169	0.00153214071728152	0.00612861069803073	0.00918087760193023	0.00324189992152173	0.00655221181904438	0.01369902027796764	0.00455420913249337	0.00141927651097374	0.01035873950496129	0.01498429996305873	0.00216589861751152	0.01308308278510404
C1-2-C06	0.00415816499211882	0.02081044536465815	2.4457467523305e-4	0.00118112971583408	0.00129174895355914	0.00257811467101493	7.3096487363319e-4	4.8612669209483e-4	0.00461620774179098	0.02906056538376775	0.0010883801582763	0.00177382211987303	0.00119481391513858	0.00288920772813931	8.2196572228051e-4	1.5584299930983e-4	0.002506238	0.004175077	9.76071e-4	7.58453e-4	0.002454767	0.001011073	0.00648813552039358	0.0544246461869261	4.964478301806e-4	0.00289531792167996	0.00425305688463583	0.00158825068201352	0.00313288816484362	0.00916116047694995	0.06439089960677313	0.00140217679397405	0.00332570057790862	0.00918913926856298	0.00182488479262672	0.00610246182240347
C3-2-3F02	0.01351887129995841	5.1762021465393e-4	6.3965684291721e-4	0.0043250191065101	0.00136627293164909	0.0054426865276982	2.9038330596387e-4	3.864083962805e-4	0.01921138747527031	6.3109811071264e-4	0.00149421682746407	0.00553930416381402	0.00109606896347424	0.00715422866015448	4.634487583071e-4	1.6697464211768e-4	0.007204079	0.012774076	0.001331007	4.9197e-4	0.004549044	8.40531e-4	0.01128978548333387	6.961701827667e-4	6.3339895574766e-4	0.0021855707268712502	0.00713613871508608	0.00127060054561082	0.01015055765409334	0.0154647983595352	0.00194607174384078	0.00103453287848086	0.00493948315341838	0.01516900628001477	0.0012626728110599	0.01446729973506385
K77-1C04	0.00477705466536442	3.5916504690272e-4	0.00102533229232317	0.00321336760925449	0.00106817701928928	0.00520029967828654	2.1027756638763e-4	2.2436616558223e-4	0.00330973385260486	5.5095866808246e-4	0.0028869744876312	0.00308084894504263	8.0970860364763e-4	0.00379331354782916	3.8474991255683e-4	2.448961417726e-4	0.006043181	0.003806417	0.002292289	4.61222e-4	0.004016892	5.35991e-4	0.00560729592987657	8.4597895627346e-4	4.1941282204913e-4	0.00253481141003109	0.00478468899521531	0.00111177547740946	0.0035446391807945	0.0043100174679122	6.2194045421715e-4	7.8658698198544e-4	0.00212626758259731	0.00399427410417436	5.4377880184331e-4	0.00299169469830024
K77-1C11	0.00405179332952974	4.4367446970337e-4	9.782987009322e-4	0.00246647675953588	0.00116754232340922	0.00370190824555991	2.3030400128169e-4	1.8697180465185e-4	0.00705495900160509	7.6132470498667e-4	0.0014204283421572	0.00505694902595381	0.00139230381846728	0.00562117966154995	4.5470444211262e-4	3.5621256985105e-4	0.003124661	0.00493083	0.001227484	2.35735e-4	0.003965393	6.45625e-4	0.00360929393187457	2.6436842383545e-4	2.9958058717795e-4	0.00103645622099049	0.00296487138592401	8.8755185171344e-4	0.00243470165953561	0.00587643350801245	0.00145453815905625	3.4199433999367e-4	0.00268236833496892	0.00547192463982268	6.4516129032258e-4	0.00459917244664066
01.z.01	0.00388740076007387	5.1762021465393e-4	0.00579453845936768	0.00378656291252692	0.01994758480207673	0.00442906879379489	1.6021147915248e-4	3.2408446139655e-4	0.00400651992683746	4.8083665578105e-4	0.00982309210647678	0.00343872533764859	0.02097342773350712	0.00418640303465083	2.4484085344526e-4	5.4545049758443e-4	0.002235001	0.002718869	0.001035227	3.1773e-4	0.002025612	4.26356e-4	0.00470497244690793	9.0766492183506e-4	0.00209706411024565	0.01298950024784822	0.04255101623522676	5.8858701745207e-4	0.00350883474462485	0.00530682767524872	0.00107334884840703	0.00136797735997469	0.01740268236833497	0.02860639083856668	8.479262672811e-4	0.0043461435418093
028-10134-4F05	0.00430321725928576	0.00104580410715794	0.00165558241696219	0.0066178003195998	0.00643390344176572	0.00883610241946146	0.00403532663115312	0.02175105327449954	0.00544986250917642	0.00138240538537054	0.00357874153738309	0.00773324204892014	0.00610243801285659	0.01065272509286739	0.00441587967820916	0.04130952645991495	0.007323424	0.009069041	0.003031737	7.58453e-4	0.008085282	6.8217e-4	0.00379190701771346	8.4597895627346e-4	4.4509115809295e-4	0.00485557207877067	0.00378276694066167	0.00378377368362046	0.02300435023899461	0.0034081415660363	9.128480860284e-4	6.9253853848718e-4	0.00658597753789117	0.00399427410417436	0.00504147465437788	0.03335516327806388
AG10-3A02	0.01267756815039019	0.00354939575762697	0.00445878446386409	0.0191065101090808	0.02879109686875085	0.02970340663699264	0.04681179156486562	0.0019819011293097	0.03313466635145392	0.00718249754572956	0.0189267464812116	0.04811103504076679	0.05919759852277552	0.06780793647673893	0.08851871283665617	0.00412983948171071	0.019572529	0.036248514	0.005516283	0.001629649	0.035825866	0.003289033	0.00920584791552533	0.00236169125293008	0.00245656081485919	0.02151773241404173	0.0082811924917188	0.03417541761650286	0.00361624805313378	0.02093301435406698	0.00887769841906749	0.00377903745693008	0.05774724675607894	0.0217953454008127	0.10701382488479262	0.01311285089155478
C6-G03	0.00530891297830985	5.2818389250401e-4	7.1491058914276e-4	0.00508927951087334	0.00137869359466408	0.0068529372879115	3.003965234109e-4	2.7422531348939e-4	0.00333461906954173	4.3074950413719e-4	0.00102381523363279	0.00395220016182236	9.4795153597772e-4	0.00471707384186009	3.6726128016789e-4	1.3357971369414e-4	0.005858739	0.003373241	0.002602857	4.8172e-4	0.003381742	4.14175e-4	0.00401748788845563	4.670508821093e-4	4.1085337670118e-4	0.00148708936055157	0.00171758066494908	6.4464292387607e-4	0.00184392846273653	0.0025062656641604	5.9184656127116e-4	1.4534759449731e-4	0.00154835895758368	0.00203176948651643	2.4884792626728e-4	0.00116095615157919
R95-2A08	0.00123777934649118	2.112735570016057e-5	9.406718278194289e-6	4.8634753004932e-4	2.2357193426985e-4	5.0680886695165e-4	5.00660872351504e-5	9.8471817116645e-4	6.5945824882728e-4	4.006972131508825e-5	1.8447121326716965e-5	2.3339764735171e-4	4.937247583217308e-5	3.537805381395e-4	2.6232948583420775e-5	7.6808335374134e-4	4.99078e-4	2.58062e-4	1.62679e-4	7.17e-5	1.54496e-4	6.09e-5	0.00139645300935623	1.4099649271224e-4	2.567833604382436e-5	4.0556982560497e-4	0.00120639594323804	1.2145446391868e-4	8.2350203190175e-4	4.8416495784916e-4	6.0187785891982986e-5	5.129915099905097e-5	2.5079053538327e-4	6.0029553010712e-4	2.7649769585253457e-5	4.018694370851e-4
K77-2G11	0.00174062720600323	7.394574495056198e-5	7.52537462255543e-5	0.00152852080872646	0.00192520276732371	0.00189502445903662	0.02178876116473745	0.03948844514247252	0.00162998170936555	3.7064492216456e-4	9.4080318766256e-4	0.00118254807991535	0.00286360359826603	0.00202441085713162	0.02267401189227002	0.06690117327515195	0.001605729	0.002147446	6.50714e-4	2.15237e-4	0.001562124	1.82724e-4	0.00129977549332388	4.4942632052027e-4	1.45510570915e-4	0.00167860844486503	0.00210608105344947	0.01763892522142083	0.00479779444673195	0.00183223209538999	6.1190915656849e-4	5.3864108549003e-4	0.00163559044815178	0.00309383080901366	0.02329032258064516	0.00701038906915131
034-100809-1B02	0.00175029735714769	8.450942280064228e-5	2.6338811178944e-4	0.00128534704370179	3.6019922743476e-4	0.00185095412277995	8.010573957624064e-5	1.6204223069827e-4	3.1106521171098e-4	1.0017430328772065e-5	2.6748325923739e-4	2.9563701997883e-4	6.912146616504231e-5	3.537805381395e-4	3.497726477789437e-5	1.113164280784558e-5	0.001692525	3.22578e-4	6.35925e-4	1.94738e-4	2.91825e-4	2.44e-5	0.00241693790080886	2.8199298542448e-4	5.9916117435590176e-5	0.00117164616285881	0.00206518627571259	4.9516050674539e-4	9.8462199466513e-4	4.2720437457279e-4	1.5046946472995e-4	1.7099716999683655e-5	2.3988659906226e-4	2.7705947543405e-4	4.608294930875576e-5	1.3395647902836e-4
C7-3-A05	4.2548665035634e-4	7.394574495056198e-5	1.7872764728569e-4	3.3002153824775e-4	1.8630994522487e-4	4.6273853069498e-4	3.003965234109024e-5	3.73943609303717e-5	0.00187883387873433	3.3057520084947e-4	4.9807227582135e-4	0.00172714259040268	5.2334824382103e-4	0.00231922797224788	2.0986358866736e-4	2.3376449896475e-4	2.71238e-4	0.001972332	5.92e-5	7.17e-5	0.002334604	1.70542e-4	8.2712985938792e-4	1.5862105430127e-4	1.6262946161088e-4	3.4924068315983e-4	9.6102727681675e-4	1.4013976606001e-4	5.5496876062944e-4	0.00361699703804966	0.00164513281438086	6.0703995348876e-4	0.0023007305637335	0.00438677502770594	2.6728110599078e-4	0.00290239037894799
K77-1B08	0.00419684559669667	2.9578297980224e-4	6.490635611954e-4	0.0022059334398666	4.0988187949472e-4	0.00315102904235159	1.1014539191733e-4	1.4957744372148e-4	6.0968781495352e-4	5.0087151643860314e-5	5.2574295781143e-4	2.3339764735171e-4	9.874495166434617e-6	3.1447158945733e-4	8.744316194473592e-6	1.113164280784558e-5	0.003406748	5.16124e-4	0.001123961	2.35735e-4	4.11989e-4	1.82724e-4	0.00515613418839225	5.81610532438e-4	1.7974835230677e-4	0.00159974764544184	0.00302621355252934	6.1661497066407e-4	0.00338351921803111	7.4048758259284e-4	1.7053206002728e-4	9.404844349826012e-5	2.7259840802529e-4	5.3103066124861e-4	9.216589861751152e-5	5.0605780966272e-4
R95-1C09	0.00565703841951049	3.169103355024e-4	0.00116643306649609	0.00380393246717154	0.00428512874017215	0.00522233484641487	0.04190531501582088	0.00498591479071622	0.00507658425512324	7.8135956564422e-4	0.00144809902414728	0.0038432812597249	0.00316971294842551	0.00550325281550345	0.03792409933543197	0.00672351225593873	0.011153304	0.011244136	0.003638085	9.63441e-4	0.008651766	0.001157252	0.0054998764676184	5.9042281323252e-4	5.3068561157237e-4	0.00227569735478347	0.00537766327240011	0.00484883590567659	0.00322239925526772	0.00505050505050505	0.00107334884840703	3.2489462299398e-4	0.00240976992694362	0.00600295530107129	0.00519815668202764	0.00384008573214657
AG9-4A02	0.01231010240690062	9.9298571790754e-4	0.00155210851590205	0.01059542833321753	0.00267044254822322	0.0126922568419197	0.00290383305963872	3.6147882232692e-4	0.00457887991638567	5.4094123775369e-4	0.00273939751701746	0.00441899545652579	0.00132318235230223	0.0067611391733328	0.0012242042672263	3.1168599861967e-4	0.008864056	0.004147427	0.003874708	6.66209e-4	0.003158581	4.50719e-4	0.00653110330529685	8.9885264104055e-4	5.4780450226825e-4	0.00244468478211887	0.00545945282787388	0.00416682237751784	0.00435023899461143	0.00274360142781195	9.6300457427172e-4	3.5909405699335e-4	0.00167920619343583	0.00221647580347247	0.00189861751152073	0.00233679635638377
R95-1A03	0.00410981423639651	2.7465562410208e-4	2.8220154834582e-4	0.00116376016118946	1.8630994522487e-4	0.00156449693711163	3.003965234109024e-5	8.725350883753397e-5	0.00486505991115977	8.01394426301765e-5	8.4856758102898e-4	0.00129146698201282	2.1723889366156e-4	0.00159201242162778	6.121021336131514e-5	8.905314246276465e-5	0.002332646	0.003271859	3.69724e-4	1.22992e-4	0.001579291	3.16722e-4	0.00513465029594061	1.5862105430127e-4	1.3695112556706e-4	6.5341805236357e-4	0.00288308183045025	2.5225157890803e-4	0.00306127929250434	0.00729095465937571	9.0281678837974e-4	1.7099716999683e-4	0.00189728491985606	0.00597986701145179	2.9493087557603e-4	0.00431637543535855
236-14-IgG-1F03	0.00349092456315092	3.169103355024e-4	2.4457467523305e-4	0.02018342249704717	9.8123237818434e-4	0.00284253668855493	1.3017182681139e-4	1.1218308279111e-4	8.0876955044855e-4	1.0017430328772e-4	4.1506022985113e-4	0.00339204580817825	1.6786641782938e-4	6.2894317891467e-4	6.995452955578873e-5	4.4526571231382325e-5	0.003233156	0.00113363	9.9086e-4	1.6399e-4	5.32152e-4	7.31e-5	0.00355558420074549	6.2567193641058e-4	0.11372079089275015	9.1253210761119e-4	0.00247413405308142	4.8581785567472e-4	0.00200504842549991	9.3984962406015e-4	2.206885482706e-4	0.0201947657766264	5.3429287972958e-4	7.1573697820465e-4	1.4746543778801e-4	4.9117375643735e-4
W85-1G05	0.00839369119339335	0.0010669314628581	0.00174964959974413	0.01007434169387896	0.00265802188520823	0.01855361156405623	0.00129170505066688	4.8612669209483e-4	0.00241386604287722	2.7047061887684e-4	0.00167868804073124	0.00435675608389867	9.9732401180989e-4	0.00566048861023211	5.946135012242e-4	6.3450364004719e-4	0.010849517	0.002691219	0.004066964	9.42942e-4	0.002506266	3.28903e-4	0.00755158819674948	0.00137471580394437	9.4153898827355e-4	0.00301924203505925	0.0070952439373492	0.00227960686124294	0.00449345673928999	0.00184172552593605	9.2287938367707e-4	4.1894306649224e-4	0.00145022353069458	0.00210103435537495	3.9631336405529e-4	0.00180097044027029
AG11-2C03	3.2878513891172e-4	3.169103355024085e-5	9.406718278194289e-6	2.0843465573542e-4	9.936530411993392e-5	2.6442201753999e-4	1.1014539191733e-4	4.9859147907162265e-5	1.8663912702658e-4	1.0017430328772065e-5	9.223560663358482e-6	1.0891890209746e-4	6.912146616504231e-5	7.861789736433499e-5	6.121021336131514e-5	1.4471135650199e-4	3.25e-5	4.61e-5	1.03523e-4	1.02e-5	3.43e-5	1.09634e-4	1.0741946225817e-4	1.7624561589030473e-5	8.559445347941453e-6	1.3518994186832e-4	8.1789555473766e-5	1.3079711498934e-4	1.9692439893302e-4	1.234145970988e-4	1.0031297648663832e-5	8.549858499841827e-6	1.5265510849416e-4	3.2323605467306e-4	3.2258064516129e-4	2.8279701128211e-4
C2-3-D06	0.0010540464747464	1.4789148990112e-4	1.9754108384208e-4	0.00111165149725561	4.2230254250971e-4	0.00118989907892997	2.3030400128169e-4	3.2408446139655e-4	0.00851074419241249	7.513072746579e-4	0.00231511372650297	0.00665961287110225	0.00203414600428553	0.00904105819689852	8.4819867086393e-4	8.3487321058841e-4	8.35413e-4	0.005815615	2.66201e-4	5.12e-5	0.006299997	6.8217e-4	0.00122458186974316	1.9387017747933e-4	2.3110502439441e-4	6.3088639538551e-4	0.00100192205455363	1.2145446391868e-4	5.9077319679908e-4	0.0088478772689299	0.00207647861327341	8.9773514248339e-4	0.00430705484679969	0.00808090136682674	0.00129953917050691	0.00681689637722144
C3-2-3C01	0.00205974219377048	6.33820671004817e-5	3.198284214586e-4	8.337386229417e-4	1.7388928220988e-4	0.00165263760962496	1.5019826170545e-4	2.4929573953581132e-5	3.7327825405317e-4	1.0017430328772065e-5	9.223560663358482e-6	2.6451733366527e-4	7.899596133147693e-5	3.537805381395e-4	8.744316194473592e-6	1.113164280784558e-5	9.65607e-4	3.9631e-4	3.69724e-4	4.1e-5	2.23161e-4	2.44e-5	0.00148238857916277	1.2337193112321e-4	1.7118890695882905e-5	1.4645577035735e-4	0.00186071238702817	1.3079711498934e-4	0.00114574195742852	4.6517809675704e-4	6.0187785891982986e-5	8.549858499841827e-6	6.542361792607131e-5	5.3103066124861e-4	3.686635944700461e-5	1.7860863870449e-4
K77-1G05	0.00232083627467097	1.056367785008e-4	9.406718278194289e-6	5.7319530327242e-4	1.7388928220988e-4	9.2547706138997e-4	3.003965234109024e-5	4.9859147907162265e-5	0.00502681382124948	1.8031374591789e-4	1.0145916729694e-4	0.00135370635463994	3.9497980665738e-4	0.00139546767821694	6.995452955578873e-5	1.4471135650199e-4	0.001074102	0.002211961	2.96e-5	2.05e-5	7.72479e-4	8.53e-5	0.00251361541684122	1.3218421191772e-4	1.1983223487118e-4	6.8721553783065e-4	0.00141086983192246	3.456780896147e-4	0.00177231959039725	0.00628465102149312	6.921595377578e-4	1.4534759449731e-4	0.00151564714862065	0.00445603989656446	3.7788018433179e-4	0.00391450599827344
014-10-3C04	9.766852655907e-4	2.112735570016057e-5	9.406718278194289e-6	1.5632599180157e-4	1.366272931649e-4	2.4238684941166e-4	1.001321744703008e-5	3.73943609303717e-5	6.2213042342196e-4	1.0017430328772065e-5	1.8447121326716965e-5	1.2447874525424e-4	2.962348549930385e-5	7.861789736433499e-5	8.744316194473592e-6	1.113164280784558e-5	3.25486e-4	3.41011e-4	4.44e-5	2.05e-5	1.02997e-4	2.44e-5	0.00155758220274349	2.643684238354571e-5	8.559445347941453e-6	3.2670902618178e-4	0.00130863288758025	4.6713255353339065e-5	0.00109203530317406	0.00187020581757423	3.4106412005457e-4	1.7099716999683655e-5	4.6886926180351e-4	0.00101588474325821	5.5299539170506914e-5	0.00147352126931205
039-10-5C05	0.00230149597238204	8.450942280064228e-5	1.8813436556388577e-5	0.00105954283332175	2.8567524934481e-4	0.00105768807015997	2.002643489406016e-5	6.232393488395284e-5	0.00328484863566798	6.0104581972632384e-5	0.00193694773930528	0.00113586855044501	3.4560733082521e-4	0.00155270347294561	1.5739769150052e-4	1.113164280784558e-5	0.001074102	0.002359425	2.36623e-4	5.12e-5	8.92643e-4	9.75e-5	0.0025673251479703	1.9387017747933e-4	2.2254557904647e-4	5.858230814294e-4	0.00177892283155441	3.0830748533203e-4	0.00141427522870083	0.00456634009265588	6.4200304951448e-4	2.4794589649541e-4	0.00151564714862065	0.0041789804211304	4.2396313364055e-4	0.00317030333700473
R95-2G12	0.01858603049965671	2.7465562410208e-4	5.6440309669165e-4	0.00396025845897311	0.00136627293164909	0.00535454585518487	2.6034365362278e-4	2.617605265126e-4	0.00613420597494058	9.015687295894856e-5	8.4856758102898e-4	0.00169602290408912	3.4560733082521e-4	0.00208337428015487	1.2242042672263e-4	1.5584299930983e-4	0.012455246	0.004470005	0.001671153	4.61222e-4	0.001064305	1.46179e-4	0.00980739690417109	4.4942632052027e-4	2.8246169648206e-4	0.00144202604659546	0.00672719093771725	4.7647520460405e-4	0.00503052328183461	0.00245879851143009	5.6175266832517e-4	1.1969801899778e-4	7.3056373350779e-4	0.00212412264499445	1.0138248847926e-4	0.00172655017414342
AG13-3F04	0.00379069924862925	1.7958252345136e-4	7.7135089881193e-4	0.00385604113110539	0.00126690762752915	0.00451720946630822	0.00167220731365402	1.9943659162864e-4	0.00257561995296694	2.8048804920561e-4	0.00230589016583962	0.00284745129769091	6.1221870031894e-4	0.00314471589457339	7.3452256033578e-4	1.224480708863e-4	0.005869589	0.003926231	0.002440179	6.35461e-4	0.0037079	4.26356e-4	0.00504871472613408	7.0498246356121e-4	3.4237781391765e-4	0.00183633004371141	0.00476424160634686	0.00335401173436974	0.00399219463291501	0.0037593984962406	9.128480860284e-4	4.7879207599114e-4	0.00203903609202922	0.00392500923531584	0.00631336405529953	0.00247075283541213
041-102909-3A03	0.00168260629913645	6.33820671004817e-5	2.822015483458286e-5	0.00112902105190022	3.3535790140477e-4	0.00218148164470494	6.007930468218048e-5	9.971829581432452e-5	0.00496460077890729	4.2073207380842e-4	0.00146654614547399	0.00273853239559345	5.0359925348816e-4	0.00479569173922443	1.5739769150052e-4	1.3357971369414e-4	0.001150049	0.005815615	4.58458e-4	1.12743e-4	0.004411714	3.65448e-4	0.00237397011590559	2.2030701986288e-4	2.6534280578618e-4	8.1113965120995e-4	0.00204473888684415	4.0173399603871e-4	0.00187973289890617	0.00866750208855472	0.00148463205200224	4.103932079924e-4	0.00260604078072184	0.01027428888067972	6.9124423963133e-4	0.00623641830143184
16.p.01	0.00127645995106903	1.3732781205104e-4	2.5398139351124e-4	0.00152852080872646	3.8504055346474e-4	0.00229165748534661	1.3017182681139e-4	1.246478697679e-4	1.7419651855815e-4	1.0017430328772065e-5	5.5341363980150894e-5	2.1783780419493e-4	4.937247583217308e-5	2.5550816643408e-4	8.744316194473592e-6	1.113164280784558e-5	0.001638277	2.30413e-4	8.5776e-4	1.53741e-4	1.71662e-4	3.65e-5	0.00110642046125917	2.1149473906836e-4	2.567833604382436e-5	6.8721553783065e-4	0.00181981760929129	4.3910460032138e-4	5.0126210637497e-4	1.6138831928305e-4	7.021908354064681e-5	8.549858499841827e-6	1.3084723585214e-4	9.235315847801996e-5	9.216589861751152e-6	2.5302890483136e-4
W85-2D08	0.0010540464747464	6.33820671004817e-5	3.6686201284957e-4	2.2580421038004e-4	8.694464110494218e-5	4.4070336256665e-4	1.001321744703008e-5	8.725350883753397e-5	1.4931130162127e-4	1.0017430328772065e-5	1.2912984928701e-4	6.2239372627123925e-05	9.874495166434617e-6	7.861789736433499e-5	8.744316194473592e-6	1.113164280784558e-5	9.0051e-4	3.9631e-4	1.33101e-4	2.05e-5	1.3733e-4	1.22e-5	0.00158980804142094	7.049824635612189e-5	3.423778139176581e-5	2.929115407147e-4	9.2013249907986e-4	1.0276916177734e-4	0.0012173508297678	3.2277663856611e-4	1.2037557178396e-4	5.984900949889279e-5	1.7446298113619e-4	3.4632434429257e-4	9.216589861751152e-6	8.930431935224601e-5
240-14-IgG-2E03	0.00299774685478334	5.0705653680385e-4	0.00168380257179677	0.0030396720628083	5.961918247196e-4	0.00572914371336653	1.7022469659951e-4	1.3711265674469e-4	5.9724520648508e-4	2.504357582193e-4	2.8593038056411e-4	9.1803074625007e-4	1.7774091299582e-4	0.00110065056310068	6.121021336131514e-5	3.3394928423536746e-5	0.004025171	8.01836e-4	0.001626786	3.38229e-4	8.92643e-4	1.09634e-4	0.00299700299700299	5.9042281323252e-4	2.9958058717795e-4	0.00120544364832589	0.00253547621968674	7.4741208565342e-4	0.00220197282443294	5.1264524948735e-4	2.6081373886525e-4	1.7954702849667e-4	2.7259840802529e-4	6.2338381972663e-4	2.2119815668202e-4	2.6791295805673e-4
C1-2-E05	0.00439991877073038	3.5916504690272e-4	9.0304495470665e-4	0.00264017230598207	6.9555712883953e-4	0.0039663302630999	2.002643489406e-4	1.4957744372148e-4	0.00925730070051885	8.3144671728808e-4	0.00270250327436403	0.00491691043754278	0.00123431189580432	0.00668252127596847	2.5358516963973e-4	5.2318721196874e-4	0.003775632	0.009999908	0.001700731	3.38229e-4	0.012067841	0.00121816	0.00402822983468144	3.1724210860254e-4	3.8517504065736e-4	0.00116038033436978	0.00374187216292479	7.5675473672409e-4	0.00277484380314721	0.00906622617148933	0.00151472594494823	4.0184334949256e-4	0.00304219823356231	0.00768840044329516	7.1889400921658e-4	0.00619176614175572
AG6-3E02	0.00497045768825366	0.00475365503253612	0.00126050024927803	0.00133745570763565	5.2166784662965e-4	0.00156449693711163	2.1027756638763e-4	1.8697180465185e-4	0.00390697905908994	0.00427744275038567	6.4564924643509e-4	0.00147818509989419	5.0359925348816e-4	0.0011989229348061	1.311647429171e-4	4.4526571231382325e-5	0.001866117	0.002423941	7.0987e-4	3.2798e-4	0.001441961	3.0454e-4	0.00659555498265175	0.01466363524207335	2.0542668835059e-4	0.00138569690415033	0.00308755571913466	7.0069883030008e-4	0.00442184786695071	0.00896179843548264	0.01386325335045341	3.2489462299398e-4	0.00222440300948642	0.00567971924639822	5.2534562211981e-4	0.00513499836275414
K77-2E05	0.00191468992660355	2.3240091270176e-4	5.644030966916572e-5	0.00125060793441256	2.4841326029983e-4	0.00196112996342162	1.4018504425842e-4	4.9859147907162265e-5	6.2213042342196e-4	1.0017430328772065e-5	9.223560663358482e-6	3.1119686313561e-4	4.937247583217308e-5	4.71707384186e-4	3.497726477789437e-5	2.2263285615691163e-5	0.001605729	4.79258e-4	4.2888e-4	7.17e-5	3.08992e-4	7.31e-5	0.00238471206213141	1.4980877350675e-4	1.1983223487118e-4	7.2101302329773e-4	0.0025150288308183	3.6436339175604e-4	0.00186183068082135	8.8288904078377e-4	1.103442741353e-4	1.3679773599746e-4	2.9440628066732e-4	0.00120059106021425	4.608294930875576e-5	6.1024618224034e-4
C6-C01	0.00186633917088124	2.0070987915152e-4	3.292351397368e-4	0.00253595497811436	4.0988187949472e-4	0.00458331497069322	1.3017182681139e-4	8.725350883753397e-5	4.6037651333225e-4	8.01394426301765e-5	2.7670681990075447e-5	6.0683388311445e-4	1.7774091299582e-4	7.2721555062009e-4	6.121021336131514e-5	8.905314246276465e-5	0.003341651	5.99073e-4	0.001316218	2.56234e-4	7.20981e-4	6.09e-5	0.00132125938577551	3.1724210860254e-4	1.1127278952323e-4	6.5341805236357e-4	0.0014313172207909	3.0830748533203e-4	4.6545767020533e-4	3.2277663856611e-4	4.0125190594655326e-5	5.129915099905097e-5	1.7446298113619e-4	2.0779460657554e-4	1.8433179723502303e-5	4.4652159676123e-5
C1-2E01	0.00140217191594704	8.450942280064228e-5	2.3516795695485e-4	9.205863961648e-4	4.0988187949472e-4	0.0011458287426733	0.00171226018344214	3.73943609303717e-5	2.4885216936878e-4	1.0017430328772065e-5	2.7670681990075447e-5	1.7115827472459e-4	1.1849394199721e-4	1.7689026906975e-4	2.1860790486183e-4	2.2263285615691163e-5	9.87306e-4	2.48846e-4	3.84513e-4	4.1e-5	4.11989e-4	2.44e-5	0.0021913570300667	2.5555614304094e-4	9.4153898827356e-5	6.3088639538551e-4	0.00198339672023882	0.00307373220224971	0.00168280849997314	5.3163211057947e-4	1.6050076237862e-4	5.129915099905097e-5	2.9440628066732e-4	6.0029553010712e-4	7.7419354838709e-4	3.5721727740898e-4
16.ND.92	0.00328785138911721	0.00159511535536212	8.4660464503748e-4	0.00161536858194955	0.00113028033436424	0.00123396941518663	6.007930468218048e-5	7.47887218607434e-5	0.00309820950864139	0.0014324925370144	3.320481838809e-4	0.00205389929669508	7.5046163264903e-4	0.00143477662689911	5.246589716684155e-5	8.905314246276465e-5	0.001551481	0.002304126	0.023958118	1.94738e-4	0.048837848	2.92358e-4	0.004876843586521	3.1724210860254e-4	1.6262946161088e-4	0.00132936776170519	0.00333292438555596	6.3530027280541e-4	0.00261372384038382	0.006265664160401	0.00139435037316427	1.8809688699652e-4	0.00225711481844946	0.00364794975988178	3.7788018433179e-4	0.00491173756437353
K77-1D04	0.00128613010221349	5.281838925040142e-5	3.762687311277715e-5	2.0843465573542e-4	6.21033150749587e-5	1.9831651315499e-4	2.8037008851684e-4	6.232393488395284e-5	3.1106521171098e-4	1.0017430328772065e-5	9.223560663358482e-6	6.2239372627123925e-05	9.874495166434617e-6	7.861789736433499e-5	1.3990905911157e-4	1.113164280784558e-5	3.25486e-4	9.22e-5	5.92e-5	2.05e-5	1.72e-5	2.44e-5	0.00129977549332388	4.406140397257618e-5	2.567833604382436e-5	2.0278491280248e-4	7.1565861039545e-4	0.00264397025299899	9.8462199466513e-4	3.0378977747398e-4	4.0125190594655326e-5	8.549858499841827e-6	1.0903936321011e-4	4.848540820096e-4	3.5023041474654e-4	1.6372458547911e-4
W85-1C11	0.00109272707932424	4.225471140032114e-5	9.406718278194289e-6	3.4739109289237e-4	2.484132602998348e-5	2.2035168128332e-4	5.00660872351504e-5	3.73943609303717e-5	1.3686869315283e-4	1.0017430328772065e-5	9.223560663358482e-6	4.667952947034294e-5	9.874495166434617e-6	9.827237170541872e-5	8.744316194473592e-6	1.113164280784558e-5	1.41044e-4	1.01382e-4	1.33101e-4	2.05e-5	1.72e-5	1.22e-5	9.6677516032354e-4	4.406140397257618e-5	8.559445347941453e-6	1.1265828489027e-4	0.00132908027644869	5.6055906424006875e-5	0.00102042643083478	3.0378977747398e-4	5.015648824331915e-5	8.549858499841827e-6	5.4519681605059426e-5	1.8470631695603e-4	9.216589861751152e-6	1.7860863870449e-4
C2-3-F04	4.2548665035634e-4	2.112735570016057e-5	3.4804857629318e-4	2.9528242895852e-4	1.490479561799e-4	2.4238684941166e-4	2.002643489406016e-5	4.9859147907162265e-5	0.00191616170413965	1.8031374591789e-4	7.0099061041524e-4	9.4915043256363e-4	3.2585834049234e-4	0.0016902847933332	4.372158097236796e-5	1.113164280784558e-5	3.47185e-4	0.002912416	1.4789e-4	4.1e-5	0.001029972	6.09e-5	4.9412952638759e-4	1.0574736953418e-4	7.7035008131473085e-05	1.3518994186832e-4	5.3163211057947e-4	2.8027953212003437e-5	2.8643548935713e-4	0.00249677223361433	3.4106412005457e-4	2.8214533049478e-4	7.8508341511285e-4	0.00161618027336534	1.4746543778801e-4	0.00122049236448069
W85-3C05	4.7383740607865e-4	3.169103355024085e-5	9.406718278194289e-6	1.0421732786771e-4	3.726198904497522e-5	8.814067251333127e-5	1.001321744703008e-5	4.9859147907162265e-5	0.00100785128594358	1.0017430328772065e-5	9.223560663358482e-6	2.9563701997883e-4	2.962348549930385e-5	2.35853692093e-4	8.744316194473592e-6	1.113164280784558e-5	7.59e-5	4.60825e-4	1.48e-5	1.02e-5	1.88828e-4	3.65e-5	4.404197952585e-4	8.812280794515236e-6	8.559445347941454e-5	1.1265828489027e-4	6.13421666053245e-5	3.737060428267125e-5	5.191643244598e-4	0.00228791676160097	3.5109541770323e-4	2.1374646249604e-4	5.9971649765565e-4	0.00115441448097524	7.373271889400921e-5	0.00111630399190307
K77-2A10	0.00212743325178172	2.64091946252e-4	6.490635611954e-4	0.00118112971583408	0.00378830221957248	0.00180688378652329	0.01154523971642568	8.725350883753397e-5	0.0027871442969304	2.8048804920561e-4	8.9468538434577e-4	0.00220949772826289	0.00554946628353625	0.00271231745906955	0.01465547394193774	4.0073914108244e-4	0.002159054	0.0040921280000000004	6.21136e-4	1.84489e-4	0.00221444	4.01993e-4	0.00335148722245496	3.3486667019157e-4	3.5093725926559e-4	0.00620747149745392	0.00255592360855518	0.01579842296049927	0.00119944861168298	0.0064650262018683	0.00164513281438086	3.4199433999367e-4	0.00962817577145349	0.00445603989656446	0.03127188940092166	0.00517965052243026
01.d.04	0.00328785138911721	5.3874757035409e-4	0.00202244442981177	0.00594038768845966	0.0016395275179789	0.00835132872063814	3.1040974085793e-4	2.1190137860543e-4	4.2304868792693e-4	1.3022659427403e-4	3.1360106255418e-4	0.00112030870728823	1.0861944683078e-4	0.00143477662689911	1.0493179433368e-4	1.113164280784558e-5	0.007442769	9.7695e-4	0.003253572	7.58453e-4	0.001115803	1.46179e-4	0.00236322816967978	5.5517369005445e-4	2.5678336043824e-4	0.00141949438961741	0.00253547621968674	8.2215329421876e-4	0.00152168853720976	3.7024379129642e-4	1.9059465532461e-4	1.025983019981e-4	4.0344564387743e-4	5.7720724048762e-4	3.686635944700461e-5	2.3814485160598e-4
C1-2B06	0.00124744949763564	1.4789148990112e-4	1.8813436556388577e-5	7.8162995900785e-4	5.3408850964464e-4	0.00160856727336829	0.00609804942524131	6.232393488395284e-5	4.1060607945849e-4	1.0017430328772065e-5	4.2428379051449e-4	3.267567062924e-4	2.2711338882799e-4	4.71707384186e-4	0.00210738020286813	2.2263285615691163e-5	0.001518932	5.99073e-4	2.51412e-4	1.22992e-4	3.26158e-4	3.65e-5	0.00147164663293695	1.2337193112321e-4	1.1127278952323e-4	4.7316479653913e-4	0.00177892283155441	0.00691356179229418	0.00102042643083478	6.5504670767828e-4	1.4043816708129e-4	2.5649575499525484e-5	3.8163777123541e-4	0.00117750277059475	0.00225806451612903	5.0605780966272e-4
K77-2F07	0.00158590478769183	1.3732781205104e-4	9.406718278194289e-6	0.00130271659834641	1.7388928220988e-4	0.00143228592834163	4.005286978812032e-5	6.232393488395284e-5	1.3686869315283e-4	1.0017430328772065e-5	9.223560663358482e-6	1.0891890209746e-4	1.9748990332869233e-5	1.179268460465e-4	1.7488632388947183e-5	8.905314246276465e-5	0.001876966	1.75114e-4	5.47192e-4	2.35735e-4	1.02997e-4	3.65e-5	0.00259955098664776	2.3793158145191e-4	8.559445347941454e-5	6.6468388085259e-4	0.00200384410910726	2.2422362569602e-4	0.00114574195742852	3.4176349965823e-4	3.0093892945991493e-5	6.839886799873462e-5	1.1994329953113e-4	1.6161802733653e-4	3.686635944700461e-5	8.930431935224601e-5
042-10-2D01	0.00154722418311398	2.7465562410208e-4	7.7135089881193e-4	0.00293545473494059	3.1051657537479e-4	0.00185095412277995	1.3017182681139e-4	6.232393488395284e-5	2.9862260324254e-4	4.006972131508825e-5	2.7670681990075447e-5	4.5123545154664e-4	5.92469709986077e-5	1.5723579472866e-4	8.744316194473592e-6	3.3394928423536746e-5	0.001442986	3.87093e-4	3.84513e-4	1.94738e-4	1.88828e-4	6.09e-5	0.00191206642819546	8.5479123706797e-4	0.01103312505349653	7.6607633725384e-4	0.03553756185335133	2.4290892783736e-4	0.00127105748402227	2.9429634692792e-4	1.6050076237862e-4	0.00219731363445935	1.853669174572e-4	0.0032554488363502	1.1059907834101e-4	3.423332241836e-4
K77-2A05	0.00455464118904178	1.6901884560128e-4	1.8813436556388577e-5	0.00105954283332175	2.1115127125485e-4	0.00110175840641664	7.009252212921056e-5	3.73943609303717e-5	0.00643282857818313	1.6027888526035e-4	2.7670681990075447e-5	0.00144706541358063	3.6535632115808e-4	9.630692427131e-4	1.4865337530605e-4	3.3394928423536746e-5	8.35413e-4	0.002092147	1.4789e-4	3.07e-5	7.03814e-4	9.75e-5	0.00545690868271513	2.0268245827385e-4	1.9686724300265e-4	0.00111531702041368	0.00368052999631947	1.4948241713068e-4	0.00356254139887932	0.01399331662489557	0.001163630527245	3.7619377399304e-4	0.00278050376185803	0.00764222386405615	5.8064516129032e-4	0.00695085285624981
K77-1B02	0.00289137519219425	1.4789148990112e-4	6.584702794736001e-5	0.00161536858194955	3.2293723838978e-4	0.00200520029967828	9.011895702327072e-5	3.73943609303717e-5	0.00317286515945202	1.1019173361649e-4	5.3496651847479e-4	0.00197610008091118	3.7523081632451e-4	0.00212268322883704	7.869884575026233e-5	1.7810628492552e-4	0.001030704	0.00131796	3.84513e-4	1.33242e-4	0.0012188	9.75e-5	0.00414639124316543	2.90805266219e-4	2.1398613369853e-4	9.3506376458924e-4	0.00302621355252934	5.2318845995739e-4	0.00288225711165613	0.00562960431381484	0.00109341144370435	2.8214533049478e-4	0.00170101406607785	0.00644163280384189	3.2258064516129e-4	0.00389962194504807
C6-2-2C06	4.5449710378973e-4	0.00126764134200963	9.406718278194289e-6	2.0843465573542e-4	2.484132602998348e-5	3.3052752192499e-4	1.001321744703008e-5	3.73943609303717e-5	2.239669524319e-4	8.0139442630176e-4	9.223560663358482e-6	1.2447874525424e-4	9.874495166434617e-6	9.827237170541872e-5	8.744316194473592e-6	1.113164280784558e-5	4.5568e-4	1.29031e-4	2.96e-5	1.22992e-4	3.43e-5	6.09e-5	4.9412952638759e-4	0.00252031230723135	3.423778139176581e-5	1.8025325582443e-4	3.0671083302662e-4	6.539855749467469e-5	8.951109042410355e-5	9.493430546062124e-5	7.2225343070379e-4	3.419943399936731e-5	5.4519681605059426e-5	1.3852973771702e-4	2.7649769585253457e-5	1.4884053225374334e-5
K77-2B03	0.00535726373403216	9.507310065072255e-5	9.3126510954123e-4	0.00324810671854373	2.7325458632981e-4	0.00561896787272486	2.4031721872872e-4	6.232393488395284e-5	8.9586780972763e-4	9.015687295894856e-5	4.9807227582135e-4	0.00108918902097466	1.4811742749651e-4	0.00137581320387586	7.869884575026233e-5	1.113164280784558e-5	0.005196919	0.0010230320000000001	0.001671153	3.89476e-4	8.5831e-4	1.46179e-4	0.00677816806849064	5.81610532438e-4	1.6262946161088e-4	0.00193772250011265	0.00621600621600621	0.00134534175417616	0.00392058576057573	0.00170881749829118	3.9122060829788e-4	4.274929249920914e-5	7.5237160614982e-4	0.0018701514591799	2.0276497695852e-4	0.00136933289673443
042-10-2B05	0.00297840655249441	4.5423814755345e-4	6.8669043430818e-4	0.00260543319669283	9.1912906310938e-4	0.00385615442245824	2.002643489406e-4	4.9859147907162265e-5	0.00118204780450173	1.5026145493158e-4	2.6748325923739e-4	0.00112030870728823	2.4686237916086e-4	0.00121857740914719	1.7488632388947183e-5	1.113164280784558e-5	0.008006944	0.00303223	0.002218344	6.04713e-4	0.002145775	3.0454e-4	0.00482313385539192	8.6360351786249e-4	0.00284173585551656	0.0020391149565139	0.00370097738518791	9.3426510706678e-4	0.00248840831379007	0.00126262626262626	7.8244121659577e-4	7.0108839698702e-4	0.00107948969578017	0.00101588474325821	1.1059907834101e-4	5.0605780966272e-4
AG1-A01	2.7076423204494e-4	3.169103355024085e-5	1.8813436556388577e-5	1.3895643715695e-4	3.726198904497522e-5	8.814067251333127e-5	2.002643489406016e-5	2.4929573953581132e-5	1.2442608468439324e-5	1.0017430328772065e-5	9.223560663358482e-6	3.111968631356196e-5	9.874495166434617e-6	1.9654474341083747e-5	8.744316194473592e-6	1.113164280784558e-5	2.38689e-4	8.29e-5	1.18312e-4	4.1e-5	1.02997e-4	1.22e-5	2.9003254809706e-4	3.5249123178060946e-5	2.567833604382436e-5	1.0139245640124e-4	1.6357911094753e-4	6.539855749467469e-5	1.0741330850892e-4	7.5947444368497e-5	4.0125190594655326e-5	8.549858499841827e-6	5.4519681605059426e-5	2.3088289619504987e-5	9.216589861751152e-6	1.3395647902836e-4
C1-3E03	0.00447727997988608	1.056367785008e-4	6.584702794736e-4	0.00166747724588341	3.8504055346474e-4	0.00246793883037327	8.010573957624064e-5	4.9859147907162265e-5	0.00924485809205041	4.7081922545228e-4	0.00137431053884041	0.00379660173025455	6.5171668098468e-4	0.004225711983333	2.623294858342e-4	1.3357971369414e-4	0.003753933	0.008073658	0.001271851	4.40723e-4	0.004961033	7.43078e-4	0.00692855531565209	3.3486667019157e-4	3.5093725926559e-4	0.00129557027623811	0.00318979266347687	5.3253111102806e-4	0.00324030147335254	0.01786663628768892	0.00200625952973276	4.9589179299082e-4	0.00448151782793588	0.00817325452530476	5.8986175115207e-4	0.00754621498526478
W85-1H08	2.804343831894e-4	1.0563677850080284e-5	9.406718278194289e-6	1.0421732786771e-4	1.242066301499174e-5	1.1017584064166e-4	1.001321744703008e-5	4.9859147907162265e-5	6.2213042342196e-4	1.0017430328772065e-5	1.2912984928701e-4	2.6451733366527e-4	9.874495166434617e-6	1.179268460465e-4	1.7488632388947183e-5	1.0018478527061e-4	8.68e-5	4.23959e-4	2.96e-5	1.02e-5	5.15e-5	4.87e-5	3.2225838677451e-4	1.7624561589030473e-5	8.559445347941453e-6	4.506331395610833e-5	2.4536866642129e-4	9.342651070667812e-6	3.0433770744195e-4	0.00146198830409356	2.8087633416258e-4	4.274929249920914e-5	2.7259840802529e-4	7.1573697820465e-4	4.608294930875576e-5	8.3350698062096e-4
236-14-IgG-1A06	0.00334587229598398	3.0634665765232e-4	6.2084340636082e-4	0.00660043076495518	0.00108059768230428	0.00273236084791326	1.6021147915248e-4	1.4957744372148e-4	0.00334706167801017	3.6062749183579e-4	0.00140198122083048	0.00581938134063608	7.3071264231616e-4	0.00312506142023231	2.3609653725078e-4	2.2263285615691e-4	0.002625583	0.002221178	0.001538052	2.66484e-4	0.002231606	2.19269e-4	0.00372745534035856	5.4636140925994e-4	0.02297355131387486	0.00180253255824433	0.00273995010837116	8.2215329421876e-4	0.00261372384038382	0.00237335763651553	7.1222213305513e-4	0.0113456622292901	0.00155926289390469	0.0032785371259697	2.7649769585253e-4	0.00256005715476438
SFV009-3A02	0.00127645995106903	1.0563677850080284e-5	9.406718278194289e-6	3.1265198360314e-4	1.1178596713492e-4	6.3901987572165e-4	3.003965234109024e-5	2.4929573953581132e-5	8.3365476738543e-4	1.0017430328772065e-5	9.223560663358482e-6	2.3339764735171e-4	1.9748990332869233e-5	3.1447158945733e-4	2.6232948583420775e-5	1.113164280784558e-5	4.33981e-4	6.35939e-4	1.62679e-4	3.07e-5	1.3733e-4	3.65e-5	0.00146090468671113	5.287368476709142e-5	1.2839168021912e-4	2.2531656978054e-4	0.00112460638776428	1.8685302141335e-4	0.0012173508297678	0.00187020581757423	3.4106412005457e-4	2.5649575499525484e-5	6.2152437029767e-4	0.00168544514222386	1.1059907834101e-4	0.00172655017414342
13001-22-3E05	5.9954937095666e-4	1.0563677850080284e-5	3.762687311277715e-5	1.2158688251233e-4	3.726198904497522e-5	3.7459785818165e-4	2.002643489406016e-5	3.73943609303717e-5	0.00100785128594358	1.0017430328772065e-5	2.1214189525724e-4	2.8007717682205e-4	8.887045649791154e-5	6.8790660193793e-4	3.497726477789437e-5	1.5584299930983e-4	1.19345e-4	4.97691e-4	1.48e-5	2.05e-5	4.80654e-4	2.44e-5	9.5603321409773e-4	6.168596556160665e-5	1.7118890695882905e-5	1.689874273354e-4	0.00537766327240011	9.342651070667812e-5	4.8335988829015e-4	0.00210754158122579	1.9059465532461e-4	2.5649575499525484e-5	4.1434958019845e-4	0.00572589582563723	1.8433179723502e-4	0.00177120233381954
R95-1H10	0.00381970970206264	8.450942280064228e-5	3.4804857629318e-4	0.00154589036337108	3.4777856441976e-4	0.00264422017539993	0.00254335723154564	6.232393488395284e-5	0.00302355385783075	8.01394426301765e-5	5.8108432179158e-4	0.00132258666832638	4.8385026315529e-4	0.00165097584465103	0.00289436866037075	3.3394928423536746e-5	0.002582185	0.00340089	9.9086e-4	2.86982e-4	0.001819618	3.0454e-4	0.00344816473848731	1.8505789668481e-4	1.7118890695882e-4	7.6607633725384e-4	0.00290352921931869	0.00240106132516162	0.00368785692547306	0.00322776638566112	7.9247251424444e-4	2.5649575499525e-4	0.0013847999127685	0.00240118212042851	0.00222119815668202	0.00267912958056738
K77-2H08	0.00169227645028091	1.0563677850080284e-5	4.703359139097143e-5	3.4739109289237e-4	4.968265205996696e-5	3.3052752192499e-4	2.002643489406016e-5	3.73943609303717e-5	5.2258955567445e-4	4.006972131508825e-5	9.223560663358482e-6	1.4003858841102e-4	9.874495166434617e-6	1.3758132038758e-4	1.7488632388947183e-5	2.2263285615691163e-5	6.07573e-4	3.22578e-4	1.4789e-4	4.1e-5	2.05994e-4	2.44e-5	0.0034374227922615	4.406140397257618e-5	1.0271334417529e-4	5.0696228200621e-4	0.00171758066494908	1.2145446391868e-4	0.00180812402656689	9.5883648515227e-4	2.3071984591926e-4	1.7099716999683655e-5	1.3084723585214e-4	7.1573697820465e-4	5.5299539170506914e-5	8.6327508707171e-4
W85-2E09	5.8020906866774326e-5	7.394574495056198e-5	2.9160826662402e-4	1.3895643715695e-4	8.694464110494218e-5	3.0849235379665e-4	5.00660872351504e-5	2.4929573953581e-4	2.6129477783722e-4	2.003486065754413e-5	1.7524765260381e-4	4.8235513786021e-4	5.92469709986077e-5	4.1274396116275e-4	8.744316194473592e-5	2.448961417726e-4	2.82087e-4	5.71423e-4	1.33101e-4	3.07e-5	4.9782e-4	4.87e-5	2.5780670941961e-4	2.643684238354571e-5	2.567833604382436e-5	1.3518994186832e-4	2.0447388868441e-4	5.6055906424006875e-5	3.5804436169641e-4	3.2277663856611e-4	1.2037557178396e-4	8.549858499841828e-5	2.3988659906226e-4	1.3852973771702e-4	5.5299539170506914e-5	4.018694370851e-4
K77-1D10	0.00324917078453936	2.5352826840192e-4	6.3025012463901e-4	0.00109428194261099	2.6083392331482e-4	0.00118989907892997	4.005286978812032e-5	8.725350883753397e-5	0.00235165300053503	1.1019173361649e-4	6.0875500378165e-4	7.7799215783904e-4	1.5799192266295e-4	9.4341476837201e-4	5.246589716684155e-5	1.224480708863e-4	8.8966e-4	0.001244228	3.84513e-4	1.22992e-4	0.001115803	1.58361e-4	0.00505945667235989	1.5862105430127e-4	2.8246169648206e-4	0.0010815195349466	0.00484603116182063	5.0450315781606e-4	0.0031149859467588	0.00577200577200577	6.0187785891982e-4	1.2824787749762e-4	0.00117762512266928	0.00521795345400812	1.9354838709677e-4	0.00300657875152561
051-10-2D06	0.00131514055564688	1.056367785008e-4	8.466046450374858e-5	5.2108663933856e-4	1.1178596713492e-4	5.9494953946498e-4	2.002643489406016e-5	3.73943609303717e-5	3.2350782017942e-4	2.003486065754413e-5	9.223560663358482e-5	1.4003858841102e-4	1.9748990332869233e-5	1.5723579472866e-4	3.497726477789437e-5	1.0018478527061e-4	4.5568e-4	1.8433e-4	5.92e-5	3.07e-5	3.43e-5	7.31e-5	0.00133200133200133	1.1455965032869e-4	1.3695112556706e-4	3.1544319769275e-4	8.9968511021142e-4	1.0276916177734e-4	0.00150378631912493	4.6517809675704e-4	1.2037557178396e-4	9.404844349826012e-5	1.3084723585214e-4	9.9279645363871e-4	7.373271889400921e-5	2.9768106450748e-4
K77-1E06	7.5427178926806e-4	7.394574495056198e-5	9.406718278194289e-6	4.5160842076009e-4	1.7388928220988e-4	6.1698470759331e-4	5.00660872351504e-5	2.4929573953581132e-5	1.6175391008971e-4	1.0017430328772065e-5	2.8593038056411e-4	4.667952947034294e-5	9.874495166434617e-6	3.9308948682167495e-5	8.744316194473592e-6	1.113164280784558e-5	5.85874e-4	1.47464e-4	8.87e-5	1.02e-5	1.02997e-4	1.22e-5	0.00131051743954969	1.4980877350675e-4	9.4153898827356e-5	3.2670902618178e-4	0.00106326422115895	1.4948241713068e-4	8.9511090424103e-4	2.2784233310549e-4	1.0031297648663832e-5	2.5649575499525484e-5	5.4519681605059426e-5	3.2323605467306e-4	7.373271889400921e-5	1.1907242580299e-4
R95-2E11	0.01258086663894556	4.7536550325361e-4	3.762687311277715e-5	0.00290071562565135	8.6944641104942e-4	0.00200520029967828	6.007930468218048e-5	1.8697180465185e-4	0.0127536736801503	2.6045318854807e-4	6.3642568577173e-4	0.00255181427771208	6.4184218581825e-4	0.00259439061302305	1.3990905911157e-4	1.3357971369414e-4	0.005978084	0.009078257	6.95081e-4	2.66484e-4	0.002677928	5.35991e-4	0.00837871805613741	4.3180175893124e-4	3.937344860053e-4	0.0011265828489027	0.00564347932768985	4.7647520460405e-4	0.00479779444673195	0.00937950937950938	8.4262900248776e-4	4.5314250049161e-4	0.00215897939156035	0.00565663095677872	4.147465437788e-4	0.005447563480487
034-100809-1A03	0.00291071549448317	4.225471140032114e-5	1.8813436556388577e-5	8.8584728687556e-4	2.6083392331482e-4	9.4751222951831e-4	3.003965234109024e-5	2.4929573953581132e-5	3.6083564558474e-4	4.006972131508825e-5	9.223560663358482e-6	2.3339764735171e-4	1.9748990332869233e-5	9.827237170541872e-5	8.744316194473592e-6	1.113164280784558e-5	0.001703374	3.22578e-4	3.99302e-4	7.17e-5	2.40327e-4	4.87e-5	0.0058113929081671	3.524912317806e-4	1.0271334417529e-4	0.00110405119192465	0.00337381916329284	1.7751037034268e-4	0.0032044970371829	0.0011012379433432	7.021908354064681e-5	8.549858499841827e-6	2.3988659906226e-4	7.1573697820465e-4	7.373271889400921e-5	8.1862292739558e-4
01.y.01	5.125180106565e-4	3.169103355024085e-5	1.8813436556388577e-5	1.0421732786771e-4	3.726198904497522e-5	1.9831651315499e-4	2.002643489406016e-5	3.73943609303717e-5	5.723599895482e-4	1.1019173361649e-4	5.4419007913815e-4	2.1783780419493e-4	9.874495166434617e-5	3.7343501248059e-4	2.6232948583420775e-5	1.113164280784558e-5	4.12282e-4	4.70042e-4	1.77468e-4	3.07e-5	3.43324e-4	2.44e-5	7.4119428958138e-4	8.812280794515236e-6	6.847556278353162e-5	1.9151908431346e-4	4.7028994397415e-4	5.6055906424006875e-5	7.6979537764729e-4	0.0012531328320802	6.0187785891982986e-5	4.274929249920914e-5	3.8163777123541e-4	0.00101588474325821	1.0138248847926e-4	5.6559402256422e-4
051-09-5B06	3.9647619692295e-4	0.00565156764979295	1.8813436556388577e-5	2.2580421038004e-4	1.7388928220988e-4	1.1017584064166e-4	7.009252212921056e-5	6.232393488395284e-5	1.4931130162127e-4	0.004087111574139	9.223560663358482e-5	9.335905894068588e-5	7.899596133147693e-5	5.8963423023251246e-5	2.6232948583420775e-5	1.113164280784558e-5	1.95291e-4	1.29031e-4	4.44e-5	4.1e-5	1.20163e-4	1.22e-5	4.404197952585e-4	0.00847741412432365	5.135667208764872e-5	2.4784822675859e-4	1.6357911094753e-4	9.342651070667812e-5	3.4014214361159e-4	3.5125693020429e-4	0.00451408394189872	1.2824787749762e-4	9.813542688910696e-5	3.4632434429257e-4	6.451612903225807e-5	7.442026612687167e-5
R95-2B02	5.2218816180096e-4	1.0563677850080284e-5	1.8813436556388577e-5	1.3895643715695e-4	2.484132602998348e-5	1.5424617689832e-4	2.002643489406016e-5	3.73943609303717e-5	7.2167129116948e-4	3.0052290986316192e-5	9.223560663358482e-6	3.7343623576274e-4	2.962348549930385e-5	1.7689026906975e-4	8.744316194473592e-6	1.0018478527061e-4	2.06141e-4	5.99073e-4	7.39e-5	2.05e-5	6.87e-5	3.65e-5	7.6267818203302e-4	3.5249123178060946e-5	2.567833604382436e-5	1.5772159884637e-4	7.5655338813233e-4	4.6713255353339065e-5	5.5496876062944e-4	0.00225943646996278	3.9122060829788e-4	4.274929249920914e-5	4.5796532548249e-4	0.0018701514591799	1.3824884792626e-4	0.00116095615157919
009-10-2G06	0.00282368413418301	1.584551677512e-4	2.822015483458286e-5	9.0321684152018e-4	2.7325458632981e-4	0.00132211008769996	5.00660872351504e-5	1.1218308279111e-4	0.00301111124936231	2.0034860657544e-4	7.3788485306867e-4	0.00152486462936453	2.567368743273e-4	0.00200475638279054	1.6614200769499e-4	2.6715942738829e-4	0.001204296	0.002442374	1.33101e-4	5.12e-5	8.41144e-4	9.75e-5	0.00364151977055202	2.6436842383545e-4	2.482239150903e-4	7.8860799423189e-4	0.00257637099742362	4.3910460032138e-4	0.00304337707441952	0.00596187438292701	6.4200304951448e-4	1.8809688699652e-4	0.00166830225711481	0.00621074990764684	3.5944700460829e-4	0.00336379602893459
R95-2C07	0.00225314521665973	1.584551677512e-4	1.599142107293e-4	9.7269506009865e-4	3.9746121647973e-4	7.4919571636331e-4	5.00660872351504e-5	4.9859147907162265e-5	3.2350782017942e-4	2.003486065754413e-5	7.378848530686786e-5	1.2447874525424e-4	9.874495166434617e-6	1.179268460465e-4	8.744316194473592e-6	1.113164280784558e-5	0.001540631	1.8433e-4	4.43669e-4	1.22992e-4	2.23161e-4	7.31e-5	0.00158980804142094	1.5862105430127e-4	1.7118890695882905e-5	3.9430399711594e-4	0.00130863288758025	1.4948241713068e-4	0.00109203530317406	2.6581605528973e-4	6.0187785891982986e-5	8.549858499841827e-6	8.723149056809508e-5	3.0014776505356e-4	6.451612903225807e-5	3.7210133063435e-4
240-14-IgG-1A06	0.00245621839069344	1.0563677850080284e-5	3.762687311277715e-5	7.2952129507399e-4	2.484132602998348e-5	8.8140672513331e-4	2.002643489406016e-5	1.1218308279111e-4	1.9908173549502e-4	1.0017430328772065e-5	1.8447121326716965e-5	1.2447874525424e-4	3.9497980665738466e-5	7.861789736433499e-5	1.7488632388947183e-5	1.113164280784558e-5	9.22209e-4	1.8433e-4	2.51412e-4	9.22e-5	5.15e-5	2.44e-5	0.00285735769606737	1.3218421191772e-4	3.5949670461354e-4	4.3936731107205e-4	0.00267860794176583	3.0830748533203e-4	0.00132476413827673	3.7973722184248e-4	8.025038118931065e-5	4.274929249920914e-5	6.542361792607131e-5	3.0014776505356e-4	9.216589861751152e-6	2.9768106450748e-4
16.ND.95	8.1229269613484e-4	5.281838925040142e-5	3.5745529457138e-4	4.1686931147085e-4	2.6083392331482e-4	0.0011458287426733	6.007930468218048e-5	6.232393488395284e-5	9.95408677475146e-5	1.0017430328772065e-5	1.8447121326716e-4	1.4003858841102e-4	4.937247583217308e-5	1.179268460465e-4	1.7488632388947183e-5	1.113164280784558e-5	9.22209e-4	2.02763e-4	4.2888e-4	1.02494e-4	3.43324e-4	6.09e-5	0.00141793690180786	2.1149473906836e-4	8.559445347941454e-5	7.7734216574286e-4	0.00130863288758025	1.6816771927202e-4	7.3399094147764e-4	2.2784233310549e-4	5.015648824331915e-5	1.7099716999683655e-5	1.1994329953113e-4	3.2323605467306e-4	4.608294930875576e-5	1.9349269192986e-4
014-10-1D01	0.00486408602566458	3.3803769120256e-4	5.8321653324804e-4	0.00208434655735426	5.961918247196e-4	0.00189502445903662	1.2015860936436e-4	8.725350883753397e-5	0.00680610683223631	5.5095866808246e-4	0.00128207493220682	0.00272297255243667	7.3071264231616e-4	0.00355745985573615	2.7107380202868e-4	2.1150121334906e-4	0.002831724	0.005069078	0.001035227	1.94738e-4	0.002935421	3.53266e-4	0.00452235936106903	1.762456158903e-4	2.1398613369853e-4	9.1253210761119e-4	0.00294442399705557	3.5502074068537e-4	0.00196924398933027	0.00687324371534897	8.4262900248776e-4	1.5389745299715e-4	0.00212626758259731	0.00350942002216475	3.9631336405529e-4	0.00317030333700473
041-102909-2C03	0.00275599307617178	1.4789148990112e-4	4.703359139097143e-5	0.0015632599180157	1.6146861919489e-4	0.00169670794588162	1.1014539191733e-4	8.725350883753397e-5	0.001331359106123	1.1019173361649e-4	1.8447121326716965e-5	7.9355200099582e-4	7.899596133147693e-5	6.8790660193793e-4	7.869884575026233e-5	1.8923792773337e-4	0.002050559	0.001336393	8.13393e-4	1.43491e-4	7.89645e-4	9.75e-5	0.00269622850268011	2.1149473906836e-4	1.45510570915e-4	9.4632959307827e-4	0.00224921277552856	5.792443663814e-4	0.0020766572978392	0.00155692260955418	2.0062595297327e-4	1.1114816049794e-4	0.00106858575945916	0.00159309198374584	1.1981566820276e-4	8.9304319352246e-4
051-09-4D03	0.00272698262273839	1.3732781205104e-4	4.891493504661e-4	0.00173695546446189	4.2230254250971e-4	0.00174077828213829	1.1014539191733e-4	6.232393488395284e-5	4.3549129639537e-4	6.0104581972632384e-5	9.223560663358482e-6	4.6679529470342e-4	1.8761540816225e-4	5.6997975589142e-4	8.744316194473592e-6	1.113164280784558e-5	0.004762938	0.001041465	0.002159188	4.20224e-4	9.61307e-4	1.09634e-4	0.00370597144790693	4.5823860131479e-4	1.6262946161088e-4	0.00117164616285881	0.00190160716476505	2.3356627676669e-4	0.00198714620741509	7.1200729095465e-4	1.5046946472995e-4	5.129915099905097e-5	5.561007523716e-4	3.9250092353158e-4	1.8433179723502303e-5	1.6372458547911e-4
R95-1B07	0.00517353086228737	8.450942280064228e-5	2.2576123867666e-4	0.00100743416938789	2.2357193426985e-4	9.4751222951831e-4	6.007930468218048e-5	3.73943609303717e-5	0.00308576690017295	7.012201230140445e-5	3.320481838809e-4	7.1575278521192e-4	8.887045649791154e-5	7.4687002496118e-4	1.7488632388947183e-5	1.113164280784558e-5	0.001019855	0.001244228	3.40146e-4	1.02494e-4	5.32152e-4	2.67995e-4	0.00544616673648931	4.3180175893124e-4	1.2839168021912e-4	8.4493713667703e-4	0.00304666094139778	4.1107664710938e-4	0.00279274602123203	0.00529733424470266	5.4169007302784e-4	8.549858499841828e-5	0.00103587395049612	0.00297838936091614	9.216589861751152e-5	0.00320007144345548
R95-1F03	7.6394194041252e-4	1.0563677850080284e-5	9.406718278194289e-6	1.3895643715695e-4	3.726198904497522e-5	1.3221100876999e-4	2.002643489406016e-5	1.6204223069827e-4	4.9770433873757e-4	1.0017430328772065e-5	9.223560663358482e-6	1.4003858841102e-4	3.9497980665738466e-5	2.7516264077517e-4	5.246589716684155e-5	1.4471135650199e-4	2.38689e-4	3.22578e-4	5.92e-5	3.07e-5	5.15e-5	1.22e-5	0.00116013019238825	1.7624561589030473e-5	2.567833604382436e-5	2.1405074129151e-4	9.2013249907986e-4	3.737060428267125e-5	0.00100252421274995	0.00129110655426444	1.5046946472995e-4	1.1969801899778e-4	2.6169447170428e-4	8.0809013668267e-4	1.6589861751152e-4	4.3163754353585e-4
041-102909-3G01	0.00286236473876086	1.584551677512e-4	9.406718278194289e-6	0.00118112971583408	3.1051657537479e-4	0.0014102507602133	1.1014539191733e-4	4.9859147907162265e-5	0.00146822779927584	8.01394426301765e-5	5.2574295781143e-4	7.4687247152548e-4	1.9748990332869233e-5	6.6825212759684e-4	8.744316194473592e-6	4.4526571231382325e-5	0.001768471	0.001364043	3.40146e-4	1.22992e-4	9.09809e-4	8.53e-5	0.00416787513561707	1.762456158903e-4	7.7035008131473085e-05	6.0835473840746e-4	0.00261726577516051	3.8304869389738e-4	0.00220197282443294	0.00329422039948355	2.1065725062194e-4	1.1114816049794e-4	7.0875586086577e-4	0.00219338751385297	1.1981566820276e-4	0.00157770964188967
K77-1B07	5.5119861523435e-4	1.0563677850080284e-5	9.406718278194289e-6	8.684777322309456e-5	1.242066301499174e-5	6.610550438499845e-5	2.002643489406016e-5	2.4929573953581132e-5	9.95408677475146e-5	1.0017430328772065e-5	9.223560663358482e-6	3.111968631356196e-5	9.874495166434617e-6	5.8963423023251246e-5	2.6232948583420775e-5	1.113164280784558e-5	1.95291e-4	9.22e-5	7.39e-5	2.05e-5	1.72e-5	2.44e-5	8.4861375183955e-4	8.812280794515236e-6	8.559445347941453e-6	1.2392411337929e-4	5.7252688831636e-4	7.47412085653425e-5	8.5930646807139e-4	2.3733576365155e-4	1.0031297648663832e-5	8.549858499841827e-6	7.63275542470832e-5	1.1544144809752e-4	4.608294930875576e-5	2.9768106450748e-4
C1-2-2F03	0.00604384446528899	4.8592918110369e-4	8.3719792675929e-4	0.00507190995622872	0.00113028033436424	0.0070512538010665	1.9025113149357e-4	1.9943659162864e-4	0.00158021127549179	2.0034860657544e-4	6.6409636776181e-4	0.00168046306093234	2.567368743273e-4	0.00172959374201536	2.0986358866736e-4	1.3357971369414e-4	0.008267332	0.001852517	0.00326836	8.91695e-4	0.00235177	4.50719e-4	0.00345890668471313	4.1417719734221e-4	2.5678336043824e-4	0.00155468433148573	0.00218787060892324	3.5502074068537e-4	0.00166490628188832	8.259284575074e-4	3.310328224059e-4	1.1969801899778e-4	8.286991603969e-4	0.00175471001108237	7.373271889400921e-5	0.00113118804512844
K77-1B01	0.00190501977545909	9.507310065072255e-5	1.1288061933833e-4	0.00130271659834641	2.7325458632981e-4	0.00147635626459829	8.010573957624064e-5	6.232393488395284e-5	8.4609737585387e-4	5.0087151643860314e-5	3.320481838809e-4	7.313126283687e-4	3.2585834049234e-4	9.2376029403093e-4	6.995452955578873e-5	8.905314246276465e-5	0.001041554	5.34557e-4	5.76769e-4	6.15e-5	3.77656e-4	4.87e-5	0.00263177682532521	3.0842982780803e-4	1.7118890695882e-4	8.7873462214411e-4	0.00188115977589661	5.512164131694e-4	0.0015574929733794	0.00143350801245538	5.0156488243319e-4	1.1969801899778e-4	6.9785192454476e-4	0.00113132619135574	1.4746543778801e-4	0.00108653588545232
051-10-2B05	2.3208362746709e-4	9.507310065072255e-5	9.406718278194289e-6	1.736955464461891e-5	3.726198904497522e-5	1.1017584064166e-4	3.003965234109024e-5	2.4929573953581132e-5	1.2442608468439e-4	1.1019173361649e-4	9.223560663358482e-6	3.111968631356196e-5	9.874495166434617e-6	5.8963423023251246e-5	8.744316194473592e-6	1.113164280784558e-5	9.76e-5	9.22e-5	1.48e-5	7.78952e-4	8.58e-5	2.55814e-4	3.759681179036e-4	8.72415798657e-4	8.559445347941453e-6	1.2392411337929e-4	1.6357911094753e-4	3.737060428267125e-5	1.790221808482e-4	1.0442773600668e-4	3.0093892945991e-4	2.5649575499525484e-5	1.0903936321011e-4	1.6161802733653e-4	9.216589861751152e-6	5.9536212901497336e-5
C1-2A02	8.7998375414607e-4	8.450942280064228e-5	9.406718278194289e-6	3.1265198360314e-4	6.21033150749587e-5	4.8477369882332e-4	6.007930468218048e-5	3.73943609303717e-5	1.9908173549502e-4	1.0017430328772065e-5	9.223560663358482e-6	6.2239372627123925e-05	9.874495166434617e-6	1.179268460465e-4	3.497726477789437e-5	1.113164280784558e-5	6.61821e-4	1.75114e-4	2.66201e-4	2.05e-5	2.05994e-4	3.65e-5	0.00160054998764676	4.406140397257618e-5	3.423778139176581e-5	3.9430399711594e-4	0.00104281683229051	1.7751037034268e-4	0.00110993752125888	2.753094858358e-4	4.0125190594655326e-5	8.549858499841827e-6	6.542361792607131e-5	2.3088289619504e-4	1.8433179723502303e-5	5.3582591611347e-4
K77-1F01	0.00740733577665818	7.9227583875602e-4	0.00178727647285691	0.00705203918571527	0.0020990920495336	0.00991582565774977	3.6047582809308e-4	3.3654924837334e-4	0.00283691473080416	4.3074950413719e-4	0.00115294508291981	0.00300304972925872	9.0845355531198e-4	0.00330195168930206	2.0986358866736e-4	1.4471135650199e-4	0.005945535	0.002506889	0.00242539	5.73965e-4	0.002677928	2.92358e-4	0.00744416873449131	9.869754489857e-4	3.0814003252589e-4	0.00300797620657023	0.00500961027276816	0.00152285212451885	0.00365205248930342	0.00239234449760765	4.0125190594655e-4	5.3009122699019e-4	0.00112310544106422	0.00258588843738455	3.6866359447004e-4	0.00175631828059417
K77-1D09	0.00166326599684753	8.450942280064228e-5	1.8813436556388577e-5	3.4739109289237e-4	3.3535790140477e-4	5.0680886695165e-4	9.011895702327072e-5	3.73943609303717e-5	0.00143089997387052	2.7047061887684e-4	2.7670681990075447e-5	5.1347482417377e-4	1.5799192266295e-4	6.6825212759684e-4	5.246589716684155e-5	3.3394928423536746e-5	0.001225995	0.001244228	3.69724e-4	8.2e-5	5.66485e-4	8.53e-5	0.00345890668471313	1.4099649271224e-4	2.3110502439441e-4	6.5341805236357e-4	0.00204473888684415	1.4948241713068e-4	0.00170071071805796	0.00372142477405635	4.3134579889254e-4	1.7954702849667e-4	0.00135208810380547	0.00316309567787218	2.3041474654377e-4	0.00174143422736879
R95-1H06	0.00380036939977371	1.584551677512e-4	5.8321653324804e-4	6.6004307649551e-4	1.6146861919489e-4	0.00145432109646996	1.3017182681139e-4	2.4929573953581132e-5	8.9586780972763e-4	5.0087151643860314e-5	1.1990628862366e-4	2.6451733366527e-4	2.962348549930385e-5	2.7516264077517e-4	7.869884575026233e-5	2.2263285615691163e-5	0.001421287	7.18887e-4	6.21136e-4	6.15e-5	3.77656e-4	8.53e-5	0.00394229426487491	5.5517369005445e-4	1.5407001626294e-4	0.00113784867739173	0.00363963521858258	5.3253111102806e-4	0.00318659481909808	0.00132908027644869	2.9090763181125e-4	9.404844349826012e-5	3.4892596227238e-4	8.5426671592168e-4	1.4746543778801e-4	0.00145863721608668
K77-2H01	6.4790012667898e-4	4.225471140032114e-5	2.1635452039846e-4	3.1265198360314e-4	6.21033150749587e-5	4.6273853069498e-4	5.00660872351504e-5	2.4929573953581132e-5	3.1106521171098e-4	1.0017430328772065e-5	1.106827279603e-4	1.7115827472459e-4	6.912146616504231e-5	2.1619921775192e-4	3.497726477789437e-5	1.113164280784558e-5	0.001063253	3.50227e-4	3.10568e-4	1.22992e-4	3.77656e-4	8.53e-5	0.00138571106313041	9.69350887396676e-5	1.1127278952323e-4	4.2810148258302e-4	6.7476383265856e-4	2.1488097462535e-4	7.1608872339282e-4	3.0378977747398e-4	1.7053206002728e-4	4.274929249920914e-5	2.2898266274124e-4	2.7705947543405e-4	1.8433179723502303e-5	1.3395647902836e-4
034-100809-3E01	0.00101536587016855	4.225471140032114e-5	9.406718278194289e-6	4.1686931147085e-4	8.694464110494218e-5	4.4070336256665e-4	1.001321744703008e-5	2.4929573953581132e-5	1.1198347621595e-4	1.0017430328772065e-5	9.223560663358482e-6	4.667952947034294e-5	2.962348549930385e-5	5.8963423023251246e-5	8.744316194473592e-6	1.113164280784558e-5	3.03786e-4	1.01382e-4	5.92e-5	1.02e-5	5.15e-5	2.44e-5	0.0011923560310657	1.6743333509578e-4	1.7118890695882905e-5	2.2531656978054e-4	0.00141086983192246	1.5882506820135e-4	0.00116364417551334	2.9429634692792e-4	2.0062595297327663e-5	8.549858499841827e-6	5.4519681605059426e-5	3.4632434429257e-4	9.216589861751152e-6	3.2744917095823e-4
034-100809-1D05	8.8965390529053e-4	6.33820671004817e-5	9.406718278194289e-6	3.4739109289237e-4	1.366272931649e-4	6.3901987572165e-4	8.010573957624064e-5	2.4929573953581132e-5	6.2213042342196e-4	1.5026145493158e-4	1.106827279603e-4	1.555984315678e-4	2.962348549930385e-5	3.1447158945733e-4	8.744316194473592e-6	1.113164280784558e-5	5.53325e-4	7.6497e-4	2.8099e-4	5.12e-5	9.44141e-4	7.31e-5	0.00132125938577551	5.287368476709142e-5	4.279722673970727e-5	4.2810148258302e-4	0.00108371161002739	9.342651070667812e-5	5.0126210637497e-4	0.00128161312371838	4.2131450124388e-4	7.694872649857645e-5	5.7790862501363e-4	0.00126985592907277	7.373271889400921e-5	0.00102699967255082
01.ac.01	0.00137316146251365	2.2183723485168e-4	9.406718278194289e-6	7.9899951365247e-4	1.8630994522487e-4	8.3733638887664e-4	3.003965234109024e-5	6.232393488395284e-5	9.95408677475146e-5	1.0017430328772065e-5	9.223560663358482e-6	4.667952947034294e-5	9.874495166434617e-6	7.861789736433499e-5	8.744316194473592e-6	1.113164280784558e-5	7.37767e-4	1.47464e-4	2.95779e-4	3.07e-5	1.88828e-4	3.65e-5	0.00146090468671113	1.0574736953418e-4	1.7118890695882905e-5	2.2531656978054e-4	0.00110415899889584	2.5225157890803e-4	0.00114574195742852	2.0885547201336e-4	1.0031297648663832e-5	8.549858499841827e-6	9.813542688910696e-5	1.3852973771702e-4	9.216589861751152e-6	1.6372458547911e-4
R95-2F01	0.00235951687924882	1.7958252345136e-4	9.406718278194289e-6	9.9006461474327e-4	4.5956453155469e-4	0.00154246176898329	5.00660872351504e-5	3.73943609303717e-5	0.00111983476215953	1.0017430328772e-4	1.8447121326716e-4	6.6907325574158e-4	9.874495166434617e-5	5.3067080720926e-4	3.497726477789437e-5	1.224480708863e-4	0.001735923	0.001382476	6.95081e-4	9.22e-5	9.44141e-4	1.09634e-4	0.00334074527622914	1.3218421191772e-4	3.423778139176581e-5	7.2101302329773e-4	0.00149265938739622	3.0830748533203e-4	0.00168280849997314	0.00214551530341004	4.2131450124388e-4	4.274929249920914e-5	9.9225820521208e-4	0.00103897303287772	6.451612903225807e-5	0.00184562259994641
01.r.01	9.6701511444623e-4	3.169103355024085e-5	1.8813436556388577e-5	2.4317376502466e-4	1.242066301499174e-5	2.8645718566832e-4	1.001321744703008e-5	2.4929573953581132e-5	5.5991738107976e-4	1.0017430328772065e-5	9.223560663358482e-6	7.77992157839049e-5	1.9748990332869233e-5	7.861789736433499e-5	8.744316194473592e-6	1.113164280784558e-5	5.31626e-4	4.51609e-4	1.18312e-4	2.05e-5	1.20163e-4	1.22e-5	0.00238471206213141	7.049824635612189e-5	3.423778139176581e-5	3.0417736920373e-4	0.00112460638776428	9.342651070667812e-5	0.00114574195742852	0.00143350801245538	2.6081373886525e-4	1.1969801899778e-4	2.6169447170428e-4	0.00131603250831178	9.216589861751152e-6	0.00136933289673443
SFV018-4D01	0.0015665644854029	4.225471140032114e-5	1.8813436556388577e-5	3.6476064753699e-4	1.7388928220988e-4	4.8477369882332e-4	1.001321744703008e-5	1.246478697679e-4	3.2350782017942e-4	4.006972131508825e-5	1.8447121326716965e-5	6.2239372627123925e-05	1.9748990332869233e-5	1.3758132038758e-4	2.6232948583420775e-5	2.2263285615691163e-5	4.33981e-4	1.10598e-4	1.62679e-4	3.07e-5	6.87e-5	2.44e-5	0.00283587380361573	2.0268245827385e-4	5.135667208764872e-5	3.8303816862692e-4	0.00257637099742362	2.0553832355469e-4	0.00196924398933027	3.8923065238854e-4	8.025038118931065e-5	2.5649575499525484e-5	4.361574528404754e-5	8.3117842630217e-4	2.7649769585253457e-5	2.6791295805673e-4
W85-1E07	1.5472241831139e-4	2.112735570016057e-5	9.406718278194289e-6	6.947821857847565e-5	2.484132602998348e-5	8.814067251333127e-5	1.001321744703008e-5	2.4929573953581132e-5	4.6037651333225e-4	1.0017430328772065e-5	9.223560663358482e-6	1.0891890209746e-4	9.874495166434617e-6	1.179268460465e-4	8.744316194473592e-6	1.0018478527061e-4	8.68e-5	2.1198e-4	2.96e-5	1.02e-5	5.15e-5	3.65e-5	2.3632281696797e-4	8.812280794515236e-6	8.559445347941453e-6	6.75949709341625e-5	2.4536866642129e-4	5.6055906424006875e-5	1.2531552659374e-4	0.00104427736006683	3.0093892945991e-4	6.839886799873462e-5	4.7977319812452e-4	9.9279645363871e-4	4.608294930875576e-5	7.5908671449409e-4
W85-2F12	8.3163299842376e-4	5.281838925040142e-5	9.406718278194289e-6	2.779128743139e-4	6.21033150749587e-5	3.5256269005332e-4	1.001321744703008e-5	2.4929573953581132e-5	4.3549129639537e-4	1.0017430328772065e-5	9.223560663358482e-6	2.0227796103815e-4	2.962348549930385e-5	4.1274396116275e-4	5.246589716684155e-5	1.113164280784558e-5	3.14636e-4	6.54372e-4	4.44e-5	6.15e-5	1.3733e-4	7.31e-5	9.2380737542027e-4	1.4980877350675e-4	8.559445347941454e-5	3.9430399711594e-4	6.3386905492168e-4	2.8027953212003437e-5	5.0126210637497e-4	0.00131009341535657	2.4075114356793e-4	5.984900949889279e-5	3.9254170755642e-4	0.00108514961211673	1.0138248847926e-4	9.228112999732e-4
W85-2F05	6.5757027782344e-4	6.33820671004817e-5	4.703359139097143e-5	3.1265198360314e-4	4.8440585758467e-4	4.6273853069498e-4	0.00131173148556094	3.73943609303717e-5	2.861799947741e-4	7.012201230140445e-5	9.223560663358482e-6	1.555984315678e-4	1.8761540816225e-4	2.5550816643408e-4	3.4977264777894e-4	2.2263285615691163e-5	6.40122e-4	2.85712e-4	1.33101e-4	2.05e-5	2.23161e-4	7.31e-5	9.4529126787191e-4	6.168596556160665e-5	4.279722673970727e-5	6.3088639538551e-4	4.0894777736883e-4	0.00240106132516162	2.6853327127231e-4	4.0821751348067e-4	7.021908354064681e-5	2.5649575499525484e-5	1.6355904481517e-4	1.6161802733653e-4	6.9124423963133e-4	8.930431935224601e-5
051-10-4G03	0.00122810919534672	5.281838925040142e-5	1.3169405589472e-4	6.0793441256166e-4	3.7261989044975e-4	8.5937155700498e-4	7.009252212921056e-5	6.232393488395284e-5	4.7281912180069e-4	1.0017430328772065e-5	9.223560663358482e-6	2.3339764735171e-4	1.9748990332869233e-5	1.7689026906975e-4	1.7488632388947183e-5	1.113164280784558e-5	7.05219e-4	2.94928e-4	1.62679e-4	7.17e-5	2.57493e-4	8.53e-5	0.00172945334235656	7.931052715063713e-5	2.567833604382436e-5	3.9430399711594e-4	0.00106326422115895	1.1211181284801e-4	0.00105623086700442	5.2213868003341e-4	2.206885482706e-4	5.129915099905097e-5	2.835023443463e-4	8.0809013668267e-4	4.608294930875576e-5	3.5721727740898e-4
042-10-4C06	0.00260127065786038	2.3240091270176e-4	7.52537462255543e-5	0.00123323837976794	3.1051657537479e-4	0.00130007491957163	4.005286978812032e-5	2.4929573953581132e-5	5.3503216414289e-4	1.0017430328772065e-5	9.223560663358482e-6	3.8899607891952e-4	5.92469709986077e-5	2.7516264077517e-4	2.6232948583420775e-5	1.113164280784558e-5	0.001182597	4.14743e-4	3.69724e-4	5.32967e-4	4.63487e-4	8.53e-5	0.00370597144790693	4.4061403972576e-4	0.0016519729521527	9.0126627912216e-4	0.00224921277552856	3.2699278747337e-4	0.00195134177124545	0.00100630363788258	1.4043816708129e-4	4.1894306649224e-4	1.853669174572e-4	8.5426671592168e-4	1.3824884792626e-4	7.4420266126871e-4
AG2-F02	6.1888967324559e-4	1.1620045635088e-4	1.8813436556388577e-5	3.3002153824775e-4	8.694464110494218e-5	7.2716054823498e-4	4.005286978812032e-5	3.73943609303717e-5	2.9862260324254e-4	6.0104581972632384e-5	9.223560663358482e-6	4.9791498101699e-4	3.9497980665738466e-5	5.6997975589142e-4	1.2242042672263e-4	2.2263285615691163e-5	7.59466e-4	5.34557e-4	3.99302e-4	3.07e-5	4.11989e-4	3.65e-5	8.9158153674282e-4	2.2911930065739e-4	1.7118890695882905e-5	5.5202559596232e-4	0.00126773810984337	1.7751037034268e-4	3.2223992552677e-4	5.6011240221766e-4	2.4075114356793e-4	5.129915099905097e-5	5.2338894340857e-4	7.8500184706316e-4	3.686635944700461e-5	3.7210133063435e-4
01.ae.01	0.00235951687924882	2.0070987915152e-4	3.198284214586e-4	4.1686931147085e-4	1.1178596713492e-4	9.6954739764664e-4	1.001321744703008e-5	2.4929573953581132e-5	0.0027871442969304	2.1036603690421e-4	1.4757697061373e-4	0.00104250949150432	1.2836843716365e-4	0.00121857740914719	1.1367611052815e-4	2.448961417726e-4	9.11359e-4	0.001861734	2.51412e-4	1.22992e-4	0.001012806	2.07087e-4	0.00360929393187457	1.5862105430127e-4	2.0542668835059e-4	6.0835473840746e-4	0.00210608105344947	3.6436339175604e-4	0.00200504842549991	0.00792701450596187	0.00122381831313698	2.8214533049478e-4	0.00194090066514011	0.0055642777983007	3.6866359447004e-4	0.0037061292531182
W85-1E01	4.1581649921188e-4	1.0563677850080284e-5	9.406718278194289e-6	1.3895643715695e-4	1.242066301499174e-5	1.9831651315499e-4	1.001321744703008e-5	2.4929573953581132e-5	6.221304234219661e-5	1.0017430328772065e-5	9.223560663358482e-6	1.555984315678098e-5	9.874495166434617e-6	3.9308948682167495e-5	8.744316194473592e-6	1.113164280784558e-5	1.84442e-4	4.61e-5	7.39e-5	3.07e-5	1.72e-5	1.22e-5	2.6854865564542e-4	4.406140397257618e-5	8.559445347941453e-6	5.6329142445135415e-5	4.2939516623727e-4	8.408385963601031e-5	2.1482661701784e-4	6.645401382243488e-5	1.0031297648663832e-5	8.549858499841827e-6	1.0903936321011885e-5	6.926486885851497e-5	9.216589861751152e-6	4.4652159676123e-5
014-10-1B04	3.3845529005618e-4	3.169103355024085e-5	6.584702794736001e-5	0.00145904259014798	1.490479561799e-4	2.4238684941166e-4	1.001321744703008e-5	2.4929573953581132e-5	2.4885216936878647e-5	1.0017430328772065e-5	9.223560663358482e-6	6.2239372627123925e-05	2.962348549930385e-5	1.9654474341083747e-5	1.7488632388947183e-5	2.2263285615691163e-5	3.68884e-4	2.76e-5	1.03523e-4	6.15e-5	3.43e-5	2.44e-5	3.4374227922615e-4	7.049824635612189e-5	0.00164341350680475	9.012662791221666e-5	6.5431644379012e-4	2.8027953212003437e-5	2.3272883510266e-4	7.5947444368497e-5	2.0062595297327663e-5	1.3679773599746e-4	1.0903936321011885e-5	1.6161802733653e-4	9.216589861751152e-6	7.442026612687167e-5
009-10-2F01	2.9010453433387e-4	0.00118313191920899	9.406718278194289e-6	7.8162995900785e-4	9.936530411993392e-5	6.610550438499845e-5	4.005286978812032e-5	3.73943609303717e-5	6.221304234219661e-5	3.5061006150702e-4	2.7670681990075447e-5	1.2447874525424e-4	1.9748990332869233e-5	3.9308948682167495e-5	8.744316194473592e-6	1.113164280784558e-5	1.19345e-4	2.76e-5	1.48e-5	0.002664835	8.58e-5	3.65448e-4	0.00018261308583889001	7.8429299071185e-4	0.00248223915090302	2.0278491280248e-4	2.4536866642129e-4	9.342651070667812e-5	1.6111996276338e-4	9.493430546062126e-6	2.7084503651392e-4	2.9924504749446e-4	2.180787264202377e-5	6.926486885851497e-5	2.7649769585253457e-5	7.442026612687167e-5
W85-2B08	0.00201139143804817	5.281838925040142e-5	9.406718278194289e-6	6.9478218578475e-4	6.21033150749587e-5	7.2716054823498e-4	8.010573957624064e-5	3.73943609303717e-5	5.2258955567445e-4	5.0087151643860314e-5	2.1214189525724e-4	1.8671811788137e-4	2.962348549930385e-5	2.1619921775192e-4	6.121021336131514e-5	1.113164280784558e-5	6.40122e-4	2.21196e-4	1.4789e-4	3.07e-5	1.02997e-4	2.44e-5	0.0013749691169046	1.4099649271224e-4	7.7035008131473085e-05	3.3797485467081e-4	0.00120639594323804	8.408385963601031e-5	0.00100252421274995	4.2720437457279e-4	5.015648824331915e-5	1.7099716999683655e-5	1.1994329953113e-4	3.9250092353158e-4	3.686635944700461e-5	2.5302890483136e-4
R95-1G06	4.7383740607865e-4	4.225471140032114e-5	1.599142107293e-4	2.0843465573542e-4	2.484132602998348e-5	2.2035168128332e-4	1.001321744703008e-5	3.73943609303717e-5	0.00154288345008647	6.0104581972632384e-5	9.223560663358482e-6	5.6015435364411e-4	3.9497980665738466e-5	5.1101633286817e-4	2.6232948583420775e-5	3.3394928423536746e-5	1.84442e-4	8.47918e-4	5.92e-5	1.02e-5	4.9782e-4	6.09e-5	6.5525871977484e-4	2.643684238354571e-5	5.135667208764872e-5	1.8025325582443e-4	1.6357911094753e-4	6.539855749467469e-5	3.9384879786605e-4	0.00331320726057568	2.206885482706e-4	5.129915099905097e-5	6.433322429397e-4	0.00177779830070188	1.1981566820276e-4	0.00205399934510165
16.ND.93	7.2526133583467e-4	3.169103355024085e-5	9.406718278194289e-6	3.9949975682623e-4	1.2420663014991e-4	5.5087920320832e-4	1.001321744703008e-5	2.4929573953581132e-5	2.9862260324254e-4	1.0017430328772065e-5	9.223560663358482e-6	2.8007717682205e-4	9.874495166434617e-6	1.9654474341083e-4	3.497726477789437e-5	1.113164280784558e-5	2.1699e-4	1.29031e-4	1.18312e-4	4.1e-5	1.54496e-4	1.22e-5	4.7264563393595e-4	3.5249123178060946e-5	3.423778139176581e-5	1.5772159884637e-4	3.476056107635e-4	6.539855749467469e-5	1.4321774467856e-4	1.5189488873699e-4	2.0062595297327663e-5	8.549858499841827e-6	6.542361792607131e-5	2.5397118581455e-4	1.8433179723502303e-5	5.9536212901497336e-5
R95-1A10	0.0028526945876164	7.394574495056198e-5	1.8813436556388577e-5	6.4267352185089e-4	1.2420663014991e-4	4.8477369882332e-4	0.00208274922898225	2.4929573953581132e-5	3.1106521171098e-4	1.0017430328772065e-5	1.5680053127709e-4	6.2239372627123925e-05	2.962348549930385e-5	7.861789736433499e-5	2.3609653725078e-4	2.2263285615691163e-5	6.29272e-4	1.19815e-4	1.18312e-4	3.07e-5	6.87e-5	4.87e-5	0.00295403521209972	2.0268245827385e-4	8.559445347941453e-6	3.8303816862692e-4	0.00155400155400155	0.00480212265032325	0.00205875507975438	3.8923065238854e-4	4.0125190594655326e-5	8.549858499841827e-6	1.4175117217315e-4	2.3088289619504e-4	0.00104147465437788	3.8698538385973e-4
AG11-E04	0.00116041813733548	1.0563677850080284e-5	1.8813436556388577e-5	2.779128743139e-4	2.3599259728484e-4	2.8645718566832e-4	5.006608723515e-4	2.4929573953581132e-5	1.7419651855815e-4	1.0017430328772065e-5	9.223560663358482e-6	7.77992157839049e-5	6.912146616504231e-5	3.9308948682167495e-5	8.744316194473592e-5	1.113164280784558e-5	3.47185e-4	1.19815e-4	1.18312e-4	2.05e-5	3.43e-5	2.44e-5	0.00145016274048532	1.3218421191772e-4	8.559445347941453e-6	3.6050651164886e-4	6.5431644379012e-4	9.3426510706678e-4	7.5189315956246e-4	3.3227006911217e-4	2.0062595297327663e-5	8.549858499841827e-6	1.853669174572e-4	4.3867750277059e-4	2.0276497695852e-4	1.4884053225374e-4
W85-3F09	4.6416725493419e-4	1.0563677850080284e-5	9.406718278194289e-6	2.6054331966928e-4	8.694464110494218e-5	2.2035168128332e-4	2.002643489406016e-5	2.4929573953581132e-5	8.709825927907526e-5	1.0017430328772065e-5	9.223560663358482e-6	1.4003858841102e-4	3.9497980665738466e-5	9.827237170541872e-5	3.497726477789437e-5	1.113164280784558e-5	2.06141e-4	1.8433e-4	1.62679e-4	3.07e-5	6.87e-5	2.44e-5	7.6267818203302e-4	3.5249123178060946e-5	3.423778139176581e-5	3.0417736920373e-4	4.4984255510571e-4	2.0553832355469e-4	2.6853327127231e-4	2.5632262474367e-4	6.0187785891982986e-5	9.404844349826012e-5	9.813542688910696e-5	1.6161802733653e-4	9.216589861751152e-6	1.4884053225374e-4
034-100809-1F06	6.3822997553451e-4	8.2396687230626e-4	9.406718278194289e-6	3.3002153824775e-4	2.484132602998348e-5	3.9663302630999e-4	4.005286978812032e-5	3.73943609303717e-5	2.6129477783722e-4	5.3092380742491e-4	9.223560663358482e-6	1.7115827472459e-4	4.937247583217308e-5	1.179268460465e-4	8.744316194473592e-6	1.113164280784558e-5	3.47185e-4	1.47464e-4	2.36623e-4	4.1e-5	1.3733e-4	1.22e-5	8.5935569806537e-4	0.00460001057473695	1.7118890695882905e-5	1.4645577035735e-4	4.2939516623727e-4	4.6713255353339065e-5	7.3399094147764e-4	5.2213868003341e-4	0.0037717679158976	6.839886799873462e-5	1.3084723585214e-4	4.3867750277059e-4	6.451612903225807e-5	5.3582591611347e-4
051-10-2A05	4.0614634806742e-4	5.1762021465393e-4	6.584702794736001e-5	2.0843465573542e-4	6.21033150749587e-5	2.4238684941166e-4	1.001321744703008e-5	3.73943609303717e-5	3.6083564558474e-4	7.6132470498667e-4	2.8593038056411e-4	1.8671811788137e-4	3.9497980665738466e-5	1.3758132038758e-4	1.7488632388947183e-5	3.3394928423536746e-5	3.47185e-4	2.30413e-4	1.33101e-4	1.02e-5	6.87e-5	4.87e-5	5.8006509619412e-4	1.9387017747933e-4	5.135667208764872e-5	1.3518994186832e-4	3.2715822189506e-4	1.0276916177734e-4	6.2657763296872e-4	5.2213868003341e-4	1.7053206002728e-4	8.549858499841827e-6	1.1994329953113e-4	2.0779460657554e-4	2.7649769585253457e-5	3.7210133063435e-4
K77-2H03	0.00100569571902408	9.507310065072255e-5	2.3516795695485e-4	3.9949975682623e-4	1.242066301499174e-5	7.4919571636331e-4	6.007930468218048e-5	4.9859147907162265e-5	6.345730318904e-4	1.0017430328772065e-5	8.7623826301905e-4	4.6679529470342e-4	9.874495166434617e-5	6.0928870457359e-4	4.372158097236796e-5	3.3394928423536746e-5	3.58034e-4	4.14743e-4	3.10568e-4	5.12e-5	3.94823e-4	7.31e-5	0.00133200133200133	2.2911930065739e-4	1.2839168021912e-4	2.0278491280248e-4	8.1789555473766e-4	1.4948241713068e-4	6.4447985105354e-4	0.00160438976228449	1.6050076237862e-4	3.419943399936731e-5	3.9254170755642e-4	0.00103897303287772	8.294930875576037e-5	0.0010418837257762
K77-1G04	8.3163299842376e-4	5.281838925040142e-5	3.0101498490221e-4	4.8634753004932e-4	8.694464110494218e-5	6.1698470759331e-4	6.007930468218048e-5	4.9859147907162265e-5	7.2167129116948e-4	1.0017430328772065e-5	3.1360106255418e-4	3.8899607891952e-4	2.1723889366156e-4	3.1447158945733e-4	1.7488632388947183e-5	2.2263285615691163e-5	4.77379e-4	5.16124e-4	3.40146e-4	7.17e-5	6.00817e-4	2.44e-5	7.7342012825883e-4	2.643684238354571e-5	8.559445347941453e-6	1.8025325582443e-4	5.7252688831636e-4	2.8027953212003437e-5	9.6671977658031e-4	7.2150072150072e-4	1.6050076237862e-4	1.7099716999683655e-5	1.0903936321011e-4	8.5426671592168e-4	5.5299539170506914e-5	5.6559402256422e-4
56.b.16	0.00337488274941737	2.4296459055184e-4	0.00178727647285691	0.00239699854095741	2.4841326029983e-4	0.0010797232382883	1.2015860936436e-4	2.4929573953581132e-5	2.9862260324254e-4	1.0017430328772e-4	1.8447121326716965e-5	2.9563701997883e-4	1.9748990332869233e-5	1.3758132038758e-4	7.869884575026233e-5	1.113164280784558e-5	0.001508083	2.02763e-4	5.76769e-4	0.004550719	1.54496e-4	7.30896e-4	0.00357706809319712	2.0268245827385e-4	0.00147222459984593	0.00116038033436978	0.00296487138592401	5.512164131694e-4	0.00218407060634812	6.1707298549403e-4	6.0187785891982986e-5	3.1634476449414e-4	1.7446298113619e-4	6.6956039896564e-4	1.1981566820276e-4	4.1675349031048e-4
K77-2F01	7.6394194041252e-4	5.281838925040142e-5	7.52537462255543e-5	2.4317376502466e-4	1.242066301499174e-5	1.5424617689832e-4	3.003965234109024e-5	1.2464786976790566e-5	1.3686869315283e-4	1.0017430328772065e-5	9.223560663358482e-6	1.555984315678098e-5	9.874495166434617e-6	5.8963423023251246e-5	8.744316194473592e-6	1.113164280784558e-5	2.92937e-4	1.10598e-4	1.03523e-4	4.1e-5	1.20163e-4	1.22e-5	8.9158153674282e-4	4.406140397257618e-5	8.559445347941453e-6	1.8025325582443e-4	6.9521122152701e-4	8.408385963601031e-5	5.5496876062944e-4	2.0885547201336e-4	2.0062595297327663e-5	8.549858499841827e-6	3.271180896303566e-5	1.3852973771702e-4	1.8433179723502303e-5	2.2326079838061e-4
AG11-2F01	0.00102503602131301	0.00142609650976083	9.406718278194289e-6	5.2108663933856e-4	0.0013414316056191	3.5256269005332e-4	8.010573957624064e-5	1.2464786976790566e-5	1.3686869315283e-4	3.205577705207e-4	9.223560663358482e-6	1.555984315678098e-5	7.899596133147693e-5	3.9308948682167495e-5	1.7488632388947183e-5	1.113164280784558e-5	2.38689e-4	7.37e-5	0.026191251	4.1e-5	0.008291276	2.44e-5	0.0021913570300667	3.5249123178060946e-5	5.135667208764872e-5	2.2531656978054e-4	0.00171758066494908	1.2145446391868e-4	0.00148588410104011	3.8923065238854e-4	9.028167883797448e-5	1.7099716999683655e-5	1.0903936321011e-4	2.7705947543405e-4	1.8433179723502303e-5	5.209418628881e-4
R95-1E01	1.5472241831139e-4	5.281838925040142e-5	9.406718278194289e-6	8.684777322309456e-5	1.242066301499174e-5	4.407033625666563e-5	1.001321744703008e-5	1.2464786976790566e-5	1.1198347621595e-4	1.0017430328772065e-5	9.223560663358482e-6	3.111968631356196e-5	9.874495166434617e-6	3.9308948682167495e-5	8.744316194473592e-6	1.113164280784558e-5	6.51e-5	9.22e-6	2.96e-5	2.05e-5	1.72e-5	1.22e-5	2.6854865564542e-4	8.812280794515236e-6	8.559445347941453e-6	1.0139245640124e-4	2.4536866642129e-4	1.8685302141335624e-5	2.6853327127231e-4	9.493430546062124e-5	1.0031297648663832e-5	8.549858499841827e-6	4.361574528404754e-5	4.6176579239009974e-5	9.216589861751152e-6	7.442026612687167e-5
56.f.01	0.00176963765943661	3.169103355024085e-5	2.2576123867666e-4	3.9949975682623e-4	2.484132602998348e-5	7.4919571636331e-4	4.005286978812032e-5	1.2464786976790566e-5	8.8342520125919e-4	6.0104581972632384e-5	2.0291833459388e-4	3.4231654944918e-4	3.9497980665738466e-5	2.7516264077517e-4	8.744316194473592e-6	1.113164280784558e-5	6.18422e-4	3.6866e-4	1.4789e-4	1.02e-5	2.23161e-4	2.44e-5	0.00252435736306704	6.168596556160665e-5	8.559445347941454e-5	2.7037988373665e-4	0.00110415899889584	1.4013976606001e-4	0.00200504842549991	0.00227842333105491	2.7084503651392e-4	1.1969801899778e-4	5.6700468869261e-4	0.00145456224602881	7.373271889400921e-5	0.00177120233381954
039-10-4B05	0.00100569571902408	7.394574495056198e-5	3.762687311277715e-5	2.9528242895852e-4	1.6146861919489e-4	2.6442201753999e-4	4.005286978812032e-5	1.2464786976790566e-5	7.5899911657479e-4	4.006972131508825e-5	9.223560663358482e-6	4.8235513786021e-4	3.9497980665738466e-5	4.71707384186e-4	7.869884575026233e-5	1.113164280784558e-5	3.79733e-4	7.74186e-4	1.18312e-4	2.05e-5	3.43324e-4	3.65e-5	8.2712985938792e-4	1.7624561589030473e-5	2.567833604382436e-5	2.8164571222567e-4	6.3386905492168e-4	1.0276916177734e-4	5.7287097871426e-4	0.00120566567934988	1.103442741353e-4	1.025983019981e-4	3.8163777123541e-4	0.00106206132249722	1.8433179723502303e-5	0.0011014199386777
AG12-C06	0.00145052267166935	1.0563677850080284e-5	8.466046450374858e-5	5.7319530327242e-4	4.968265205996696e-5	5.7291437133665e-4	2.002643489406016e-5	1.2464786976790566e-5	5.5991738107976e-4	1.0017430328772065e-5	9.223560663358482e-6	3.4231654944918e-4	5.92469709986077e-5	1.7689026906975e-4	8.744316194473592e-6	1.113164280784558e-5	6.07573e-4	5.62207e-4	2.66201e-4	2.05e-5	1.3733e-4	3.65e-5	0.00148238857916277	7.931052715063713e-5	1.7118890695882905e-5	3.4924068315983e-4	4.4984255510571e-4	5.6055906424006875e-5	8.9511090424103e-4	0.00128161312371838	1.6050076237862e-4	1.7099716999683655e-5	2.5079053538327e-4	8.0809013668267e-4	5.5299539170506914e-5	5.8047807578959e-4
AG7-3B02	6.1888967324559e-4	9.507310065072255e-5	3.0101498490221e-4	5.3845619398318e-4	8.694464110494218e-5	4.6273853069498e-4	5.00660872351504e-5	1.2464786976790566e-5	3.483930371163e-4	6.0104581972632384e-5	4.7040159383128e-4	2.8007717682205e-4	1.0861944683078e-4	2.1619921775192e-4	4.372158097236796e-5	3.3394928423536746e-5	3.90583e-4	1.29031e-4	1.62679e-4	3.07e-5	1.88828e-4	4.87e-5	6.874845584523e-4	1.7624561589030473e-5	1.7118890695882905e-5	2.3658239826956e-4	3.476056107635e-4	1.4948241713068e-4	3.5804436169641e-4	3.5125693020429e-4	5.015648824331915e-5	3.419943399936731e-5	1.4175117217315e-4	1.8470631695603e-4	8.294930875576037e-5	3.2744917095823e-4
K77-2G05	5.3185831294543e-4	6.33820671004817e-5	9.406718278194289e-6	4.5160842076009e-4	6.21033150749587e-5	7.4919571636331e-4	4.005286978812032e-5	1.2464786976790566e-5	1.1198347621595e-4	1.0017430328772065e-5	9.223560663358482e-6	2.1783780419493e-4	3.9497980665738466e-5	1.7689026906975e-4	4.372158097236796e-5	1.113164280784558e-5	3.03786e-4	1.56681e-4	1.62679e-4	3.07e-5	1.3733e-4	1.22e-5	4.5116174148432e-4	1.0574736953418e-4	2.567833604382436e-5	3.3797485467081e-4	4.2939516623727e-4	2.0553832355469e-4	2.1482661701784e-4	1.5189488873699e-4	3.0093892945991493e-5	8.549858499841827e-6	1.0903936321011e-4	6.926486885851497e-5	2.7649769585253457e-5	2.8279701128211e-4
R95-2C10	0.00118942859076887	4.225471140032114e-5	9.406718278194289e-6	2.0843465573542e-4	2.484132602998348e-5	2.4238684941166e-4	2.002643489406016e-5	1.2464786976790566e-5	3.6083564558474e-4	1.0017430328772065e-5	2.9515394122747e-4	1.555984315678098e-5	9.874495166434617e-6	1.179268460465e-4	8.744316194473592e-6	1.113164280784558e-5	1.41044e-4	9.22e-5	1.48e-5	2.05e-5	1.72e-5	1.22e-5	0.00129977549332388	7.931052715063713e-5	1.7118890695882905e-5	9.012662791221666e-5	3.6805299963194e-4	6.539855749467469e-5	8.0559981381693e-4	6.3605984658616e-4	5.015648824331915e-5	8.549858499841827e-6	7.63275542470832e-5	5.079423716291e-4	7.373271889400921e-5	4.4652159676123e-4
024-10128-3E05	5.5119861523435e-4	1.0563677850080284e-5	5.644030966916572e-5	2.6054331966928e-4	3.726198904497522e-5	1.7628134502666e-4	2.002643489406016e-5	1.2464786976790566e-5	1.3686869315283e-4	6.0104581972632384e-5	9.223560663358482e-6	4.667952947034294e-5	9.874495166434617e-6	1.3758132038758e-4	8.744316194473592e-6	8.905314246276465e-5	1.41044e-4	1.10598e-4	7.39e-5	1.02e-5	3.43e-5	1.22e-5	4.9412952638759e-4	8.812280794515236e-6	8.559445347941453e-6	1.4645577035735e-4	3.8850038850038e-4	1.8685302141335624e-5	3.5804436169641e-4	3.2277663856611e-4	2.0062595297327663e-5	8.549858499841827e-6	1.1994329953113e-4	2.7705947543405e-4	9.216589861751152e-6	5.0605780966272e-4
W85-3F01	1.9340302288924775e-5	1.0563677850080284e-5	9.406718278194289e-6	3.473910928923782e-5	1.242066301499174e-5	4.407033625666563e-5	1.001321744703008e-5	1.2464786976790566e-5	3.732782540531797e-5	1.0017430328772065e-5	9.223560663358482e-6	4.667952947034294e-5	9.874495166434617e-6	7.861789736433499e-5	8.744316194473592e-6	1.113164280784558e-5	3.25e-5	4.61e-5	2.96e-5	1.02e-5	1.72e-5	1.22e-5	5.370973112908597e-5	8.812280794515236e-6	8.559445347941453e-6	3.379748546708125e-5	1.022369443422e-4	3.737060428267125e-5	1.790221808482071e-5	2.8480291638186377e-5	1.0031297648663832e-5	8.549858499841827e-6	7.63275542470832e-5	9.235315847801996e-5	9.216589861751152e-6	4.4652159676123e-5
R95-1H04	7.0592103354575e-4	1.584551677512e-4	1.4110077417291e-4	6.2530396720628e-4	2.4841326029983e-4	7.0512538010665e-4	7.009252212921056e-5	1.2464786976790566e-5	9.9540867747514e-4	1.0017430328772e-4	6.1797856444501e-4	7.6243231468226e-4	1.7774091299582e-4	8.451423966666e-4	4.372158097236796e-5	3.3394928423536746e-5	8.46262e-4	0.001548373	3.40146e-4	1.33242e-4	0.001613623	2.07087e-4	8.7009764429119e-4	1.9387017747933e-4	8.559445347941454e-5	4.5063313956108e-4	7.5655338813233e-4	2.1488097462535e-4	7.3399094147764e-4	0.00155692260955418	5.6175266832517e-4	1.3679773599746e-4	5.4519681605059e-4	0.00138529737717029	3.686635944700461e-5	9.228112999732e-4
013-10-3F02	2.6109408090048e-4	1.0563677850080284e-5	9.406718278194289e-6	1.3895643715695e-4	3.1051657537479e-4	4.407033625666563e-5	3.003965234109024e-5	1.2464786976790566e-5	8.709825927907526e-5	1.0017430328772065e-5	9.223560663358482e-6	1.2447874525424e-4	8.887045649791154e-5	1.9654474341083747e-5	8.744316194473592e-6	1.113164280784558e-5	1.62743e-4	2.21196e-4	2.36623e-4	4.1e-5	1.20163e-4	2.44e-5	1.6112919338725e-4	2.643684238354571e-5	9.928956603612e-4	4.2810148258302e-4	2.0447388868441e-4	2.8027953212003437e-5	2.3272883510266e-4	1.6138831928305e-4	1.0031297648663832e-5	6.5833910448782e-4	3.9254170755642e-4	1.3852973771702e-4	9.216589861751152e-6	1.9349269192986e-4
C1-E04	0.00125711964878011	2.112735570016057e-5	1.8813436556388577e-5	2.2580421038004e-4	1.2420663014991e-4	2.4238684941166e-4	1.001321744703008e-5	1.2464786976790566e-5	1.8663912702658e-4	1.0017430328772065e-5	9.223560663358482e-6	9.335905894068588e-5	2.962348549930385e-5	3.9308948682167495e-5	8.744316194473592e-6	1.113164280784558e-5	5.53325e-4	1.75114e-4	1.03523e-4	3.07e-5	5.15e-5	1.22e-5	0.00158980804142094	1.2337193112321e-4	2.567833604382436e-5	3.7177234013789e-4	0.00128818549871181	1.5882506820135e-4	7.5189315956246e-4	4.8416495784916e-4	1.3040686943262e-4	8.549858499841827e-6	8.723149056809508e-5	3.2323605467306e-4	1.8433179723502303e-5	2.9768106450748e-4
AG2-G02	5.9954937095666e-4	3.169103355024085e-5	1.0347390106013e-4	2.0843465573542e-4	8.694464110494218e-5	3.5256269005332e-4	4.005286978812032e-5	1.2464786976790566e-5	1.2442608468439e-4	4.006972131508825e-5	9.223560663358482e-6	9.335905894068588e-5	9.874495166434617e-6	1.179268460465e-4	8.744316194473592e-6	1.113164280784558e-5	3.14636e-4	6.45e-5	1.03523e-4	0.00355653	3.43e-5	7.55259e-4	6.3377482732321e-4	2.643684238354571e-5	8.559445347941453e-6	1.0139245640124e-4	3.8850038850038e-4	8.408385963601031e-5	4.8335988829015e-4	1.8986861092124e-4	1.0031297648663832e-5	1.7099716999683655e-5	8.723149056809508e-5	1.1544144809752e-4	2.7649769585253457e-5	1.3395647902836e-4
K77-2B11	0.00142151221823597	2.112735570016e-4	2.4457467523305e-4	0.00102480372403251	1.7388928220988e-4	0.0014102507602133	7.009252212921056e-5	1.2464786976790566e-5	0.00128158867224925	9.015687295894856e-5	8.6701470235569e-4	0.00108918902097466	2.2711338882799e-4	0.00194579295976729	2.2735222105631e-4	2.448961417726e-4	0.001703374	0.001999982	9.02127e-4	2.97232e-4	0.001939781	2.55814e-4	0.00234174427722814	2.8199298542448e-4	2.6534280578618e-4	9.6886125005632e-4	0.00327158221895064	8.3149594528943e-4	0.00209455951592402	0.00327523353839143	0.00106331755075836	4.5314250049161e-4	0.00153745502126267	0.00505633542667159	4.9769585253456e-4	0.00303634685797636
039-10-5B02	7.7361209155699e-4	1.0563677850080284e-5	1.8813436556388577e-5	6.947821857847565e-5	1.242066301499174e-5	4.407033625666563e-5	1.001321744703008e-5	1.2464786976790566e-5	2.861799947741e-4	1.0017430328772065e-5	1.0145916729694e-4	7.77992157839049e-5	9.874495166434617e-6	5.8963423023251246e-5	8.744316194473592e-6	1.113164280784558e-5	7.59e-5	1.19815e-4	4.44e-5	2.05e-5	5.15e-5	1.22e-5	0.00073045234335556005	2.643684238354571e-5	8.559445347941453e-6	1.3518994186832e-4	6.3386905492168e-4	1.8685302141335624e-5	7.6979537764729e-4	4.8416495784916e-4	1.0031297648663832e-5	1.7099716999683655e-5	5.4519681605059426e-5	2.7705947543405e-4	9.216589861751152e-6	3.8698538385973e-4
AG12-3A03	2.1274332517817e-4	1.0563677850080284e-5	2.4457467523305e-4	1.2158688251233e-4	1.242066301499174e-5	2.2035168128332814e-5	1.001321744703008e-5	1.2464786976790566e-5	1.6175391008971e-4	5.0087151643860314e-5	3.7816598719769e-4	4.667952947034294e-5	2.962348549930385e-5	1.179268460465e-4	8.744316194473592e-6	1.113164280784558e-5	4.34e-5	8.29e-5	1.48e-5	1.02e-5	1.54496e-4	1.22e-5	1.7187113961307e-4	1.7624561589030473e-5	1.7118890695882905e-5	1.2392411337929e-4	1.8402649981597e-4	1.8685302141335624e-5	1.6111996276338e-4	1.4240145819093e-4	1.0031297648663832e-5	4.274929249920914e-5	5.4519681605059426e-5	2.7705947543405e-4	9.216589861751152e-5	2.3814485160598e-4
042-10-2C02	4.4482695264526e-4	1.0563677850080284e-5	2.7279483006763e-4	2.6054331966928e-4	8.694464110494218e-5	1.9831651315499e-4	5.00660872351504e-5	1.2464786976790566e-5	7.5899911657479e-4	1.0017430328772065e-5	2.7670681990075e-4	5.1347482417377e-4	1.9748990332869233e-5	4.3239843550384e-4	3.497726477789437e-5	1.113164280784558e-5	1.73592e-4	5.71423e-4	8.87e-5	1.02e-5	3.26158e-4	3.65e-5	5.2635536506504e-4	8.812280794515236e-5	4.279722673970727e-5	1.5772159884637e-4	8.9968511021142e-4	1.3079711498934e-4	5.5496876062944e-4	0.00127211969317232	2.8087633416258e-4	8.549858499841828e-5	4.2525351651946e-4	0.00110823790173623	3.686635944700461e-5	8.4839103384633e-4
C2-3-G05	2.6109408090048e-4	1.0563677850080284e-5	9.406718278194289e-6	1.3895643715695e-4	1.242066301499174e-5	1.5424617689832e-4	6.007930468218048e-5	1.2464786976790566e-5	1.6175391008971e-4	1.0017430328772065e-5	1.8447121326716965e-5	3.111968631356196e-5	9.874495166434617e-6	9.827237170541872e-5	8.744316194473592e-6	1.113164280784558e-5	1.30194e-4	9.22e-5	2.96e-5	3.07e-5	1.3733e-4	1.22e-5	5.048714726134e-4	1.7624561589030473e-5	1.7118890695882905e-5	1.0139245640124e-4	2.0447388868441e-4	1.0276916177734e-4	1.0741330850892e-4	2.753094858358e-4	1.0031297648663832e-5	8.549858499841827e-6	6.542361792607131e-5	1.8470631695603e-4	7.373271889400921e-5	3.1256511773286e-4
K77-2H12	1.7406272060032e-4	1.0563677850080284e-5	9.406718278194289e-6	5.2108663933856735e-5	1.242066301499174e-5	2.2035168128332814e-5	3.003965234109024e-5	1.2464786976790566e-5	4.9770433873757295e-5	1.0017430328772065e-5	9.223560663358482e-6	1.555984315678098e-5	9.874495166434617e-6	5.8963423023251246e-5	8.744316194473592e-6	1.113164280784558e-5	2.17e-5	5.53e-5	1.48e-5	1.02e-5	1.72e-5	1.22e-5	6.445167735490316e-5	4.406140397257618e-5	8.559445347941453e-6	5.6329142445135415e-5	2.6581605528973e-4	9.342651070667812e-6	7.160887233928284e-5	1.0442773600668e-4	1.0031297648663832e-5	8.549858499841827e-6	2.180787264202377e-5	9.235315847801996e-5	1.8433179723502303e-5	1.0418837257762e-4
01.q.01	0.00131514055564688	8.450942280064228e-5	0.01468388723226128	6.7741263114013e-4	1.366272931649e-4	7.2716054823498e-4	4.005286978812032e-5	1.2464786976790566e-5	1.7419651855815e-4	2.003486065754413e-5	0.00407681381320444	1.4003858841102e-4	9.874495166434617e-6	1.3758132038758e-4	8.744316194473592e-6	1.113164280784558e-5	8.8966e-4	1.47464e-4	4.43669e-4	2.25486e-4	2.05994e-4	6.09e-5	0.00158980804142094	2.2030701986288e-4	5.9916117435590176e-5	6.7594970934162e-4	0.00134952766531713	4.8581785567472e-4	0.0010383286489196	2.6581605528973e-4	4.0125190594655326e-5	8.549858499841827e-6	7.63275542470832e-5	7.6191355744366e-4	2.7649769585253457e-5	4.4652159676123e-4
W85-1C01	0.0013344808579358	3.169103355024085e-5	9.406718278194289e-6	5.9056485791704e-4	2.8567524934481e-4	0.00152042660085496	1.4018504425842e-4	1.2464786976790566e-5	4.3549129639537e-4	8.01394426301765e-5	9.223560663358482e-6	2.3339764735171e-4	9.874495166434617e-6	6.8790660193793e-4	2.6232948583420775e-5	1.113164280784558e-5	9.76457e-4	2.39629e-4	4.2888e-4	1.12743e-4	2.91825e-4	2.44e-5	0.00211616340648598	7.931052715063713e-5	1.0271334417529e-4	6.6468388085259e-4	0.00210608105344947	2.0553832355469e-4	0.00161119962763386	7.7846130477709e-4	7.021908354064681e-5	1.9664674549636e-4	2.9440628066732e-4	8.0809013668267e-4	8.294930875576037e-5	4.4652159676123e-4
K77-1E03	0.00121843904420226	4.225471140032114e-5	9.406718278194289e-6	2.0843465573542e-4	1.2420663014991e-4	3.7459785818165e-4	4.005286978812032e-5	1.2464786976790566e-5	2.7373738630566e-4	1.0017430328772065e-5	9.223560663358482e-6	1.2447874525424e-4	9.874495166434617e-6	3.9308948682167495e-5	8.744316194473592e-6	2.2263285615691163e-5	2.82087e-4	1.65897e-4	1.33101e-4	1.02e-5	1.20163e-4	2.44e-5	0.00166500166500166	6.168596556160665e-5	5.135667208764872e-5	2.5911405524762e-4	0.0011859485543696	5.6055906424006875e-5	0.00119944861168298	8.3542188805346e-4	1.103442741353e-4	7.694872649857645e-5	2.7259840802529e-4	4.1558921315108e-4	3.686635944700461e-5	8.7815914029708e-4
AG1-E04	0.00257226020442699	9.507310065072255e-5	8.466046450374858e-5	6.2530396720628e-4	1.7388928220988e-4	7.2716054823498e-4	8.010573957624064e-5	1.2464786976790566e-5	0.00110739215369109	1.0017430328772065e-5	2.213654559206e-4	3.7343623576274e-4	5.92469709986077e-5	3.3412606379842e-4	8.744316194473592e-6	1.113164280784558e-5	7.16068e-4	5.8064e-4	2.51412e-4	4.1e-5	2.40327e-4	4.87e-5	0.00338371306113241	2.0268245827385e-4	1.1127278952323e-4	5.1822811049524e-4	0.00253547621968674	2.5225157890803e-4	0.00243470165953561	0.00204108756740335	3.4106412005457e-4	4.274929249920914e-5	6.7604405190273e-4	0.00184706316956039	2.8571428571428e-4	0.00163724585479117
014-10-3F03	7.6394194041252e-4	9.507310065072255e-5	1.8813436556388577e-5	2.4317376502466e-4	5.4650917265963e-4	1.5424617689832e-4	3.003965234109024e-5	1.2464786976790566e-5	5.4747477261133e-4	1.0017430328772e-4	2.7670681990075447e-5	2.3339764735171e-4	6.3196769065181e-4	3.1447158945733e-4	2.6232948583420775e-5	1.113164280784558e-5	1.73592e-4	3.50227e-4	5.92e-5	1.12743e-4	6.87e-5	6.09e-5	0.00117087213861407	5.0230000528736e-4	9.3297954292561e-4	0.00147582353206254	0.00175847544268596	3.3633543854404e-4	6.086754148839e-4	0.00107275765170502	6.2194045421715e-4	8.3788613298449e-4	0.00122124086795333	7.8500184706316e-4	1.1059907834101e-4	3.7210133063435e-4
W85-3B05	0.00217578400750403	1.056367785008e-4	3.7626873112777e-4	5.7319530327242e-4	1.490479561799e-4	6.8309021197831e-4	3.003965234109024e-5	1.2464786976790566e-5	3.483930371163e-4	1.0017430328772065e-5	1.8447121326716965e-5	9.335905894068588e-5	9.874495166434617e-6	7.861789736433499e-5	8.744316194473592e-6	2.2263285615691163e-5	5.53325e-4	2.67279e-4	2.07045e-4	3.07e-5	2.40327e-4	2.44e-5	0.00277142212626083	5.287368476709142e-5	8.559445347941453e-6	4.16835654094e-4	0.00188115977589661	1.9619567248402e-4	9.8462199466513e-4	8.9238247132983e-4	7.021908354064681e-5	8.549858499841827e-6	2.9440628066732e-4	7.1573697820465e-4	1.1059907834101e-4	5.5070996933885e-4
R95-2E07	0.00157623463654736	3.169103355024085e-5	9.406718278194289e-6	3.9949975682623e-4	1.490479561799e-4	6.1698470759331e-4	1.001321744703008e-5	1.2464786976790566e-5	3.2350782017942e-4	1.0017430328772065e-5	9.223560663358482e-6	1.555984315678e-4	9.874495166434617e-6	1.179268460465e-4	8.744316194473592e-6	1.113164280784558e-5	2.49539e-4	2.67279e-4	1.62679e-4	2.05e-5	1.71662e-4	3.65e-5	0.00203022783667944	1.6743333509578e-4	3.423778139176581e-5	3.0417736920373e-4	0.00116550116550116	1.6816771927202e-4	0.00143217744678565	0.00100630363788258	5.015648824331915e-5	8.549858499841827e-6	2.9440628066732e-4	0.00117750277059475	1.8433179723502303e-5	5.5070996933885e-4
024-10-4C04	5.5119861523435e-4	5.281838925040142e-5	1.3169405589472e-4	2.0843465573542e-4	3.726198904497522e-5	3.0849235379665e-4	2.002643489406016e-5	1.2464786976790566e-5	2.7373738630566e-4	2.003486065754413e-5	9.223560663358482e-6	2.0227796103815e-4	4.937247583217308e-5	1.5723579472866e-4	5.246589716684155e-5	1.113164280784558e-5	1.95291e-4	3.50227e-4	5.92e-5	2.05e-5	3.6049e-4	1.22e-5	0.00120309797729152	7.049824635612189e-5	0.00112984678592827	1.9151908431346e-4	7.5655338813233e-4	5.6055906424006875e-5	6.4447985105354e-4	0.00112022480443533	2.0062595297327e-4	9.404844349826e-4	1.7446298113619e-4	5.3103066124861e-4	4.608294930875576e-5	9.0792724674783e-4
W85-1B04	0.00169227645028091	5.281838925040142e-5	2.822015483458286e-5	3.6476064753699e-4	1.8630994522487e-4	9.4751222951831e-4	8.010573957624064e-5	1.2464786976790566e-5	0.00274981647152509	1.5026145493158e-4	0.00155878175210758	0.00102694964834754	1.8761540816225e-4	0.00133650425519369	7.869884575026233e-5	3.3394928423536746e-5	8.02864e-4	0.002230394	2.66201e-4	7.17e-5	0.001836784	2.55814e-4	0.00262103487909939	2.0268245827385e-4	1.2839168021912e-4	8.1113965120995e-4	0.00214697583118635	3.9239134496804e-4	0.00241679944145079	0.0065409736462368	0.00148463205200224	3.5909405699335e-4	0.00213717151891832	0.00551810121906169	3.2258064516129e-4	0.00571547643854374
024-10-4C05	2.2241347632263e-4	1.0563677850080284e-5	9.406718278194289e-6	1.0421732786771e-4	2.484132602998348e-5	6.610550438499845e-5	1.001321744703008e-5	1.2464786976790566e-5	9.95408677475146e-5	1.0017430328772065e-5	9.223560663358482e-6	4.667952947034294e-5	2.962348549930385e-5	7.861789736433499e-5	1.7488632388947183e-5	1.113164280784558e-5	6.51e-5	8.29e-5	1.48e-5	1.02e-5	1.72e-5	1.22e-5	0.00018261308583889001	1.7624561589030473e-5	1.7118890695882905e-5	3.379748546708125e-5	1.6357911094753e-4	9.342651070667812e-6	8.951109042410355e-5	1.7088174982911e-4	4.0125190594655326e-5	8.549858499841827e-6	6.542361792607131e-5	2.0779460657554e-4	3.686635944700461e-5	1.4884053225374e-4
C1-2-2F04	8.8965390529053e-4	2.112735570016057e-5	1.8813436556388577e-5	4.3423886611547e-4	4.968265205996696e-5	3.7459785818165e-4	2.002643489406016e-5	1.2464786976790566e-5	4.7281912180069e-4	3.0052290986316192e-5	1.8447121326716e-4	3.5787639260596e-4	1.3824293233008e-4	5.1101633286817e-4	1.1367611052815e-4	2.2263285615691163e-5	0.001334491	0.001198146	6.50714e-4	3.07e-5	7.89645e-4	7.31e-5	0.00127829160087224	1.4980877350675e-4	1.8830779765471e-4	3.3797485467081e-4	0.00151310677626467	1.4013976606001e-4	8.2350203190175e-4	0.00112022480443533	5.015648824331915e-5	1.2824787749762e-4	3.5982989859339e-4	0.00173162172146287	2.7649769585253457e-5	8.4839103384633e-4
045-09-1F04	5.7053891752328e-4	7.394574495056198e-5	7.52537462255543e-5	1.0421732786771e-4	9.936530411993392e-5	4.8477369882332e-4	1.001321744703008e-5	1.2464786976790566e-5	8.8342520125919e-4	1.5026145493158e-4	2.4903613791067e-4	7.0019294205514e-4	1.1849394199721e-4	5.8963423023251e-4	5.246589716684155e-5	3.3394928423536746e-5	5.09927e-4	0.001281094	2.8099e-4	3.07e-5	9.78474e-4	1.70542e-4	8.80839590517e-4	7.049824635612189e-5	5.9916117435590176e-5	4.0556982560497e-4	8.383429436061e-4	1.2145446391868e-4	3.9384879786605e-4	0.00154742917900812	1.4043816708129e-4	6.839886799873462e-5	5.7790862501363e-4	0.00145456224602881	1.3824884792626e-4	0.00148840532253743
008-10053-5D03	1.6439256945586e-4	1.0563677850080284e-5	9.406718278194289e-6	6.947821857847565e-5	1.242066301499174e-5	1.1017584064166e-4	1.001321744703008e-5	1.2464786976790566e-5	1.4931130162127e-4	1.0017430328772065e-5	3.0437750189082e-4	9.335905894068588e-5	1.9748990332869233e-5	1.7689026906975e-4	8.744316194473592e-6	1.113164280784558e-5	1.30194e-4	1.93547e-4	1.48e-5	1.02e-5	6.87e-5	3.65e-5	2.4706476319379e-4	7.931052715063713e-5	8.559445347941453e-6	4.506331395610833e-5	1.6357911094753e-4	9.342651070667812e-6	1.0741330850892e-4	2.6581605528973e-4	2.0062595297327663e-5	8.549858499841827e-6	9.813542688910696e-5	1.3852973771702e-4	5.5299539170506914e-5	1.7860863870449e-4
K77-2F08	5.2218816180096e-4	1.0563677850080284e-5	1.8813436556388577e-5	2.779128743139e-4	1.490479561799e-4	4.8477369882332e-4	5.00660872351504e-5	1.2464786976790566e-5	5.8480259801664e-4	9.015687295894856e-5	9.223560663358482e-6	4.6679529470342e-4	7.899596133147693e-5	5.1101633286817e-4	1.7488632388947183e-5	4.4526571231382325e-5	3.36335e-4	5.99073e-4	1.4789e-4	5.12e-5	4.63487e-4	2.44e-5	7.8416207448465e-4	1.5862105430127e-4	5.135667208764872e-5	1.1265828489027e-4	8.5879033247454e-4	7.47412085653425e-5	6.6238206913836e-4	0.00114870509607351	8.025038118931065e-5	8.549858499841827e-6	2.1807872642023e-4	9.697081640192e-4	5.5299539170506914e-5	0.00133956479028369
150055-015-1G03	6.0921952210113e-4	2.112735570016057e-5	2.6338811178944e-4	8.684777322309456e-5	8.694464110494218e-5	4.1866819443832e-4	4.005286978812032e-5	1.2464786976790566e-5	1.4931130162127e-4	3.0052290986316192e-5	2.213654559206e-4	7.77992157839049e-5	1.9748990332869233e-5	7.861789736433499e-5	3.497726477789437e-5	4.4526571231382325e-5	2.92937e-4	1.19815e-4	1.03523e-4	2.05e-5	5.15e-5	2.44e-5	7.1971039712975e-4	8.812280794515236e-6	2.567833604382436e-5	2.1405074129151e-4	6.9521122152701e-4	1.4013976606001e-4	2.8643548935713e-4	2.5632262474367e-4	1.0031297648663832e-5	1.7099716999683655e-5	6.542361792607131e-5	1.6161802733653e-4	9.216589861751152e-6	3.5721727740898e-4
C1-B01	5.5119861523435e-4	1.0563677850080284e-5	9.406718278194289e-6	5.0371708469394e-4	4.968265205996696e-5	4.1866819443832e-4	2.002643489406016e-5	1.2464786976790566e-5	1.1198347621595e-4	4.006972131508825e-5	9.223560663358482e-6	1.2447874525424e-4	4.937247583217308e-5	9.827237170541872e-5	2.6232948583420775e-5	1.113164280784558e-5	5.20777e-4	1.65897e-4	8.87e-5	2.05e-5	1.71662e-4	4.87e-5	8.5935569806537e-4	1.7624561589030473e-5	8.559445347941453e-6	1.8025325582443e-4	7.9744816586921e-4	6.539855749467469e-5	5.191643244598e-4	4.0821751348067e-4	4.0125190594655326e-5	8.549858499841827e-6	6.542361792607131e-5	2.7705947543405e-4	5.5299539170506914e-5	4.3163754353585e-4
W85-2F03	1.4505226716693e-4	1.0563677850080284e-5	9.406718278194289e-6	3.473910928923782e-5	1.242066301499174e-5	6.610550438499845e-5	1.001321744703008e-5	1.2464786976790566e-5	2.3640956090034e-4	1.0017430328772065e-5	1.106827279603e-4	1.0891890209746e-4	5.92469709986077e-5	1.9654474341083e-4	8.744316194473592e-6	1.113164280784558e-5	4.34e-5	1.47464e-4	1.48e-5	1.02e-5	8.58e-5	1.22e-5	0.00018261308583889001	6.168596556160665e-5	8.559445347941453e-6	5.6329142445135415e-5	1.2268433321064e-4	6.539855749467469e-5	2.8643548935713e-4	5.0315181894129e-4	5.015648824331915e-5	3.419943399936731e-5	1.4175117217315e-4	7.3882526782415e-4	1.8433179723502303e-5	3.423332241836e-4
K77-2A09	6.769105801123671e-5	1.0563677850080284e-5	9.406718278194289e-6	5.2108663933856735e-5	1.242066301499174e-5	8.814067251333127e-5	1.001321744703008e-5	1.2464786976790566e-5	6.221304234219661e-5	1.0017430328772065e-5	9.223560663358482e-6	1.555984315678098e-5	9.874495166434617e-6	1.9654474341083747e-5	1.7488632388947183e-5	1.113164280784558e-5	2.17e-5	8.29e-5	1.48e-5	1.02e-5	1.72e-5	1.22e-5	7.519362358072035e-5	8.812280794515236e-6	8.559445347941453e-6	4.506331395610833e-5	2.04473888684415e-5	2.8027953212003437e-5	1.2531552659374e-4	1.1392116655274e-4	7.021908354064681e-5	8.549858499841827e-6	8.723149056809508e-5	9.235315847801996e-5	9.216589861751152e-6	1.0418837257762e-4
R95-2H06	0.00104437632360193	4.225471140032114e-5	1.8813436556388577e-5	3.4739109289237e-4	1.2420663014991e-4	6.6105504384998e-4	1.001321744703008e-5	1.2464786976790566e-5	0.00161753910089711	4.006972131508825e-5	9.223560663358482e-5	8.4023153046617e-4	2.2711338882799e-4	0.00113995951178285	8.744316194473592e-6	7.792149965491907e-5	6.50971e-4	0.001751136	3.10568e-4	6.15e-5	0.001029972	1.58361e-4	0.0018153889121631	2.0268245827385e-4	1.5407001626294e-4	8.2240547969897e-4	0.00141086983192246	2.0553832355469e-4	0.00159329740954904	0.0037593984962406	7.0219083540646e-4	2.3939603799557e-4	0.00191909279249809	0.00332471370520871	3.2258064516129e-4	0.00251540499508826
R95-2E12	0.00393575151579619	9.507310065072255e-5	1.4110077417291e-4	0.00102480372403251	2.1115127125485e-4	0.0012780397514433	8.010573957624064e-5	1.2464786976790566e-5	0.00442956861476439	1.2020916394526e-4	0.00128207493220682	0.00108918902097466	2.2711338882799e-4	0.00159201242162778	6.121021336131514e-5	4.4526571231382325e-5	9.33058e-4	0.001815651	1.03523e-4	4.1e-5	7.72479e-4	8.53e-5	0.0037489392328102	2.4674386224642e-4	2.7390225113412e-4	4.8443062502816e-4	0.00284218705271336	1.8685302141335e-4	0.00288225711165613	0.00677830940988835	4.8150228713586e-4	2.6504561349509e-4	0.00131937629484243	0.00487162910971555	7.373271889400921e-5	0.00364659304021671
56.d.01	1.9340302288924e-4	1.0563677850080284e-5	9.406718278194288e-5	1.2158688251233e-4	8.694464110494218e-5	1.5424617689832e-4	1.001321744703008e-5	1.2464786976790566e-5	7.3411389963792e-4	6.0104581972632384e-5	4.7040159383128e-4	4.5123545154664e-4	2.0736439849512e-4	4.5205290984492e-4	1.7488632388947183e-5	1.113164280784558e-5	1.41044e-4	6.08289e-4	4.44e-5	2.05e-5	6.3515e-4	7.31e-5	2.4706476319379e-4	6.168596556160665e-5	1.7118890695882905e-5	9.012662791221666e-5	1.022369443422e-4	1.8685302141335624e-5	1.9692439893302e-4	0.00101579706842864	1.3040686943262e-4	1.7099716999683655e-5	3.0531021698833e-4	6.0029553010712e-4	1.8433179723502303e-5	4.4652159676123e-4
K77-1C12	0.00136349131136919	7.394574495056198e-5	9.406718278194289e-6	3.4739109289237e-4	1.242066301499174e-5	2.8645718566832e-4	8.010573957624064e-5	1.2464786976790566e-5	8.5853998432231e-4	2.003486065754413e-5	2.4903613791067e-4	2.3339764735171e-4	9.874495166434617e-6	1.7689026906975e-4	3.497726477789437e-5	1.113164280784558e-5	2.2784e-4	5.8064e-4	5.92e-5	2.05e-5	5.15e-5	4.87e-5	0.00192280837442127	9.69350887396676e-5	5.135667208764872e-5	2.4784822675859e-4	0.00141086983192246	4.8581785567472e-4	0.00146798188295529	0.0024303182197919	2.7084503651392e-4	1.7099716999683655e-5	4.9067713444553e-4	0.00168544514222386	3.5944700460829e-4	0.00142886910963593
028-10134-4D06	7.73612091556991e-5	7.394574495056198e-5	9.406718278194289e-6	5.2108663933856735e-5	3.726198904497522e-5	6.610550438499845e-5	2.002643489406016e-5	1.2464786976790566e-5	1.2442608468439324e-5	1.0017430328772065e-5	9.223560663358482e-6	4.667952947034294e-5	9.874495166434617e-6	1.9654474341083747e-5	8.744316194473592e-6	1.113164280784558e-5	3.25e-5	9.22e-6	1.48e-5	1.02e-5	1.72e-5	1.22e-5	2.3632281696797e-4	8.812280794515236e-6	8.559445347941453e-6	6.75949709341625e-5	1.2268433321064e-4	3.737060428267125e-5	1.0741330850892e-4	3.79737221842485e-5	1.0031297648663832e-5	8.549858499841827e-6	3.271180896303566e-5	9.235315847801996e-5	9.216589861751152e-6	5.9536212901497336e-5
H1N1-300-16-IgG-2E02-	1.9340302288924e-4	1.0563677850080284e-5	9.406718278194289e-6	8.684777322309456e-5	1.242066301499174e-5	4.407033625666563e-5	1.001321744703008e-5	1.2464786976790566e-5	7.465565081063594e-5	1.0017430328772065e-5	9.223560663358482e-6	1.555984315678098e-5	9.874495166434617e-6	1.9654474341083747e-5	8.744316194473592e-6	1.113164280784558e-5	NA	NA	NA	NA	NA	NA	2.1483892451634e-4	2.643684238354571e-5	8.559445347941453e-6	4.506331395610833e-5	2.04473888684415e-5	9.342651070667812e-6	1.2531552659374e-4	2.8480291638186377e-5	1.0031297648663832e-5	8.549858499841827e-6	1.0903936321011885e-5	4.6176579239009974e-5	9.216589861751152e-6	4.4652159676123e-5
051-09-4C02	0.00154722418311398	3.169103355024085e-5	9.406718278194288e-5	5.3845619398318e-4	1.2420663014991e-4	5.2884403507998e-4	3.003965234109024e-5	1.2464786976790566e-5	3.6083564558474e-4	2.003486065754413e-5	2.213654559206e-4	3.111968631356196e-5	1.9748990332869233e-5	7.861789736433499e-5	8.744316194473592e-6	1.113164280784558e-5	5.09927e-4	2.1198e-4	7.39e-5	2.05e-5	3.43e-5	4.87e-5	0.00168648555745329	4.406140397257618e-5	5.135667208764872e-5	3.3797485467081e-4	0.00159489633173843	1.4013976606001e-4	0.00136056857444637	7.4048758259284e-4	2.0062595297327663e-5	1.025983019981e-4	2.3988659906226e-4	8.7735500554118e-4	1.8433179723502303e-5	4.9117375643735e-4
C1-C02	3.0944483662279e-4	1.0563677850080284e-5	9.406718278194289e-6	1.736955464461891e-5	1.242066301499174e-5	1.3221100876999e-4	1.001321744703008e-5	1.2464786976790566e-5	3.3595042864786e-4	2.003486065754413e-5	9.223560663358482e-6	6.2239372627123925e-05	4.937247583217308e-5	2.1619921775192e-4	8.744316194473592e-6	1.113164280784558e-5	7.59e-5	1.47464e-4	2.96e-5	1.02e-5	3.43e-5	1.22e-5	1.7187113961307e-4	8.812280794515236e-6	1.7118890695882905e-5	1.0139245640124e-4	2.0447388868441e-4	1.8685302141335624e-5	7.160887233928284e-5	4.5568466621098e-4	1.0031297648663832e-5	1.1114816049794e-4	2.9440628066732e-4	4.3867750277059e-4	2.7649769585253457e-5	3.5721727740898e-4
042-100809-3D03	2.0307317403371e-4	1.0563677850080284e-5	9.406718278194289e-6	1.0421732786771e-4	1.242066301499174e-5	8.814067251333127e-5	1.001321744703008e-5	1.2464786976790566e-5	4.9770433873757295e-5	1.0017430328772065e-5	9.223560663358482e-6	1.555984315678098e-5	9.874495166434617e-6	1.9654474341083747e-5	8.744316194473592e-6	1.113164280784558e-5	4.34e-5	2.76e-5	4.44e-5	1.02e-5	1.72e-5	1.22e-5	1.7187113961307e-4	1.7624561589030473e-5	8.559445347941453e-6	1.1265828489027082e-5	2.0447388868441e-4	1.8685302141335624e-5	1.790221808482e-4	6.645401382243488e-5	2.0062595297327663e-5	8.549858499841827e-6	2.180787264202377e-5	4.6176579239009974e-5	9.216589861751152e-6	4.4652159676123e-5
R95-2B05	8.703136030016149e-5	1.0563677850080284e-5	1.8813436556388577e-5	5.2108663933856735e-5	3.726198904497522e-5	2.2035168128332814e-5	1.001321744703008e-5	1.2464786976790566e-5	7.465565081063594e-5	1.0017430328772065e-5	1.7524765260381e-4	9.335905894068588e-5	9.874495166434617e-6	3.9308948682167495e-5	8.744316194473592e-6	1.113164280784558e-5	3.25e-5	5.53e-5	1.48e-5	2.05e-5	1.72e-5	1.22e-5	9.667751603235474e-5	8.812280794515236e-6	8.559445347941453e-6	4.506331395610833e-5	4.0894777736883e-5	9.342651070667812e-6	7.160887233928284e-5	1.6138831928305e-4	2.0062595297327663e-5	1.7099716999683655e-5	6.542361792607131e-5	9.235315847801996e-5	1.8433179723502303e-5	5.9536212901497336e-5
W85-2B03	4.5449710378973e-4	5.281838925040142e-5	9.406718278194289e-6	1.7369554644618e-4	1.242066301499174e-5	1.7628134502666e-4	2.002643489406016e-5	1.2464786976790566e-5	2.861799947741e-4	1.0017430328772065e-5	9.223560663358482e-6	1.2447874525424e-4	9.874495166434617e-6	1.179268460465e-4	1.7488632388947183e-5	1.113164280784558e-5	4.01432e-4	2.94928e-4	1.18312e-4	1.02e-5	6.87e-5	3.65e-5	6.9822650467811e-4	8.812280794515236e-6	1.7118890695882905e-5	1.4645577035735e-4	3.476056107635e-4	5.6055906424006875e-5	5.7287097871426e-4	2.9429634692792e-4	1.0031297648663832e-5	5.984900949889279e-5	1.6355904481517e-4	2.5397118581455e-4	9.216589861751152e-6	2.6791295805673e-4
AG3-D06	9.3800466101285e-4	7.394574495056198e-5	4.703359139097143e-5	7.8162995900785e-4	0.00136627293164909	8.5937155700498e-4	0.00267352905835703	1.2464786976790566e-5	5.3503216414289e-4	4.006972131508825e-5	9.223560663358482e-6	3.7343623576274e-4	7.5046163264903e-4	8.0583344798443e-4	0.00190626093039524	4.4526571231382325e-5	9.0051e-4	7.74186e-4	4.2888e-4	1.43491e-4	7.89645e-4	8.53e-5	0.00134274327822714	1.762456158903e-4	6.847556278353162e-5	0.00138569690415033	0.00139042244305402	0.00602600994058073	6.086754148839e-4	9.2086276296802e-4	1.7053206002728e-4	1.8809688699652e-4	0.00152655108494166	9.0044329516069e-4	0.00658986175115207	6.5489834191647e-4
K77-2G06	4.0614634806742e-4	1.1620045635088e-4	9.406718278194289e-6	3.8213020218161e-4	8.694464110494218e-5	0.0011458287426733	1.3017182681139e-4	1.2464786976790566e-5	9.95408677475146e-5	1.0017430328772065e-5	1.8447121326716965e-5	7.77992157839049e-5	3.9497980665738466e-5	1.179268460465e-4	8.744316194473592e-6	1.0018478527061e-4	7.59466e-4	2.67279e-4	3.25357e-4	5.12e-5	1.88828e-4	3.65e-5	7.0896845090393e-4	7.049824635612189e-5	1.7118890695882905e-5	1.4645577035735e-4	5.1118472171103e-4	1.4013976606001e-4	4.1175101595087e-4	1.6138831928305e-4	1.0031297648663832e-5	2.5649575499525484e-5	9.813542688910696e-5	1.8470631695603e-4	9.216589861751152e-6	1.6372458547911e-4
C05	4.835075572231194e-5	1.0563677850080284e-5	9.406718278194289e-6	6.947821857847565e-5	1.242066301499174e-5	1.3221100876999e-4	2.002643489406016e-5	1.2464786976790566e-5	4.9770433873757295e-5	1.0017430328772065e-5	9.223560663358482e-6	7.77992157839049e-5	1.9748990332869233e-5	3.9308948682167495e-5	8.744316194473592e-6	1.113164280784558e-5	6.51e-5	4.61e-5	2.96e-5	1.02e-5	5.15e-5	1.22e-5	8.593556980653755e-5	8.812280794515236e-6	8.559445347941453e-6	5.6329142445135415e-5	3.476056107635e-4	3.737060428267125e-5	1.790221808482e-4	9.493430546062124e-5	1.0031297648663832e-5	1.1969801899778e-4	4.361574528404754e-5	4.6176579239009974e-5	9.216589861751152e-6	1.0418837257762e-4
AG10-3C01	3.9647619692295e-4	3.169103355024085e-5	9.406718278194289e-6	1.7369554644618e-4	4.968265205996696e-5	3.0849235379665e-4	1.001321744703008e-5	1.2464786976790566e-5	7.465565081063594e-5	1.0017430328772065e-5	9.223560663358482e-6	4.667952947034294e-5	3.9497980665738466e-5	9.827237170541872e-5	1.7488632388947183e-5	7.792149965491907e-5	1.62743e-4	1.84e-5	8.87e-5	4.1e-5	1.72e-5	1.22e-5	6.1229093487158e-4	5.287368476709142e-5	8.559445347941453e-6	2.5911405524762e-4	3.2715822189506e-4	3.737060428267125e-5	1.790221808482e-4	2.8480291638186377e-5	1.0031297648663832e-5	8.549858499841827e-6	2.180787264202377e-5	1.6161802733653e-4	9.216589861751152e-6	1.3395647902836e-4
W85-1E04	4.1581649921188e-4	1.0563677850080284e-5	9.406718278194289e-6	1.0421732786771e-4	4.968265205996696e-5	2.6442201753999e-4	1.001321744703008e-5	1.2464786976790566e-5	7.465565081063594e-5	3.0052290986316192e-5	9.223560663358482e-6	1.555984315678e-4	3.9497980665738466e-5	3.9308948682167495e-5	8.744316194473592e-6	1.113164280784558e-5	4.33981e-4	9.22e-5	7.39e-5	1.02e-5	5.15e-5	1.22e-5	5.3709731129085e-4	4.406140397257618e-5	8.559445347941453e-6	1.689874273354e-4	2.4536866642129e-4	3.737060428267125e-5	3.5804436169641e-4	6.645401382243488e-5	1.0031297648663832e-5	8.549858499841827e-6	3.271180896303566e-5	4.6176579239009974e-5	9.216589861751152e-6	1.3395647902836e-4
C1-F02	7.73612091556991e-5	1.0563677850080284e-5	1.8813436556388577e-5	3.473910928923782e-5	1.242066301499174e-5	8.814067251333127e-5	1.001321744703008e-5	1.2464786976790566e-5	3.732782540531797e-5	6.0104581972632384e-5	1.6602409194045e-4	1.555984315678098e-5	9.874495166434617e-6	3.9308948682167495e-5	2.6232948583420775e-5	1.113164280784558e-5	7.59e-5	1.84e-5	1.03523e-4	2.05e-5	1.72e-5	1.22e-5	1.0741946225817e-4	1.7624561589030473e-5	8.559445347941453e-6	5.6329142445135415e-5	1.4313172207909e-4	1.8685302141335624e-5	7.160887233928284e-5	7.5947444368497e-5	1.0031297648663832e-5	4.274929249920914e-5	3.271180896303566e-5	2.3088289619504987e-5	9.216589861751152e-6	2.9768106450748668e-5
FISW-k.01	5.8020906866774326e-5	1.0563677850080284e-5	9.406718278194289e-6	8.684777322309456e-5	2.484132602998348e-5	6.610550438499845e-5	1.001321744703008e-5	1.2464786976790566e-5	2.4885216936878647e-5	1.0017430328772065e-5	9.223560663358482e-6	1.555984315678098e-5	9.874495166434617e-6	1.9654474341083747e-5	8.744316194473592e-6	1.113164280784558e-5	2.17e-5	4.61e-5	1.48e-5	1.02e-5	1.72e-5	1.22e-5	8.593556980653755e-5	3.5249123178060946e-5	1.45510570915e-4	3.379748546708125e-5	2.04473888684415e-5	3.737060428267125e-5	5.370665425446213e-5	1.898686109212425e-5	8.025038118931065e-5	1.7099716999683655e-5	1.0903936321011885e-5	4.6176579239009974e-5	9.216589861751152e-6	5.9536212901497336e-5
AG13-3E05	7.73612091556991e-5	1.0563677850080284e-5	9.406718278194289e-6	8.684777322309456e-5	1.242066301499174e-5	6.610550438499845e-5	2.002643489406016e-5	1.2464786976790566e-5	8.709825927907526e-5	1.0017430328772065e-5	9.223560663358482e-6	4.667952947034294e-5	9.874495166434617e-6	5.8963423023251246e-5	8.744316194473592e-6	1.113164280784558e-5	1.62743e-4	8.29e-5	7.39e-5	2.05e-5	8.58e-5	1.22e-5	1.0741946225817e-4	1.7624561589030473e-5	8.559445347941453e-6	4.506331395610833e-5	1.2268433321064e-4	9.342651070667812e-6	7.160887233928284e-5	4.746715273031062e-5	5.015648824331915e-5	1.7099716999683655e-5	4.361574528404754e-5	2.3088289619504987e-5	9.216589861751152e-6	2.9768106450748668e-5
029-09-2A06	0.00140217191594704	7.9227583875602e-4	9.406718278194289e-6	0.00112902105190022	2.7325458632981e-4	3.0849235379665e-4	3.003965234109024e-5	1.2464786976790566e-5	2.861799947741e-4	7.012201230140445e-5	9.223560663358482e-6	1.0891890209746e-4	2.962348549930385e-5	9.827237170541872e-5	8.744316194473592e-6	1.113164280784558e-5	5.64175e-4	1.47464e-4	1.18312e-4	0.002572591	1.20163e-4	4.99446e-4	0.0017509372348082	0.00187701580923174	0.00188307797654711	4.9569645351719e-4	0.00161534372060687	2.1488097462535e-4	9.4881755849549e-4	2.9429634692792e-4	2.3071984591926e-4	2.6504561349509e-4	1.6355904481517e-4	4.848540820096e-4	2.7649769585253457e-5	1.1907242580299e-4
045-09-1A01	3.8680604577849e-4	1.0563677850080284e-5	2.0694780212027e-4	3.8213020218161e-4	3.726198904497522e-5	8.814067251333127e-5	1.001321744703008e-5	1.2464786976790566e-5	4.9770433873757295e-5	1.0017430328772065e-5	9.223560663358482e-5	3.111968631356196e-5	9.874495166434617e-6	5.8963423023251246e-5	8.744316194473592e-6	1.113164280784558e-5	1.08495e-4	1.84e-5	5.92e-5	1.02e-5	3.43e-5	1.22e-5	3.759681179036e-4	1.5862105430127e-4	0.00137807070101857	1.1265828489027e-4	9.8147466568519e-4	5.6055906424006875e-5	3.5804436169641e-4	1.5189488873699e-4	3.0093892945991493e-5	3.2489462299398e-4	2.180787264202377e-5	1.3852973771702e-4	9.216589861751152e-6	5.9536212901497336e-5
K77-2F06	3.3845529005618e-4	1.0563677850080284e-5	9.406718278194289e-6	1.910651010908e-4	2.484132602998348e-5	1.1017584064166e-4	4.005286978812032e-5	1.2464786976790566e-5	1.2442608468439e-4	1.0017430328772065e-5	9.223560663358482e-6	1.0891890209746e-4	2.962348549930385e-5	1.179268460465e-4	1.7488632388947183e-5	1.113164280784558e-5	1.41044e-4	1.29031e-4	7.39e-5	2.05e-5	1.20163e-4	1.22e-5	3.4374227922615e-4	8.812280794515236e-6	1.7118890695882905e-5	6.75949709341625e-5	6.13421666053245e-5	1.8685302141335624e-5	2.8643548935713e-4	2.0885547201336e-4	2.0062595297327663e-5	8.549858499841827e-6	7.63275542470832e-5	1.8470631695603e-4	9.216589861751152e-6	2.0837674515524e-4
W85-2E02	2.2241347632263e-4	1.0563677850080284e-5	9.406718278194289e-6	1.3895643715695e-4	1.366272931649e-4	1.5424617689832e-4	1.001321744703008e-5	1.2464786976790566e-5	2.4885216936878647e-5	1.0017430328772065e-5	9.223560663358482e-6	1.555984315678098e-5	9.874495166434617e-6	3.9308948682167495e-5	8.744316194473592e-6	1.113164280784558e-5	9.76e-5	3.69e-5	8.87e-5	1.02e-5	1.72e-5	1.22e-5	3.4374227922615e-4	6.168596556160665e-5	8.559445347941453e-6	9.012662791221666e-5	3.476056107635e-4	8.408385963601031e-5	3.4014214361159e-4	8.544087491455913e-5	1.0031297648663832e-5	8.549858499841827e-6	2.180787264202377e-5	6.926486885851497e-5	9.216589861751152e-6	2.9768106450748668e-5
013-10-4A03	5.898792198122e-4	2.112735570016057e-5	9.406718278194289e-6	1.5632599180157e-4	1.242066301499174e-5	1.5424617689832e-4	1.001321744703008e-5	1.2464786976790566e-5	7.465565081063594e-5	1.0017430328772065e-5	9.223560663358482e-6	3.111968631356196e-5	9.874495166434617e-6	1.9654474341083747e-5	8.744316194473592e-6	1.113164280784558e-5	4.34e-5	1.84e-5	1.48e-5	1.02e-5	1.72e-5	1.22e-5	7.6267818203302e-4	8.812280794515236e-6	1.7118890695882905e-5	6.75949709341625e-5	3.476056107635e-4	1.8685302141335624e-5	6.4447985105354e-4	1.1392116655274e-4	1.0031297648663832e-5	8.549858499841827e-6	6.542361792607131e-5	4.6176579239009974e-5	9.216589861751152e-6	7.442026612687167e-5
AG11-3C06	5.8020906866774326e-5	1.0563677850080284e-5	9.406718278194289e-6	6.947821857847565e-5	3.726198904497522e-5	1.7628134502666e-4	1.001321744703008e-5	1.2464786976790566e-5	2.4885216936878647e-5	1.0017430328772065e-5	9.223560663358482e-6	1.7115827472459e-4	9.874495166434617e-6	1.9654474341083747e-5	8.744316194473592e-6	1.113164280784558e-5	3.68884e-4	7.3732e-4	8.87e-5	2.05e-5	5.15e-5	1.22e-5	9.667751603235474e-5	8.812280794515236e-6	8.559445347941453e-6	1.1265828489027082e-5	6.13421666053245e-5	9.342651070667812e-6	8.951109042410355e-5	9.493430546062124e-5	1.0031297648663832e-5	8.549858499841827e-6	2.180787264202377e-5	4.6176579239009974e-5	9.216589861751152e-6	4.4652159676123e-5
S8V1-146-Ig	5.8020906866774326e-5	4.225471140032114e-5	9.406718278194289e-6	1.736955464461891e-5	1.242066301499174e-5	1.1017584064166e-4	3.003965234109024e-5	1.2464786976790566e-5	3.732782540531797e-5	1.0017430328772065e-5	9.223560663358482e-6	3.111968631356196e-5	9.874495166434617e-6	5.8963423023251246e-5	8.744316194473592e-6	1.113164280784558e-5	8.68e-5	2.76e-5	2.96e-5	1.02e-5	1.3733e-4	1.22e-5	1.0741946225817e-4	8.812280794515236e-6	8.559445347941453e-6	4.506331395610833e-5	1.022369443422e-4	9.342651070667812e-6	5.370665425446213e-5	1.898686109212425e-5	1.0031297648663832e-5	8.549858499841827e-6	2.180787264202377e-5	2.3088289619504987e-5	9.216589861751152e-6	1.4884053225374334e-5
01.l.01	1.5472241831139e-4	1.0563677850080284e-5	9.406718278194289e-6	3.473910928923782e-5	1.242066301499174e-5	6.610550438499845e-5	1.001321744703008e-5	1.2464786976790566e-5	3.732782540531797e-5	1.0017430328772065e-5	9.223560663358482e-6	1.555984315678098e-5	9.874495166434617e-6	1.9654474341083747e-5	8.744316194473592e-6	1.113164280784558e-5	3.25e-5	3.69e-5	2.96e-5	1.02e-5	3.43e-5	1.22e-5	3.4374227922615e-4	8.812280794515236e-6	8.559445347941453e-6	3.379748546708125e-5	1.022369443422e-4	2.8027953212003437e-5	1.9692439893302e-4	5.696058327637275e-5	1.0031297648663832e-5	8.549858499841827e-6	5.4519681605059426e-5	9.235315847801996e-5	9.216589861751152e-6	1.4884053225374334e-5
C1-3A03	1.9340302288924e-4	1.0563677850080284e-5	9.406718278194289e-6	1.736955464461891e-5	1.242066301499174e-5	2.2035168128332814e-5	1.001321744703008e-5	1.2464786976790566e-5	4.9770433873757295e-5	2.003486065754413e-5	9.223560663358482e-6	4.667952947034294e-5	9.874495166434617e-6	1.9654474341083747e-5	8.744316194473592e-6	1.113164280784558e-5	3.25e-5	2.76e-5	1.48e-5	2.05e-5	1.72e-5	1.22e-5	1.7187113961307e-4	8.812280794515236e-6	8.559445347941453e-6	3.379748546708125e-5	2.04473888684415e-5	9.342651070667812e-6	1.4321774467856e-4	1.1392116655274e-4	1.0031297648663832e-5	8.549858499841827e-6	6.542361792607131e-5	1.1544144809752e-4	9.216589861751152e-6	1.4884053225374334e-5
2-12C	5.125180106565e-4	1.0563677850080284e-5	9.406718278194289e-6	0.00210171611199888	1.1178596713492e-4	4.4070336256665e-4	2.002643489406016e-5	1.2464786976790566e-5	1.9908173549502e-4	2.003486065754413e-5	9.223560663358482e-6	2.3339764735171e-4	3.9497980665738466e-5	1.5723579472866e-4	8.744316194473592e-6	1.113164280784558e-5	6.8352e-4	1.38248e-4	2.07045e-4	2.05e-5	8.58e-5	3.65e-5	7.0896845090393e-4	9.69350887396676e-5	0.00876487203629204	2.8164571222567e-4	6.5431644379012e-4	8.408385963601031e-5	5.191643244598e-4	1.8986861092124e-4	2.0062595297327663e-5	0.00133377792597532	1.0903936321011e-4	9.235315847801996e-5	9.216589861751152e-6	1.4884053225374334e-5
039-10-4G01	2.7076423204494e-4	1.0563677850080284e-5	9.406718278194289e-6	1.7369554644618e-4	4.968265205996696e-5	2.2035168128332e-4	2.002643489406016e-5	1.2464786976790566e-5	4.9770433873757295e-5	3.0052290986316192e-5	9.223560663358482e-6	4.667952947034294e-5	9.874495166434617e-6	7.861789736433499e-5	8.744316194473592e-6	1.113164280784558e-5	1.62743e-4	6.45e-5	7.39e-5	4.1e-5	3.43e-5	1.22e-5	1.6112919338725e-4	8.812280794515236e-6	8.559445347941453e-6	6.75949709341625e-5	6.13421666053245e-5	9.342651070667812e-6	7.160887233928284e-5	6.645401382243488e-5	1.0031297648663832e-5	8.549858499841827e-6	2.180787264202377e-5	9.235315847801996e-5	9.216589861751152e-6	1.4884053225374334e-5
R95-1D02	9.670151144462388e-6	1.0563677850080284e-5	9.406718278194289e-6	1.736955464461891e-5	1.242066301499174e-5	2.2035168128332814e-5	1.001321744703008e-5	1.2464786976790566e-5	4.9770433873757295e-5	1.0017430328772065e-5	9.223560663358482e-6	1.555984315678098e-5	9.874495166434617e-6	1.9654474341083747e-5	8.744316194473592e-6	1.113164280784558e-5	1.08e-5	9.22e-6	2.96e-5	1.02e-5	1.72e-5	1.22e-5	3.222583867745158e-5	8.812280794515236e-6	8.559445347941453e-6	1.1265828489027082e-5	2.04473888684415e-5	9.342651070667812e-6	7.160887233928284e-5	1.898686109212425e-5	1.0031297648663832e-5	8.549858499841827e-6	1.0903936321011885e-5	2.3088289619504987e-5	9.216589861751152e-6	1.4884053225374334e-5
W85-2G05	1.9340302288924775e-5	1.0563677850080284e-5	9.406718278194289e-6	1.736955464461891e-5	1.242066301499174e-5	2.2035168128332814e-5	1.001321744703008e-5	1.2464786976790566e-5	1.2442608468439324e-5	1.0017430328772065e-5	9.223560663358482e-6	1.555984315678098e-5	9.874495166434617e-6	1.9654474341083747e-5	8.744316194473592e-6	1.113164280784558e-5	2.17e-5	1.84e-5	1.48e-5	1.02e-5	1.72e-5	1.22e-5	6.445167735490316e-5	8.812280794515236e-6	8.559445347941453e-6	1.1265828489027082e-5	2.04473888684415e-5	9.342651070667812e-6	1.790221808482071e-5	1.898686109212425e-5	1.0031297648663832e-5	8.549858499841827e-6	1.0903936321011885e-5	2.3088289619504987e-5	9.216589861751152e-6	1.4884053225374334e-5
R95-1F02	3.868060457784955e-5	1.0563677850080284e-5	9.406718278194289e-6	3.473910928923782e-5	1.242066301499174e-5	2.2035168128332814e-5	1.001321744703008e-5	1.2464786976790566e-5	2.4885216936878647e-5	1.0017430328772065e-5	9.223560663358482e-6	1.555984315678098e-5	9.874495166434617e-6	3.9308948682167495e-5	8.744316194473592e-6	1.113164280784558e-5	2.17e-5	9.22e-6	1.48e-5	1.02e-5	1.72e-5	1.22e-5	4.2967784903268774e-5	8.812280794515236e-6	8.559445347941453e-6	1.1265828489027082e-5	6.13421666053245e-5	9.342651070667812e-6	3.580443616964142e-5	9.493430546062126e-6	1.0031297648663832e-5	8.549858499841827e-6	2.180787264202377e-5	2.3088289619504987e-5	1.8433179723502303e-5	1.4884053225374334e-5
D1-H1-17-H3-14	3.868060457784955e-5	2.112735570016057e-5	9.406718278194289e-6	1.736955464461891e-5	1.242066301499174e-5	2.2035168128332814e-5	1.001321744703008e-5	1.2464786976790566e-5	1.2442608468439324e-5	1.0017430328772065e-5	1.7524765260381e-4	1.555984315678098e-5	9.874495166434617e-6	1.9654474341083747e-5	8.744316194473592e-6	1.113164280784558e-5	1.08e-5	2.76e-5	1.48e-5	1.02e-5	1.72e-5	1.22e-5	2.1483892451634387e-5	8.812280794515236e-6	8.559445347941453e-6	1.1265828489027082e-5	2.04473888684415e-5	9.342651070667812e-6	1.790221808482071e-5	3.79737221842485e-5	1.0031297648663832e-5	8.549858499841827e-6	1.0903936321011885e-5	2.3088289619504987e-5	9.216589861751152e-6	1.4884053225374334e-5
AG8-2B02	1.9340302288924775e-5	1.0563677850080284e-5	9.406718278194289e-6	1.736955464461891e-5	1.242066301499174e-5	2.2035168128332814e-5	1.001321744703008e-5	1.2464786976790566e-5	2.4885216936878647e-5	1.0017430328772065e-5	9.223560663358482e-6	1.555984315678098e-5	9.874495166434617e-6	3.9308948682167495e-5	8.744316194473592e-6	1.113164280784558e-5	NA	NA	NA	NA	NA	NA	5.370973112908597e-5	8.812280794515236e-6	8.559445347941453e-6	2.2531656978054165e-5	2.04473888684415e-5	9.342651070667812e-6	1.790221808482071e-5	2.8480291638186377e-5	1.0031297648663832e-5	8.549858499841827e-6	1.0903936321011885e-5	2.3088289619504987e-5	9.216589861751152e-6	1.4884053225374334e-5
AG13-3B01	9.670151144462388e-6	1.0563677850080284e-5	9.406718278194289e-6	1.736955464461891e-5	3.726198904497522e-5	2.2035168128332814e-5	6.007930468218048e-5	1.2464786976790566e-5	1.2442608468439324e-5	1.0017430328772065e-5	9.223560663358482e-6	1.555984315678098e-5	9.874495166434617e-6	1.9654474341083747e-5	2.6232948583420775e-5	1.113164280784558e-5	2.17e-5	1.84e-5	1.48e-5	1.02e-5	1.72e-5	1.22e-5	2.1483892451634387e-5	8.812280794515236e-6	8.559445347941453e-6	1.1265828489027082e-5	8.1789555473766e-5	4.6713255353339065e-5	1.790221808482071e-5	9.493430546062126e-6	1.0031297648663832e-5	8.549858499841827e-6	1.0903936321011885e-5	2.3088289619504987e-5	2.7649769585253457e-5	1.4884053225374334e-5
K77-2D08	9.670151144462388e-6	1.0563677850080284e-5	9.406718278194289e-6	1.736955464461891e-5	1.242066301499174e-5	2.2035168128332814e-5	1.001321744703008e-5	1.2464786976790566e-5	1.2442608468439324e-5	1.0017430328772065e-5	9.223560663358482e-6	1.555984315678098e-5	9.874495166434617e-6	3.9308948682167495e-5	8.744316194473592e-6	1.113164280784558e-5	2.17e-5	4.61e-5	1.48e-5	1.02e-5	1.72e-5	1.22e-5	1.0741946225817194e-5	8.812280794515236e-6	8.559445347941453e-6	1.1265828489027082e-5	2.04473888684415e-5	9.342651070667812e-6	1.790221808482071e-5	2.8480291638186377e-5	1.0031297648663832e-5	8.549858499841827e-6	3.271180896303566e-5	2.3088289619504987e-5	9.216589861751152e-6	1.4884053225374334e-5
300-16-IgG-2E02	NA	NA	NA	NA	NA	NA	NA	NA	NA	NA	NA	NA	NA	NA	NA	NA	2.17e-5	9.22e-6	1.48e-5	1.02e-5	1.72e-5	1.22e-5	NA	NA	NA	NA	NA	NA	NA	NA	NA	NA	NA	NA	NA	NA
K77-1C10	NA	NA	NA	NA	NA	NA	NA	NA	NA	NA	NA	NA	NA	NA	NA	NA	NA	NA	NA	NA	NA	NA	2.1483892451634387e-5	8.812280794515236e-6	8.559445347941453e-6	1.1265828489027082e-5	2.04473888684415e-5	9.342651070667812e-6	1.790221808482071e-5	1.898686109212425e-5	1.0031297648663832e-5	8.549858499841827e-6	1.0903936321011885e-5	2.3088289619504987e-5	9.216589861751152e-6	1.4884053225374334e-5
