name	Full_HA_SI06_H1_Rep1_enrich	Full_HA_SI06_H1_Rep2_enrich	Full_HA_MI15_H1_Rep1_enrich	Full_HA_MI15_H1_Rep2_enrich	Full_HA_SP16_H3_Rep1_enrich	Full_HA_SP16_H3_Rep2_enrich	Full_HA_QH_H5_Rep1_enrich	Full_HA_QH_H5_Rep2_enrich	Full_HA_SH_H7_Rep1_enrich	Full_HA_SH_H7_Rep2_enrich	Full_HA_Phu_FluB_Rep1_enrich	Full_HA_Phu_FluB_Rep2_enrich	Full_HA_Lee_FluB_Rep1_enrich	Full_HA_Lee_FluB_Rep2_enrich	Full_HA_SI06_H1_avg_enrich	Full_HA_MI15_H1_avg_enrich	Full_HA_SP16_H3_avg_enrich	Full_HA_QH_H5_avg_enrich	Full_HA_SH_H7_avg_enrich	Full_HA_Phu_FluB_avg_enrich	Full_HA_Lee_FluB_avg_enrich	Full_HA_H1_stem_Rep1_enrich	Full_HA_H1_stem_Rep2_enrich	Full_HA_H3_stem_Rep1_enrich	Full_HA_H3_stem_Rep2_enrich	Full_HA_H1_stem_avg_enrich	Full_HA_H3_stem_avg_enrich	CR9114_compitition_SI06_H1_Rep1_enrich	CR9114_compitition_SI06_H1_Rep2_enrich	CR9114_compitition_MI15_H1_Rep1_enrich	CR9114_compitition_MI15_H1_Rep2_enrich	CR9114_compitition_QH_H5_Rep1_enrich	CR9114_compitition_QH_H5_Rep2_enrich	CR9114_compitition_SH_H7_Rep1_enrich	CR9114_compitition_SH_H7_Rep2_enrich	CR9114_compitition_Phu_FluB_Rep1_enrich	CR9114_compitition_Phu_FluB_Rep2_enrich	CR9114_compitition_Lee_FluB_Rep1_enrich	CR9114_compitition_Lee_FluB_Rep2_enrich	CR9114_compitition_SI06_H1_avg_enrich	CR9114_compitition_MI15_H1_avg_enrich	CR9114_compitition_QH_H5_avg_enrich	CR9114_compitition_SH_H7_avg_enrich	CR9114_compitition_Phu_FluB_avg_enrich	CR9114_compitition_Lee_FluB_avg_enrich
W85-1F04	0.119388032	0.158008486	1.160170472	1.08106482	0.118006726	0.374108138	0.310229217	0.237339305	1.705896129	1.564847734	0.072426795	0.098519432	0.049305861	0.200666692	0.138698259	1.120617646	0.246057432	0.273784261	1.635371932	0.085473113	0.124986276	0.430615234	0.934038533	0.084806874	0.098050159	0.682326884	0.091428517	0.232639873	0.185715432	0.089196766	0.256536794	0.532211526	0.793562316	0.894933229	1.120206871	0.290777214	0.141212903	0.741251066	0.779162325	0.209177652	0.17286678	0.662886921	1.00757005	0.215995058	0.760206696
042-100809-3G04	0.039543909	0.342591855	1.089100471	0.558747015	0.048417826	0.725516254	2.82459062	2.228843316	0.793928803	0.873827057	12.47257611	7.580965484	23.34191102	16.75068767	0.191067882	0.823923743	0.38696704	2.526716968	0.83387793	10.0267708	20.04629935	0.417884237	0.40490222	0.048268534	0.086198879	0.411393229	0.067233706	0.225442898	0.033020524	0.085156811	0.365871957	0.752552355	0.89732581	0.988080889	1.368015792	1.673078816	2.669806452	1.323079417	0.979891644	0.129231711	0.225514384	0.824939082	1.178048341	2.171442634	1.15148553
C2-3-G03	10.07257511	17.71893932	0.228927835	0.431216909	0.20981058	0.191712504	0.157406027	0.236028568	0.323929825	0.367667949	0.182731205	0.209014071	0.176921031	0.026993418	13.89575721	0.330072372	0.200761542	0.196717298	0.345798887	0.195872638	0.101957225	0.196600757	0.487333926	0.254338045	0.203705356	0.341967342	0.2290217	27.68070981	26.34062528	0.061294188	0.459804031	0.896911705	0.54278746	0.921608319	1.626482911	0.507673614	0.665659453	0.663612057	0.730990897	27.01066755	0.260549109	0.719849583	1.274045615	0.586666533	0.697301477
R95-1D06	0.040965018	0.11634261	0.381693141	0.722849153	0.048637907	0.359931914	0.224775807	0.146793674	0.42725227	1.059160763	0.970759528	1.819894987	0.580048239	0.636072816	0.078653814	0.552271147	0.204284911	0.185784741	0.743206516	1.395327257	0.608060527	0.419414949	0.754571624	0.072668013	0.033890158	0.586993286	0.053279085	0.076567088	0.190298375	0.074370282	0.053353548	0.251704745	0.272174653	0.507602339	0.668519566	0.533437722	0.230056566	0.911058916	0.780198086	0.133432732	0.063861915	0.261939699	0.588060952	0.381747144	0.845628501
SFV019-4E01	0.135881354	0.20925269	1.083703288	0.931010603	0.261053606	0.623727199	0.311987688	0.234235336	1.490849578	1.002043632	0.066935819	0.052630498	0.051761841	0.070940538	0.172567022	1.007356946	0.442390403	0.273111512	1.246446605	0.059783158	0.061351189	0.311142068	0.887523926	0.071878143	0.102011649	0.599332997	0.086944896	0.113871096	0.209071125	0.092764637	0.11558604	0.344372164	0.57735958	0.642079078	0.676285882	0.136301819	0.036341556	0.485046838	0.704264369	0.16147111	0.104175338	0.460865872	0.65918248	0.086321687	0.594655604
051-09-5D01	0.271767927	0.126045096	0.806100865	0.681104017	0.104393557	0.044134036	0.288214275	0.144371053	0.477966767	0.569495718	0.030306639	0.041840888	0.333252647	0.016768316	0.198906511	0.743602441	0.074263796	0.216292664	0.523731243	0.036073763	0.175010482	0.282020397	0.381101344	0.091210885	0.04846032	0.33156087	0.069835602	0.532573494	0.366216533	5.336795986	4.988718501	0.5709029	0.513250459	0.629385965	0.820416125	0.115730922	0.061013893	0.423362842	0.562939599	0.449395014	5.162757243	0.54207668	0.724901045	0.088372408	0.493151221
024-10128-3E01	0.081169077	0.073726269	0.500490004	0.426004396	0.01204654	0.239855204	0.135203493	0.110464928	0.550269177	0.55546741	0.05449878	0.030891075	0.0438977	0.01638533	0.077447673	0.4632472	0.125950872	0.122834211	0.552868294	0.042694928	0.030141515	0.371105373	0.417688606	0.074189856	0.063514963	0.39439699	0.06885241	0.105652638	0.208926445	0.096584781	0.048681508	0.337672086	0.449301117	0.612872142	0.726494873	0.131778093	0.080097646	0.675466353	0.666828112	0.157289541	0.072633145	0.393486601	0.669683508	0.10593787	0.671147232
R95-2A07	0.022758344	0.268363619	0.261946273	1.667372046	0.020265795	0.247096116	0.160554148	1.587206604	0.379779795	1.053073632	1.078621697	1.639801213	2.04091047	6.560686006	0.145560981	0.96465916	0.133680955	0.873880376	0.716426714	1.359211455	4.300798238	0.524268686	0.465637553	0.145336026	0.330429036	0.494953119	0.237882531	0.107588414	0.150950967	0.013062696	0.257316541	0.257894206	0.328164868	0.967356917	0.347432582	0.099805703	0.138691244	1.229437762	2.687702795	0.12926969	0.135189619	0.293029537	0.65739475	0.119248474	1.958570278
K77-1F06	0.018998269	0.138015576	0.640385423	0.857505624	0.025376299	0.614210345	0.178703747	0.226743801	0.911471509	0.676975906	0.009004146	0.020079199	2.891834697	3.348505975	0.078506923	0.748945523	0.319793322	0.202723774	0.794223707	0.014541672	3.120170336	0.318056336	0.779672181	0.07872368	0.046106377	0.548864259	0.062415029	0.113153332	0.252678793	0.05495341	0.332833352	0.397809224	0.549319452	1.050211736	1.321754389	0.119963506	0.147736325	6.350210907	5.862308271	0.182916062	0.193893381	0.473564338	1.185983063	0.133849916	6.106259589
K77-1F11	0.090143797	0.248484833	0.924430216	1.420353965	0.252431266	0.814502011	0.291472894	0.240040505	1.662619038	1.96963772	0.087695106	0.121466756	0.076975879	0.127016648	0.169314315	1.172392091	0.533466639	0.265756699	1.816128379	0.104580931	0.101996264	0.365412293	0.852257824	0.085182731	0.116150813	0.608835058	0.100666772	0.210199428	0.264164192	0.052459972	0.306456853	0.475865288	0.566312289	1.171911094	1.807131973	0.312609527	0.080903226	0.699841282	0.914565534	0.23718181	0.179458413	0.521088788	1.489521534	0.196756376	0.807203408
019-10117-3C04	0.012004401	0.08945454	0.217123441	0.555790682	0.01068965	0.164730744	0.423439511	0.088178145	0.300485113	0.175512272	0.989961364	0.78085772	0.283295843	0.795234667	0.05072947	0.386457062	0.087710197	0.255808828	0.237998692	0.885409542	0.539265255	0.170387323	0.232818776	0.047234208	0.165214518	0.20160305	0.106224363	0.01439231	0.075475484	0.013979376	0.064329135	0.26679231	0.656329735	0.567713143	1.56344662	0.518789546	0.832147465	0.760190367	0.671925699	0.044933897	0.039154256	0.461561023	1.065579881	0.675468506	0.716058033
AG13-3G01	0.0784625	0.096506852	0.789064161	0.311925174	0.085195222	0.177238571	23.43822721	14.41793863	0.605043066	0.907957023	18.97638445	13.46438391	0.379889486	0.539673995	0.087484676	0.550494667	0.131216896	18.92808292	0.756500045	16.22038418	0.45978174	0.23145446	0.449384933	0.039963137	0.033446569	0.340419696	0.036704853	0.437944159	0.195118601	0.849018187	0.407322215	49.76046183	35.88765323	3.967028652	3.961537257	42.91232765	44.30090323	0.995212271	2.118873635	0.31653138	0.628170201	42.82405753	3.964282955	43.60661544	1.557042953
01.i.01	0.087174104	0.130555274	0.91377909	0.67596164	0.378429602	1.182054391	0.156950688	0.085794952	1.210370519	1.19538088	0.054226966	0.132956855	0.019286724	0.048358865	0.108864689	0.794870365	0.780241997	0.12137282	1.2028757	0.093591911	0.033822795	0.283192226	0.724325082	0.054953927	0.146857349	0.503758654	0.100905638	0.147976628	0.270307546	0.047910331	0.083777479	0.384991435	0.48079969	1.030063291	1.244293434	0.242204799	0.045155289	0.780546	1.057371449	0.209142087	0.065843905	0.432895562	1.137178363	0.143680044	0.918958724
W85-3B09	0.096927621	0.059327962	0.329519258	0.442979904	0.082812744	0.272173097	0.133987634	0.114910885	0.606554781	0.635111635	0.024831579	0.041339526	0.034002295	0.024288842	0.078127792	0.386249581	0.17749292	0.12444926	0.620833208	0.033085553	0.029145568	0.268590854	0.750966434	0.063599427	0.10072811	0.509778644	0.082163768	0.08329826	0.168215047	0.115233074	0.047572697	0.297689266	0.380168702	0.657442645	0.865677064	0.123101013	0.064455974	0.576890027	0.603653142	0.125756654	0.081402885	0.338928984	0.761559854	0.093778494	0.590271584
008-10-5E02	0.285237906	0.243966927	0.908080413	0.821054417	0.210764265	0.464241187	0.242615157	0.144291509	0.455735754	0.446758511	0.034515894	0.028394826	0.035805447	0.009036758	0.264602416	0.864567415	0.337502726	0.193453333	0.451247132	0.03145536	0.022421102	0.738345066	0.864755455	0.984046006	0.672659109	0.801550261	0.828352558	0.795913792	0.92031396	2.609468135	1.836723628	0.569530604	0.584580427	0.434907633	0.697355721	0.086397558	0.107870968	0.640139927	0.871014795	0.858113876	2.223095882	0.577055516	0.566131677	0.097134263	0.755577361
029-09-3A02	0.02770581	0.121983463	1.132388858	1.318739709	0.042293832	0.296515339	0.181495993	0.173149811	0.46234062	0.698857956	0.018758638	0.029814568	0.037362205	0.108441091	0.074844636	1.225564283	0.169404586	0.177322902	0.580599288	0.024286603	0.072901648	0.287859328	1.139149013	0.088014053	0.106209333	0.713504171	0.097111693	0.131365102	0.323136627	5.700159189	3.734630904	0.287897584	0.414471224	0.665606008	0.684240315	0.133586812	0.04156496	0.468382752	0.604116683	0.227250864	4.717395046	0.351184404	0.674923162	0.087575886	0.536249718
014-10-1G06	0.267031231	0.05750649	1.776245204	1.78647005	0.021616848	1.11193252	0.285429596	0.906975202	2.405272036	2.256586355	0.126558279	0.200791985	0.214832681	0.063902786	0.16226886	1.781357627	0.566774684	0.596202399	2.330929196	0.163675132	0.139367733	0.252425664	0.931275106	0.131206134	0.139128015	0.591850385	0.135167075	0.291993132	0.264164192	0.054021996	0.150101316	0.551048524	0.670003271	0.806571514	0.405338013	0.353790678	0.566322581	0.649680294	1.567826631	0.278078662	0.102061656	0.610525898	0.605954763	0.460056629	1.108753462
AG11-2A01	0.055012974	0.011667983	0.223986947	0.489337448	0.072315354	0.010743309	0.052362983	0.046005989	0.245900587	0.412072291	0.340192627	0.325923222	0.024728942	0.025931565	0.033340479	0.356662198	0.041529331	0.049184486	0.328986439	0.333057925	0.025330253	0.1120355	0.232818776	0.025881758	0.220286024	0.172427138	0.123083891	0.025636302	0.186115681	0.049801528	0.102341806	0.120171536	0.241462218	0.606743421	0.704735408	0.260920625	0.270290323	0.53469159	0.944259221	0.105875991	0.076071667	0.180816877	0.655739415	0.265605474	0.739475405
150055-015-1D02	0.056748077	0.057166215	0.641501077	1.021142052	0.277930898	0.596539735	0.125107128	0.887520853	0.651051078	0.766438206	0.127753635	0.09564352	34.376019	41.84687161	0.056957146	0.831321564	0.437235317	0.50631399	0.708744642	0.111698577	38.1114453	0.32551608	0.487351221	0.028199527	0.068482702	0.40643365	0.048341115	0.571563449	0.338130166	0.169815046	0.220148597	0.240701259	0.413487733	1.809893586	0.97281123	0.349319962	0.310668387	35.89958264	27.23140654	0.454846807	0.194981821	0.327094496	1.391352408	0.329994175	31.56549459
011-10069-2G04	0.300410135	0.080509086	1.302247186	0.250105807	0.048637907	1.779092033	7.289158314	2.698251227	0.911471509	0.947766269	10.43242906	5.130235222	12.88996086	7.783359307	0.19045961	0.776176497	0.91386497	4.99370477	0.929618889	7.781332139	10.33666008	0.247836106	2.980080338	0.057253586	0.528686458	1.613958222	0.292970022	0.17833949	0.150950967	0.103933623	0.771949624	2.827118515	1.804906771	0.496567506	2.084595493	9.113314578	5.270267281	0.652136552	1.567826631	0.164645229	0.437941624	2.316012643	1.290581499	7.191790929	1.109981591
SFV020-5C05	0.100615835	0.039486745	0.712966548	0.667857468	0.226123604	0.115131978	0.115486317	0.112445155	0.73957118	0.555230921	0.03633252	0.026808739	0.065015153	0.060942711	0.07005129	0.690412008	0.170627791	0.113965736	0.64740105	0.03157063	0.062978932	0.386739598	0.940532313	0.098862296	0.152404645	0.663635956	0.125633471	0.123054248	0.266800561	1.110574071	1.173846218	0.340850176	0.447050942	0.866096491	0.718443423	0.210910838	0.092045586	0.581216702	0.519479482	0.194927405	1.142210145	0.393950559	0.792269957	0.151478212	0.550348092
C1-2D03	0.02742428	0.415530765	0.71397191	0.484075755	0.109893179	0.310862855	1.913214281	1.356805645	0.686463898	0.305731055	8.210161472	4.896733575	13.33221056	10.47593411	0.221477523	0.599023833	0.210378017	1.635009963	0.496097476	6.553447523	11.90407234	0.428947107	0.869190099	0.092486562	0.176228819	0.649068603	0.13435769	0.106482043	0.16510262	0.030591066	0.065669326	0.954821474	0.909290154	0.647262581	0.810676025	3.186379843	4.560919355	0.907930922	1.69847885	0.135792332	0.048130196	0.932055814	0.728969303	3.873649599	1.303204886
R95-2G09	0.092576313	0.087748322	0.654548556	0.766673114	0.272042532	0.369634244	0.201372999	0.220565495	0.7820889	1.045900106	0.030713296	0.036383289	1.818795325	2.501088869	0.090162318	0.710610835	0.320838388	0.210969247	0.913994503	0.033548292	2.159942097	0.3616384	0.846613732	0.048198172	0.077243151	0.604126066	0.062720662	0.139306696	0.332651205	0.075172118	0.105626852	0.316609742	0.708998171	0.305279709	1.201001519	0.139485869	0.167799283	2.232576497	2.274316409	0.235978951	0.090399485	0.512803956	0.753140614	0.153642576	2.253446453
K77-2A04	0.01496439	0.197475116	1.402514683	0.790428729	0.179893629	0.946424745	4.777035742	5.203342405	0.920835942	1.435557923	14.10659872	15.28418489	14.93822861	30.50493926	0.106219753	1.096471706	0.563159187	4.990189074	1.178196932	14.69539181	22.72158394	0.35405158	0.447222508	0.049074502	0.082140551	0.400637044	0.065607527	0.385067716	0.081765107	0.178878957	0.1661836	2.076136078	1.175924109	1.320802005	0.998868674	2.467208629	1.791428571	1.054361364	0.662593397	0.233416412	0.172531278	1.626030093	1.159835339	2.1293186	0.858477381
36.d.02	0.137642462	0.082338838	0.66100271	0.980528448	0.245135052	0.033694925	0.154131982	0.396801651	1.303404257	1.346258905	0.0849091	0.039930224	0.012889961	0.030499057	0.10999065	0.820765579	0.139414989	0.275466816	1.324831581	0.062419662	0.021694509	0.311383826	0.803978508	0.105698928	0.12361374	0.557681167	0.114656334	0.058393798	0.110203467	0.048418152	0.049726816	0.287683375	0.514393397	0.687378168	1.059349652	0.226493598	0.071472788	0.500550027	0.759866895	0.084298633	0.049072484	0.401038386	0.87336391	0.148983193	0.630208461
W85-1D12	0.016936442	0.043284455	0.306329196	0.27565425	0.007540761	0.243110694	0.044805809	0.029866791	0.247298471	0.271760937	0.004013476	0.007556688	0.329743185	0.394410742	0.030110448	0.290991723	0.125325728	0.0373363	0.259529704	0.005785082	0.362076964	0.454366194	0.588894552	0.100766311	0.097185011	0.521630373	0.098975661	0.039896008	0.121851985	0.021797629	0.035652292	0.146636503	0.20362037	0.555431131	0.577658992	0.055515027	0.026735662	0.916867432	0.914790409	0.080873997	0.028724961	0.175128436	0.566545062	0.041125344	0.915828921
024-10128-3E06	0.256379707	0.104531148	1.154701938	1.075673539	0.352376675	0.753319244	0.321108296	0.22886687	1.581124045	1.433678896	0.047547405	0.094755768	0.144683234	0.071481768	0.180455427	1.115187739	0.552847959	0.274987583	1.507401471	0.071151587	0.108082501	0.441234223	0.842582238	0.081909032	0.095776532	0.641908231	0.088842782	0.121680437	0.215051158	0.122001829	0.108984454	0.431551198	0.705067092	0.90166205	0.933748953	0.291298943	0.170884701	0.510337589	0.719233999	0.168365797	0.115493141	0.568309145	0.917705501	0.231091822	0.614785794
AG2-B02	31.30438754	23.17488447	0.559517923	0.452715904	0.131874295	0.189256061	0.867701625	0.619220018	1.008311018	0.62713163	1.282319364	1.210396666	0.231685511	0.075451482	27.239636	0.506116914	0.160565178	0.743460821	0.817721324	1.246358015	0.153568497	0.251695623	0.443847459	0.160774947	0.153201079	0.347771541	0.156988013	43.68482317	40.98370098	0.171218476	0.986380075	1.50670368	1.112858411	0.825902566	3.011082379	1.877238839	1.741660115	0.693256885	0.764867802	42.33426208	0.578799276	1.309781046	1.918492473	1.809449477	0.729062344
01.e.01	0.127309832	0.188177863	0.779930257	1.28668891	0.276102405	0.405475795	0.207633936	0.231387951	1.507697232	1.846050765	0.05449878	0.096525304	0.060573124	0.112099345	0.157743847	1.033309584	0.3407891	0.219510943	1.676873999	0.075512042	0.086336235	0.342891259	0.634495127	0.105616863	0.133139905	0.488693193	0.119378384	0.116157403	0.361913022	0.07897729	0.075739196	0.348971181	0.505795392	0.983760286	1.078422235	0.167789664	0.078676532	0.548641135	0.546581761	0.239035212	0.077358243	0.427383286	1.03109126	0.123233098	0.547611448
01.f.01	0.03321488	0.103216777	0.631098357	0.673361788	0.134740148	0.665258773	0.147536244	0.122092816	0.808315105	1.0125708	0.066466418	0.144158348	0.021773583	0.229394616	0.068215828	0.652230072	0.399999461	0.13481453	0.910442952	0.105312383	0.125584099	0.327566326	0.827800094	0.106185429	0.165214518	0.57768321	0.135699974	0.178987998	0.269784707	0.037668065	0.03832374	0.347047452	0.513193995	1.114417863	0.879669729	0.164459061	0.061968428	0.848436241	0.600444241	0.224386352	0.037995902	0.430120723	0.997043796	0.113213744	0.724440241
AG11-2B01	0.111994	0.105999423	1.509414299	1.038840734	0.377659044	0.590242132	4.962877122	3.435630596	1.94932352	1.985654513	6.39037129	5.113271761	0.067157779	0.179488702	0.108996712	1.274127516	0.483950588	4.199253859	1.967489017	5.751821526	0.123323241	0.447025868	1.176106644	0.082411866	0.107166174	0.811566256	0.09478902	0.219049447	0.384731439	0.202335003	0.323295142	2.40228678	2.597551144	1.38029301	1.933150521	5.846807719	7.383352854	0.75039331	1.173859939	0.301890443	0.262815073	2.499918962	1.656721766	6.615080286	0.962126624
R95-2F07	0.013871752	0.13418181	0.342133908	0.238196007	0.123524844	0.158847503	0.118249404	0.415696968	0.303823836	0.263268408	0.009861684	0.033465331	10.70071354	10.37355222	0.074026781	0.290164957	0.141186173	0.266973186	0.283546122	0.021663507	10.53713288	0.349512457	0.745020084	0.08881646	0.264343229	0.547266271	0.176579844	0.13194628	0.16510262	0.019502696	0.365871957	0.183351359	0.358930324	0.452582505	0.912010528	0.039533428	0.333725806	7.820064806	7.643154824	0.14852445	0.192687327	0.271140841	0.682296517	0.186629617	7.731609815
R95-1C11	0.014279745	0.13418181	0.258277558	0.625264517	0.025431585	0.370644173	0.159504774	1.058137736	0.342546482	0.789805224	0.622639662	0.937029264	1.280571275	1.640171502	0.074230777	0.441771038	0.198037879	0.608821255	0.566175853	0.779834463	1.460371388	0.179355077	0.310425035	0.049720219	0.660858072	0.244890056	0.355289146	0.087058788	0.333681085	0.013009379	0.118501039	0.175508411	0.181354269	0.815789474	0.960011082	0.120697976	0.153290323	0.761861115	1.320275057	0.210369936	0.065755209	0.17843134	0.887900278	0.136994149	1.041068086
AG12-3D05	0.137504957	0.245027652	0.929503658	1.286776253	0.510187838	0.461962303	0.179641005	0.310540423	1.035763078	1.739860784	0.057928774	0.040740403	0.126195421	0.05186313	0.191266305	1.108139956	0.48607507	0.245090714	1.387811931	0.049334588	0.089029276	0.499352946	0.639110367	0.121593011	0.116622013	0.569231656	0.119107512	0.140633427	0.240624809	0.091065651	0.035667639	0.529379028	0.488998144	1.069590643	0.674225605	0.248495833	0.105734909	1.015814819	1.552303595	0.190629118	0.063366645	0.509188586	0.871908124	0.177115371	1.284059207
034-100809-1F05	0.546200245	0.067090905	0.449050754	1.563161293	0.243189536	0.061774029	0.963324887	1.587206604	2.278678771	2.237781468	1.553215244	5.036532296	5.155984344	10.21379526	0.306645575	1.006106024	0.152481782	1.275265746	2.25823012	3.29487377	7.684889802	0.681549292	1.568463336	0.236171041	0.347820038	1.125006314	0.29199554	0.205090414	2.868068373	0.199206111	1.415240978	1.048769772	3.281648675	2.379385965	2.779460658	6.740449475	14.56258065	3.333142376	12.31863781	1.536579394	0.807223545	2.165209223	2.579423311	10.65151506	7.825890094
034-100809-1F04	10.27489736	15.74132872	0.4685747	0.634596824	0.021146916	0.188088088	0.260609631	0.272430984	0.577925775	0.683711985	0.165076016	0.14684787	0.121427168	0.013352821	13.00811304	0.551585762	0.104617502	0.266520308	0.63081888	0.155961943	0.067389994	0.363492956	0.36640332	0.141702625	0.151672344	0.364948138	0.146687485	20.79137366	21.19782865	0.155225541	0.428860902	0.606107206	0.523501098	0.86523126	1.240830651	0.304972159	0.303799868	0.562738323	0.575936313	20.99460116	0.292043222	0.564804152	1.053030955	0.304386014	0.569337318
AG13-3E04	0.070225746	0.213112286	0.679991142	1.130157256	0.048637907	0.554975233	0.110094273	0.241900472	1.269549601	1.714764283	0.051773841	0.118381371	0.050639132	0.047841658	0.141669016	0.905074199	0.30180657	0.175997372	1.492156942	0.085077606	0.049240395	0.399623279	0.804717207	0.174519966	0.125393583	0.602170243	0.149956775	0.086734272	0.17221754	0.112327675	0.064684545	0.300308525	0.426750308	0.922405132	0.853225319	0.180077377	0.069728747	1.005816092	0.747099707	0.129475906	0.08850611	0.363529416	0.887815226	0.124903062	0.876457899
S5V2-52-Ig	0.122616382	0.094716572	0.366572044	0.441363189	0.19852207	0.043605197	0.117958149	0.186730189	0.465036484	0.55750957	0.01056609	0.041339526	0.092071149	0.105251647	0.108666477	0.403967616	0.121063634	0.152344169	0.511273027	0.025952808	0.098661398	0.157280606	0.558765063	0.072668013	0.198257422	0.358022835	0.135462717	0.089902647	0.339639676	0.03274621	0.032164568	0.258600766	0.492247301	1.003905311	2.518886221	0.262112043	0.138691244	0.821870723	1.287857589	0.214771162	0.032455389	0.375424033	1.761395766	0.200401644	1.054864156
W85-2C10	0.071006032	0.14406889	1.172022468	1.031137976	0.211574896	0.990985474	0.285786383	0.779680437	1.395690747	1.418878157	0.056951226	0.078907728	25.33199558	25.32299235	0.107537461	1.101580222	0.601280185	0.53273341	1.407284452	0.067929477	25.32749397	0.410356903	0.7870619	0.096446813	0.100603066	0.598709402	0.098524939	0.44481832	0.3052564	0.131033353	0.380256667	0.349589924	0.593431469	1.201325536	1.053878833	0.216467481	0.361367742	16.99161914	16.40120859	0.37503736	0.25564501	0.471510696	1.127602184	0.288917612	16.69641386
W85-1H07	0.136957673	0.074316079	0.884697008	0.65412288	0.322316878	0.524604061	0.195540574	0.402906292	1.421623472	1.287990058	0.071092439	0.064871257	8.365007436	5.422888713	0.105636876	0.769409944	0.423460469	0.299223433	1.354806765	0.067981848	6.893948074	0.329638219	0.503391949	0.083354485	0.053583087	0.416515084	0.068468786	0.242606953	0.514781503	0.051016199	0.196286336	0.37730132	0.338682972	1.166479461	0.997755108	0.177659369	0.174253102	3.759947193	2.874348823	0.378694228	0.123651268	0.357992146	1.082117284	0.175956235	3.317148008
AG11-3F04	0.406863448	0.805090858	0.449050754	0.598079104	0.009926104	0.290069353	0.144171072	0.103513474	0.709180638	1.236216873	0.026415225	0.030555302	0.026306043	0.077794696	0.605977153	0.523564929	0.149997728	0.123842273	0.972698755	0.028485264	0.052050369	0.398642038	1.201645298	0.133681722	0.298452033	0.800143668	0.216066877	3.456997266	2.1298238	0.049186694	0.070359992	0.271903274	0.556342002	1.065338243	1.178013599	0.175378746	0.106185484	0.8161398	0.563437695	2.793410533	0.059773343	0.414122638	1.121675921	0.140782115	0.689788748
100F4	0.022917493	0.03415537	0.48359312	0.363790265	0.037413775	0.152750326	12.08983961	12.61588764	0.470077089	1.282835152	0.025343838	0.127776718	0.049576773	0.054220546	0.028536431	0.423691692	0.09508205	12.35286363	0.876456121	0.076560278	0.051898659	0.212037557	0.248340028	0.041985963	0.037763318	0.230188793	0.039874641	0.084864999	0.152529952	0.19004721	0.064059976	5.261931095	4.940322985	0.907995564	1.012497044	0.097470348	0.026403563	0.569890722	0.652714434	0.118697475	0.127053593	5.10112704	0.960246304	0.061936956	0.611302578
56.e.01	0.241179329	0.138326422	1.912839575	0.77011344	9.73389805	8.746630071	16.36401237	8.577963104	1.553644617	1.125243736	0.080686506	0.069191833	0.510576372	0.132986879	0.189752875	1.341476508	9.24026406	12.47098774	1.339444177	0.074939169	0.321781625	0.428080547	0.537778582	0.078073072	0.043436681	0.482929564	0.060754876	0.253090298	0.3291226	0.3645048	0.442921916	10.77778297	13.64484414	2.450261292	2.099783803	0.305332646	0.217510312	0.921932998	1.019515678	0.291106449	0.403713358	12.21131355	2.275022547	0.261421479	0.970724338
R95-2A05	0.023138918	0.039166582	0.230282438	0.239966382	0.025484745	0.006010446	0.058708763	0.100809068	0.266734973	0.277499133	0.020778799	0.007597535	0.012214567	0.019343546	0.03115275	0.23512441	0.015747596	0.079758916	0.272117053	0.014188167	0.015779057	0.095656041	0.214320846	0.033146813	0.050695962	0.154988444	0.041921387	0.054153087	0.252335945	0.034693199	0.053767636	0.245989539	0.548574107	0.705795387	1.088967795	0.101387696	0.07245065	0.620282816	0.912615501	0.153244516	0.044230417	0.397281823	0.897381591	0.086919173	0.766449159
019-10117-3E02	0.20453456	0.11764938	0.657333869	0.580474795	0.124181891	0.160364671	0.196764232	0.193284472	1.221759682	0.848644582	0.061687981	0.061417033	3.603703951	4.643663467	0.16109197	0.618904332	0.142273281	0.195024352	1.035202132	0.061552507	4.123683709	0.385782618	0.68161412	0.053472689	0.082958779	0.533698369	0.068215734	0.173783778	0.180423947	0.14645683	0.070871891	0.362658706	0.446810963	1.055528229	0.707761697	0.192371385	0.095858611	4.283243708	3.927132184	0.177103862	0.10866436	0.404734834	0.881644963	0.144114998	4.105187946
019-10-4A03	0.105545941	0.244402582	1.006567873	1.228198159	0.253762994	0.794237515	0.210969702	0.992004128	0.81460014	1.043671189	2.886329133	2.898934286	18.96754627	36.20092814	0.174974261	1.117383016	0.524000254	0.601486915	0.929135665	2.89263171	27.58423721	0.411769364	1.143347654	0.088564141	0.130862985	0.777558509	0.109713563	0.375517659	0.335446593	0.033668639	0.400270176	0.539156291	0.583404209	1.018779343	1.042297747	6.694512745	5.393548387	26.43041067	21.10344417	0.355482126	0.216969407	0.56128025	1.030538545	6.044030566	23.76692742
R95-1E05	0.022293888	0.029276031	0.146628818	0.272842698	0.019852207	0.296515339	0.707748897	0.649311793	0.186014594	0.2872019	2.873976506	2.696088747	3.314561364	8.279477299	0.025784959	0.209735758	0.158183773	0.678530345	0.236608247	2.785032626	5.797019331	0.170387323	0.347255124	0.05904276	0.022401969	0.258821224	0.040722364	0.189314228	0.074713105	0.030647094	0.013645574	0.826914628	0.684505506	1.537449393	0.700129294	1.070443589	0.921806452	1.153780053	1.623254845	0.132013667	0.022146334	0.755710067	1.118789344	0.99612502	1.388517449
R95-1A04	0.127683174	0.11501298	0.653164733	0.71458802	0.025266445	0.105898335	1.100942728	1.587206604	0.443898462	1.353951813	2.783684463	2.108315845	3.950689303	8.371264936	0.121348077	0.683876376	0.06558239	1.344074666	0.898925137	2.446000154	6.160977119	0.221899769	0.338645493	0.065908198	0.120156013	0.280272631	0.093032105	0.160300553	0.352218923	0.036635607	0.060040526	0.409864049	0.30628721	0.765779391	0.162135205	0.49984794	0.420696774	1.015267505	1.202000417	0.256259738	0.048338067	0.358075629	0.463957298	0.460272357	1.108633961
017-10116-3D04	0.004770308	0.15335064	0.517682965	0.535941015	0.029734965	0.176497225	4.739502357	2.947669408	0.587083177	1.053073632	4.82016725	2.576830477	8.730274801	7.753538007	0.079060474	0.52681199	0.103116095	3.843585882	0.820078405	3.698498863	8.241906404	0.203014683	0.186255021	0.070348821	0.264343229	0.194634852	0.167346025	0.211706234	0.273948051	0.057120032	0.266846784	1.38332357	1.403816378	0.716374269	1.261051595	2.973934004	3.523784946	1.570997213	1.103285407	0.242827143	0.161983408	1.393569974	0.988712932	3.248859475	1.33714131
R95-1G07	0.053204998	0.286871455	0.953011341	0.531834187	0.080643162	0.662473207	3.394098048	3.101438192	0.453374429	1.093925627	16.03433188	11.48668633	24.68594473	28.8932406	0.170038227	0.742422764	0.371558184	3.24776812	0.773650028	13.7605091	26.78959267	0.236705742	0.305233981	0.041483137	0.044204553	0.270969862	0.042843845	0.387779239	0.256912626	0.130553158	0.600405263	2.64068773	2.544886375	1.086182972	1.41153002	16.18919935	24.79636281	4.076979234	4.445249623	0.322345932	0.365479211	2.592787052	1.248856496	20.49278108	4.261114429
AG12-C05	0.155540467	0.123860132	0.70777536	0.758239324	0.164273726	0.231442968	1.441797513	0.912105153	1.10915821	1.06498623	2.324679769	1.605881601	3.171271828	3.983370031	0.1397003	0.733007342	0.197858347	1.176951333	1.08707222	1.965280685	3.577320929	0.392537883	0.7195365	0.089685206	0.111694322	0.556037192	0.100689764	0.146371582	0.177328212	0.087617626	0.166721531	1.586209883	1.730814184	1.192654874	0.913062444	4.817828965	6.748840719	3.499107972	4.16369183	0.161849897	0.127169578	1.658512034	1.052858659	5.783334842	3.831399901
W85-3B07	0.066553811	0.08945454	0.611312791	0.666948818	0.051090239	0.098838446	0.16999851	0.220445362	0.852110969	0.947766269	0.630857732	0.683250505	1.326907736	2.718708519	0.078004176	0.639130805	0.074964342	0.195221936	0.899938619	0.657054119	2.022808127	0.309558648	1.063205746	0.081127457	0.170721669	0.686382197	0.125924563	0.122181523	0.174348367	0.069025826	0.155354862	0.360215757	0.462302257	0.702967525	1.106572774	0.617274224	0.412606452	1.144817898	1.262100438	0.148264945	0.112190344	0.411259007	0.90477015	0.514940338	1.203459168
K77-2E07	0.194597658	0.346521065	1.653185501	1.595391423	0.213980536	1.031689967	0.733218943	1.564707541	2.88140622	3.024872585	6.000455473	6.234384139	14.03979408	23.15454857	0.270559362	1.624288462	0.622835252	1.148963242	2.953139402	6.117419806	18.59717132	0.344122137	0.703915528	0.075166422	0.098445065	0.524018833	0.086805743	0.503202398	0.335176072	0.139401253	0.382516256	0.967223958	0.966410248	1.525273768	1.569050371	7.63225701	6.302622268	10.75172384	8.538754714	0.419189235	0.260958755	0.966817103	1.547162069	6.967439639	9.645239278
AG13-3D02	0.052019071	0.010191024	1.1119352	0.838962517	0.524980586	1.257375171	0.285429596	0.261185897	1.482949677	1.419649897	0.197233682	0.03558339	0.122761532	0.135894532	0.031105047	0.975448858	0.891177878	0.273307747	1.451299787	0.116408536	0.129328032	0.525766596	0.42747054	0.121459393	0.108337389	0.476618568	0.114898391	0.071335796	0.077316349	0.025983406	0.065898139	0.284991786	0.315158333	0.889683448	0.845278051	0.132351042	0.142073958	0.978204828	0.56403519	0.074326073	0.045940772	0.300075059	0.867480749	0.1372125	0.771120009
008-10-1C03	0.078028606	0.052505926	0.343844577	0.462152035	0.013896545	0.100270888	0.154131982	0.092011977	0.442714733	0.606661984	0.011834021	0.049227987	0.029462768	0.023770601	0.065267266	0.402998306	0.057083716	0.12307198	0.524688358	0.030531004	0.026616685	0.238162206	0.608075378	0.049165719	0.039887181	0.423118792	0.04452645	0.042432499	0.151924216	0.065638795	0.047033681	0.204932024	0.265113204	0.798598508	0.934551085	0.174946779	0.069479753	0.657689013	0.731854597	0.097178358	0.056336238	0.235022614	0.866574796	0.122213266	0.694771805
150055-023-2E04	0.156751572	0.092217614	4.317680441	3.668298973	0.256985605	0.274047719	0.319322376	0.214232037	0.98852583	1.033252266	0.038009717	0.070548535	0.162737548	0.047495314	0.124484593	3.992989707	0.265516662	0.266777207	1.010889048	0.054279126	0.105116431	0.299392884	0.6514479	0.078531202	0.083396141	0.475420392	0.080963672	0.30226283	0.351783655	16.60896386	11.45414757	0.382283967	0.753416573	0.818240672	1.002625514	0.16218728	0.124294229	0.455372973	0.504913025	0.327023242	14.03155571	0.56785027	0.910433093	0.143240755	0.480142999
240-14-IgA-2F02	0.024700522	0.034374666	0.208312385	0.229497838	21.00831209	25.26710482	0.17800314	0.054690265	0.412189887	0.229546387	0.015860695	0.013160523	0.048889713	0.063663449	0.029537594	0.218905111	23.13770846	0.116346702	0.320868137	0.014510609	0.056276581	0.213706134	0.637310056	35.04271221	27.37058411	0.425508095	31.20664816	0.039450191	0.147413696	0.043230919	0.027975286	0.111860154	0.232845045	0.781588682	0.555324122	0.046114208	0.089941461	0.444898474	0.460522373	0.093431944	0.035603103	0.1723526	0.668456402	0.068027835	0.452710423
W85-3C08	0.082387746	0.078203097	0.551905954	0.830052273	0.252699741	0.381260383	0.129160879	0.122548953	0.916563528	1.402568181	0.036154917	0.065638725	0.048607394	0.038994228	0.080295422	0.690979114	0.316980062	0.125854916	1.159565855	0.050896821	0.043800811	0.252732564	0.78702869	0.106241076	0.127502508	0.519880627	0.116871792	0.084923567	0.197673885	0.103108753	0.072370277	0.214965233	0.314491331	0.857170099	1.003004776	0.185471528	0.100303489	0.788429641	0.681924593	0.141298726	0.087739515	0.264728282	0.930087438	0.142887508	0.735177117
014-10-3A02	0.099135821	0.117066783	6.962245894	5.116960642	0.188440059	0.419811258	0.333997459	0.340115701	1.881003593	1.865713361	0.108426893	0.134458919	0.092231832	0.054773816	0.108101302	6.039603268	0.304125658	0.33705658	1.873358477	0.121442906	0.073502824	0.357275313	0.65829817	0.094468417	0.06853343	0.507786741	0.081500923	0.376721969	0.301901934	33.83254006	23.54794079	0.396061092	0.691807018	1.144405576	1.370950189	0.428298709	0.161181716	0.624334826	0.908007701	0.339311951	28.69024043	0.543934055	1.257677883	0.294740213	0.766171263
AG10-A05	0.190736594	0.104490516	0.655756656	0.867388224	0.061762422	0.425846497	0.285429596	0.283670968	1.012746121	0.893992296	0.03287228	0.047848303	0.102301277	0.051394155	0.147613555	0.76157244	0.24380446	0.284550282	0.953369208	0.040360292	0.076847716	0.725052438	1.030299579	0.200996631	0.138961793	0.877676009	0.169979212	0.158142006	0.255909061	0.187205743	0.057167493	0.398027082	0.48343428	0.837085183	0.755258719	0.130984249	0.052144657	0.692731397	0.545064727	0.207025534	0.122186618	0.440730681	0.796171951	0.091564453	0.618898062
W85-1A11	0.115338401	0.202449748	0.821806477	1.096955294	0.158191252	0.572222584	0.252522058	0.292380164	1.808563005	2.059959824	0.072885505	0.073975995	0.048493785	0.047086263	0.158894075	0.959380885	0.365206918	0.272451111	1.934261415	0.07343075	0.047790024	0.346675505	0.714210983	0.066455055	0.06459515	0.530443244	0.065525102	0.107942323	0.29293455	0.08807007	0.214005836	0.347749977	0.295673296	0.761403509	1.035417893	0.270075734	0.028836793	0.745571321	0.683013582	0.200438437	0.151037953	0.321711637	0.898410701	0.149456264	0.714292451
16.ND.89	0.053059452	0.111229658	0.410560689	0.427812564	0.044468944	0.443797629	0.099084846	0.167074379	0.4231832	0.509216526	0.029585052	0.041611497	0.014731384	0.035314697	0.082144555	0.419186627	0.244133286	0.133079612	0.466199863	0.035598275	0.025023041	0.242743583	0.465637553	0.069018021	0.075723321	0.354190568	0.072370671	0.065514993	0.244313704	0.047034776	0.088499042	0.27675869	0.444824633	0.773300439	1.208985055	0.102677098	0.05050606	0.723338189	0.879070423	0.154914349	0.067766909	0.360791661	0.991142747	0.076591579	0.801204306
K77-2G04	0.068275031	0.402545429	0.673576131	0.625264517	1.702326752	0.185322087	0.481662444	0.198400826	0.712087116	0.394902612	0.194151906	0.175692987	4.108675024	8.722730258	0.23541023	0.649420324	0.943824419	0.340031635	0.553494864	0.184922446	6.415702641	0.681549292	0.931275106	0.157447361	0.660858072	0.806412199	0.409152717	0.028288333	0.08128129	0.05495341	0.06927753	0.07232895	0.08835208	0.328191168	0.374158165	0.329899641	0.597439206	2.528590768	3.376857358	0.054784811	0.06211547	0.080340515	0.351174667	0.463669423	2.952724063
AG4-C01	0.058106409	0.026836362	0.611473367	0.833686023	0.010348491	0.197676893	0.150306011	0.026453443	0.872685487	0.947766269	0.176251375	0.023425732	0.19197814	0.0298213	0.042471385	0.722579695	0.104012692	0.088379727	0.910225878	0.099838553	0.11089972	0.434107829	0.961316238	0.108307739	0.074613008	0.697712034	0.091460373	0.152352879	0.340857022	0.102448857	0.377674279	0.486928822	0.833644623	0.88377193	0.745298926	0.136672708	0.125269511	0.404738717	0.859775894	0.246604951	0.240061568	0.660286723	0.814535428	0.13097111	0.632257306
AG9-4B03	0.067469086	0.044276617	0.485398876	0.454642378	0.074433222	0.17738638	0.199542002	0.092786952	0.735863381	0.672262843	0.02881175	0.031716198	0.064667173	0.023004466	0.055872852	0.470020627	0.125909801	0.146164477	0.704063112	0.030263974	0.04383582	0.197736888	0.438180592	0.075300912	0.059179823	0.31795874	0.067240367	0.104615168	0.242918817	0.146803607	0.109671902	0.290671532	0.492371795	0.628810491	0.783304945	0.121779679	0.084524842	0.51850068	0.528754884	0.173766993	0.128237754	0.391521664	0.706057718	0.10315226	0.523627782
236-14-IgG-1B03	0.016304485	0.042373203	0.241281002	0.329086588	0.014518778	0.039015176	0.076682578	0.041768595	0.204060785	0.41568696	0.030909756	0.036987997	0.057716243	0.047086263	0.029338844	0.285183795	0.026766977	0.059225586	0.309873873	0.033948877	0.052401253	0.477084504	0.931275106	0.094468417	0.377633184	0.704179805	0.2360508	0.045575648	0.301901934	0.103292058	0.032164568	0.233059949	0.082041217	0.423001949	1.389730329	0.064424846	0.069345622	0.925872882	0.783913315	0.173738791	0.067728313	0.157550583	0.906366139	0.066885234	0.854893099
C8-B04	0.181085256	0.189147852	1.557758275	1.548094678	0.347413623	0.892560291	0.396408624	0.320907359	2.192690893	1.918608173	0.094895451	0.116952259	0.103362894	0.12799805	0.185116554	1.552926477	0.619986957	0.358657992	2.055649533	0.105923855	0.115680472	0.45816424	1.341869242	0.13964535	0.152722259	0.900016741	0.146183805	0.127578847	0.239783247	0.1181548	0.131926474	0.406801295	0.553378775	0.678103487	0.947275965	0.217827044	0.120019011	0.53945071	0.590756012	0.183681047	0.125040637	0.480090035	0.812689726	0.168923027	0.565103361
042-100809-2F04	0.075027506	0.054398031	0.725389679	0.692860681	4.901204494	3.586232814	0.208191093	0.144778981	1.189420238	1.056631313	0.122322812	0.042736132	0.056659169	0.090672872	0.064712769	0.70912518	4.243718654	0.176485037	1.123025776	0.082529472	0.07366602	0.362073061	1.056888957	4.082385145	4.764325636	0.709481009	4.423355391	0.119007977	0.247171174	0.110969749	0.147467959	0.419913622	0.621306292	0.73636703	1.180458072	0.215331012	0.164645161	0.551225673	0.710564701	0.183089576	0.129218854	0.520609957	0.958412551	0.189988087	0.630895187
31.a.55	0.722532608	1.550545356	3.083246121	4.122114225	64.9584144	124.4128942	0.305937825	0.338016221	1.996086719	1.31634204	0.083571949	0.234257316	0.1243323	0.231943445	1.136538982	3.602680173	94.68565431	0.321977023	1.65621438	0.158914632	0.178137872	101.5249926	207.7537596	22.15447245	15.39952996	154.6393761	18.77700121	0.093985787	0.956022791	0.016953712	0.100067544	0.190529369	0.583404209	0.482886841	0.694865164	0.098218893	0.400663594	0.272761242	0.298633644	0.525004289	0.058510628	0.386966789	0.588876003	0.249441244	0.285697443
01.ad.01	0.034137515	0.429381791	0.505182098	0.333474409	8.025254687	19.2240778	0.160554148	0.317441321	0.284834846	0.421229453	0.032358651	0.046851463	0.161124511	0.0596426	0.231759653	0.419328254	13.62466624	0.238997734	0.35303215	0.039605057	0.110383555	0.302910796	0.931275106	44.92498033	14.61230626	0.617092951	29.76864329	0.043176929	0.08128129	0.167752515	0.06927753	0.275992045	0.13252812	2.304247461	0.374158165	0.183102193	0.074679901	0.789428458	0.542709218	0.06222911	0.118515023	0.204260082	1.339202813	0.128891047	0.666068838
FluA-152	0.116320423	0.436090881	0.789996697	0.72947527	0.454854502	0.926610434	0.315161846	0.46293526	1.751206834	1.579610448	0.124640729	0.117128658	0.077578468	0.037276625	0.276205652	0.759735983	0.690732468	0.389048553	1.665408641	0.120884694	0.057427547	0.479608761	1.258479872	0.096217832	0.17861029	0.869044317	0.137414061	0.201492337	0.264164192	0.097855634	0.202636776	0.55198409	0.63171737	1.162142198	1.155213336	0.390618011	0.169896774	0.625695148	1.097478641	0.232828264	0.150246205	0.59185073	1.158677767	0.280257393	0.861586895
034-100809-2E03	0.072310198	0.080509086	0.552024567	0.937896776	0.02989564	0.055596626	0.321867417	0.337281403	0.953489699	1.698081232	0.766203895	0.913603533	1.413934241	2.124767627	0.076409642	0.744960672	0.042746133	0.32957441	1.325785465	0.839903714	1.769350934	0.43511339	0.854941081	0.090732378	0.173339822	0.645027235	0.1320361	0.253369702	0.386581745	0.100540938	0.131796277	1.949408219	2.082379505	1.057504873	0.810676025	6.715471198	9.511062156	7.265748212	10.52865688	0.319975723	0.116168607	2.015893862	0.934090449	8.113266677	8.897202548
037-10036-4D02	0.020646745	0.035259454	0.35491984	0.511165153	0.068527636	0.075752094	0.100415309	0.17957447	0.508983231	0.59956017	0.79973683	0.805366393	0.385369964	0.783625402	0.027953099	0.433042496	0.072139865	0.139994889	0.5542717	0.802551611	0.584497683	0.193901497	0.518274841	0.056159568	0.045972735	0.356088169	0.051066152	0.072537241	0.470692561	0.063745956	0.171934234	0.187674591	0.438547596	0.781440443	0.773827115	0.150143798	0.211819355	0.515759926	0.783913315	0.271614901	0.117840095	0.313111093	0.777633779	0.180981576	0.64983662
034-100809-2F01	0.192244393	0.144574549	1.349941397	1.515270982	0.301091806	0.652401792	0.348365936	0.239037139	2.67025297	2.627246523	0.101832607	0.122168618	0.11608971	0.071858554	0.168409471	1.432606189	0.476746799	0.293701537	2.648749747	0.112000612	0.093974132	0.304210843	0.872702027	0.071242276	0.098553597	0.588456435	0.084897937	0.187937398	0.271693432	0.129423607	0.163846191	0.35086116	0.547472135	1.008282828	1.107612544	0.235092119	0.114805063	0.509061745	0.612298575	0.229815415	0.146634899	0.449166647	1.057947686	0.174948591	0.56068016
041-102909-3G02	7.976939206	9.479209306	0.920167884	1.138355334	0.274857952	1.280631031	0.29349456	0.495672494	1.301702247	1.364447563	0.127208456	0.121409107	0.088677863	0.0921389	8.728074256	1.029261609	0.777744492	0.394583527	1.333074905	0.124308782	0.090408382	0.4402225	1.299904835	0.107333765	0.170721669	0.870063667	0.139027717	6.787812028	5.164290966	0.077037861	0.251521124	0.520601445	0.602744256	0.642743222	1.281744526	0.321287542	0.201164778	0.598811293	0.451986056	5.976051497	0.164279493	0.56167285	0.962243874	0.26122616	0.525398674
K77-1D03	0.099309135	0.098582554	0.612341937	0.893235025	0.120213009	0.329797673	0.195219248	0.166818653	1.013105761	1.299149001	0.038242042	0.120475191	0.045774009	0.063902786	0.098945845	0.752788481	0.225005341	0.181018951	1.156127381	0.079358617	0.054838397	0.372241067	0.86308746	0.152188805	0.100752685	0.617664263	0.126470745	0.148207831	0.520390229	0.111514872	0.16989765	0.757889606	1.54933263	0.774965403	2.237141018	0.168193108	0.196112661	0.521598616	1.183067841	0.33429903	0.140706261	1.153611118	1.50605321	0.182152885	0.852333229
K77-2D01	0.017203157	0.036595039	0.424299925	0.454737831	0.022978539	1.010847746	0.111250118	0.108218632	0.592097633	1.220608074	0.008153361	0.031944179	0.294337689	0.162661637	0.026899098	0.439518878	0.516913142	0.109734375	0.906352854	0.02004877	0.228499663	0.335188176	0.596016068	0.077433128	0.105737292	0.465602122	0.09158521	0.079389838	0.019567718	0.010281606	0.033355848	0.175922671	0.489208738	0.589473684	1.080901367	0.246892634	0.035956989	1.118215507	1.16135306	0.049478778	0.021818727	0.332565705	0.835187526	0.141424812	1.139784283
W85-2B12	0.096474263	0.113874237	0.653747395	0.661524553	0.144048039	0.131062296	0.203951032	0.190823991	1.0427852	0.78198537	0.057269905	0.057653144	0.032196156	0.080985709	0.10517425	0.657635974	0.137555168	0.197387511	0.912385285	0.057461525	0.056590932	0.288051021	0.408758431	0.042778151	0.049256502	0.348404726	0.046017327	0.106497254	0.238013074	0.060610379	0.098201148	0.344626172	0.519084313	0.789589338	0.86534141	0.171124413	0.121180728	0.523972686	0.645575671	0.172255164	0.079405763	0.431855243	0.827465374	0.14615257	0.584774179
01.o.02	0.031211443	0.201272715	1.180361982	1.250529035	0.333517078	0.741288347	0.385329955	0.446401857	2.01825834	1.777061754	0.133132735	0.043923247	0.110485379	0.055914938	0.116242079	1.215445508	0.537402712	0.415865906	1.897660047	0.088527991	0.083200158	0.275865189	1.205179548	0.089969921	0.466488051	0.740522369	0.278228986	0.097331044	0.812812899	0.067527495	0.06927753	0.568824283	0.618464558	1.322777282	2.432028075	0.515944738	0.074679901	0.762668171	0.84421434	0.455071972	0.068402513	0.59364442	1.877402679	0.29531232	0.803441255
150055-029-2B03	0.121055019	0.121741553	2.202259548	1.999482467	0.169025351	0.518571075	0.349575343	0.245123876	1.694868341	1.598406011	0.054160579	0.08536397	0.116558157	0.081169528	0.121398286	2.100871008	0.343798213	0.297349609	1.646637176	0.069762274	0.098863842	0.299434771	0.880974753	0.095397614	0.120341439	0.590204762	0.107869527	0.190330953	0.246163487	4.225480439	4.261758385	0.366111897	0.638172681	0.772853186	1.083576865	0.184036388	0.160581359	0.508384766	0.481214114	0.21824722	4.243619412	0.502142289	0.928215025	0.172308873	0.49479944
56.j.01	0.175859927	0.130292482	0.649762833	0.804990309	3.382545364	3.277604636	0.221370113	0.16102096	1.126392347	1.116029121	0.101978779	0.087422114	0.080562255	0.043219275	0.153076205	0.727376571	3.330075	0.191195536	1.121210734	0.094700446	0.061890765	0.349555342	1.097211397	32.8390762	29.15145086	0.72338337	30.99526353	0.127409576	0.312543688	0.098498109	0.153896981	0.447098365	0.591451164	0.968345984	1.216945849	0.267398844	0.188960178	0.559925661	0.67999224	0.219976632	0.126197545	0.519274764	1.092645917	0.228179511	0.61995895
024-10128-3F05	0.082398208	0.148062687	0.775959703	0.876807714	0.182322669	0.187452226	0.192297997	0.118584401	1.114599445	1.016760748	0.046152682	0.088856223	0.023570214	0.143964897	0.115230447	0.826383708	0.184887447	0.155441199	1.065680097	0.067504452	0.083767555	0.235412982	0.462512469	0.05730182	0.150799829	0.348962725	0.104050824	0.082297427	0.466575716	0.055828464	0.467848257	0.434204046	0.61157998	0.727455582	1.705578131	0.160651765	0.151299539	0.602407101	0.733009853	0.274436572	0.261838361	0.522892013	1.216516856	0.155975652	0.667708477
R95-2A04	0.051175518	0.078069417	0.524297096	0.651790891	0.019279891	0.633464587	0.421201512	0.408825943	0.706185133	0.842458906	0.779872639	1.022213743	1.33312388	2.006160184	0.064622468	0.588043994	0.326372239	0.415013728	0.774322019	0.901043191	1.669642032	0.385522832	0.810643615	0.093037077	0.095875782	0.598083223	0.09445643	0.087415586	0.100886827	0.035922414	0.124455865	0.469940553	0.502141719	0.759323171	0.800491653	0.338626494	0.568355325	0.637486247	0.618464274	0.094151207	0.080189139	0.486041136	0.779907412	0.453490909	0.62797526
019-10117-3G01	0.096517312	0.027761754	1.002699675	0.733068744	0.449265809	0.025561667	0.335293803	0.574678253	1.638086346	1.198325168	2.723844672	1.938681237	0.667793153	0.43189469	0.062139533	0.86788421	0.237413738	0.454986028	1.418205757	2.331262954	0.549843922	0.313633302	0.588173751	0.066880295	0.104346011	0.450903527	0.085613153	0.04927097	0.196587306	0.05025019	0.083777479	0.289750207	0.48079969	1.034639903	1.583646189	0.921971777	1.196615154	0.705665278	0.947988195	0.122929138	0.067013834	0.385274948	1.309143046	1.059293466	0.826826737
R95-2E02	0.045647859	0.086105974	0.393404695	0.44805051	0.051861745	0.257667072	0.136956852	0.195217925	0.538477404	0.43080285	0.025364706	0.026306971	0.014858745	0.009568332	0.065876917	0.420727602	0.154764409	0.166087388	0.484640127	0.025835839	0.012213538	0.345529641	0.423306866	0.074695957	0.086779343	0.384418254	0.08073765	0.069617847	0.069288968	0.03655158	0.054134901	0.180407644	0.307542485	0.48897473	0.744227171	0.06981821	0.037135907	0.665099511	0.659686615	0.069453408	0.04534324	0.243975065	0.616600951	0.053477058	0.662393063
C1-3E05	0.038195821	0.064777425	0.326582366	0.402469115	0.040815027	0.085205557	0.898205023	0.820968933	0.509914131	0.599162584	5.162901954	4.984026346	0.072111669	0.113115276	0.051486623	0.364525741	0.063010292	0.859586978	0.554538357	5.07346415	0.092613473	0.280637944	0.530215024	0.034731036	0.077180505	0.405426484	0.05595577	0.027345389	0.242290724	0.079682445	0.08604534	0.431160906	0.665735734	0.877729045	0.790021859	5.807899834	6.01054284	0.509230085	0.92871259	0.134818056	0.082863892	0.54844832	0.833875452	5.909221337	0.718971338
W85-3G10	0.144519909	0.020643355	1.32793219	1.346723576	0.170327301	0.209081329	0.454799298	0.427324855	1.959486414	1.82262744	0.048349113	0.126138555	0.05015549	0.022939462	0.082581632	1.337327883	0.189704315	0.441062077	1.891056927	0.087243834	0.036547476	0.289336963	0.788002012	0.089121148	0.203340945	0.538669488	0.146231046	0.199693298	0.240149266	0.110087588	0.081873445	0.455386874	1.096368989	0.77643121	1.437107499	0.286097176	0.044129032	0.306999956	0.213794541	0.219921282	0.095980516	0.775877932	1.106769354	0.165113104	0.260397248
K77-2C09	0.078028606	0.17890908	0.256600431	1.111581364	0.069482725	0.164730744	1.37617841	2.204453617	0.162762769	0.87756136	2.588692074	8.120920291	1.104853788	0.695830334	0.128468843	0.684090897	0.117106734	1.790316014	0.520162065	5.354806182	0.900342061	0.454366194	0.521514059	0.472342083	0.052868646	0.487940127	0.262605364	0.082036166	0.102257107	0.079682445	0.029051868	0.73413884	0.741017443	0.571052632	0.235357556	7.131830412	5.981619147	0.833285594	1.062076105	0.092146636	0.054367156	0.737578141	0.403205094	6.556724779	0.947680849
W85-1E02	0.257588412	0.190897832	1.474679584	1.392341606	0.510656168	0.905594527	0.364770181	0.280215599	2.765006082	2.239138522	0.110498388	0.07788452	0.066557457	0.101453907	0.224243122	1.433510595	0.708125348	0.32249289	2.502072302	0.094191454	0.084005682	0.314922776	1.141949165	0.086650341	0.122318204	0.728435971	0.104484272	0.270069555	0.717017093	0.159759357	0.263749455	0.581496111	0.898351325	1.036564183	1.954308275	0.368130585	0.242709677	0.540398083	0.95189474	0.493543324	0.211754406	0.739923718	1.495436229	0.305420131	0.746146412
017-10-5E01	0.256684268	0.599137383	2.728658133	2.539834163	10.2892651	9.314948918	0.400069352	0.455245305	3.042388961	2.436763405	0.076387635	0.157987492	0.055175607	0.173379651	0.427910825	2.634246148	9.80210701	0.427657329	2.739576183	0.117187564	0.114277629	0.302622172	0.822721566	0.155272052	0.174336792	0.562671869	0.164804422	0.349806308	0.571302464	1.972513682	1.706414959	0.33961055	0.648478901	6.734447627	3.269855929	0.235860452	0.288	0.535205734	0.510106272	0.460554386	1.83946432	0.494044726	5.002151778	0.261930226	0.522656003
C8-A06	0.092242546	0.126203432	0.664629199	0.80777416	0.178123645	0.39668944	0.209603897	0.126547554	1.013947195	0.952035486	0.054033421	0.064579044	0.040357562	0.055612695	0.109222989	0.73620168	0.287406542	0.168075725	0.982991341	0.059306232	0.047985129	0.397640625	0.805427118	0.085243441	0.077397792	0.601533872	0.081320617	0.07531393	0.151326935	0.069525653	0.060563918	0.279300599	0.351867934	0.564697974	0.639050964	0.147815427	0.051987627	0.539928602	0.620882775	0.113320433	0.065044786	0.315584267	0.601874469	0.099901527	0.580405689
C1-2-2D06	0.025016805	0.035584126	0.411344202	0.297087008	0.044553808	0.294877132	0.117658002	0.092075521	0.466752267	0.453810737	0.014491406	0.031061744	0.026239106	0.034599298	0.030300466	0.354215605	0.16971547	0.104866761	0.460281502	0.022776575	0.030419202	0.254403192	0.399117902	0.060947366	0.070806222	0.326760547	0.065876794	0.0505545	0.152937164	0.040176022	0.071100623	0.164512905	0.332482826	0.565187479	1.184013668	0.133992851	0.102193548	0.466826663	0.680766826	0.101745832	0.055638323	0.248497866	0.874600573	0.1180932	0.573796745
045-09-1G05	0.897328974	0.452863608	3.399955708	1.328687099	0.243189536	0.046330522	3.211082958	2.083208668	1.017267309	0.691079571	0.036981315	0.043923247	0.322249022	0.22365975	0.675096291	2.364321403	0.144760029	2.647145813	0.85417344	0.040452281	0.272954386	0.282593609	0.447012051	3.110545424	1.850402602	0.36480283	2.480474013	2.103830698	1.243125611	5.731995207	6.622116875	2.351274165	2.094464007	16.67105263	5.436298051	0.056111962	0.114216319	0.537603609	0.645575671	1.673478155	6.177056041	2.222869086	11.05367534	0.085164141	0.59158964
R95-1E04	0.091346204	0.091243631	0.602849351	1.06711811	0.108084238	0.271805727	0.129473219	0.195755481	0.856135896	1.105727314	0.032025057	0.032796024	0.026577239	0.07753538	0.091294917	0.83498373	0.189944983	0.16261435	0.980931605	0.03241054	0.052056309	0.33922332	0.723015272	0.088877721	0.111537227	0.531119296	0.100207474	0.130618866	0.182797163	0.062979252	0.0342003	0.373616723	0.673638009	0.665028838	0.749105694	0.195267058	0.135180073	0.452436852	0.535839481	0.156708014	0.048589776	0.523627366	0.707067266	0.165223566	0.494138167
SFV015-1F04	0.474220368	0.306701279	1.378481384	1.965117054	0.007540761	1.129582243	0.338532777	0.491278235	2.278678771	2.18136681	0.136458187	0.200791985	0.059953306	0.085203714	0.390460824	1.671799219	0.568561502	0.414905506	2.23002279	0.168625086	0.07257851	0.494979932	0.871832014	0.094996173	0.11248648	0.683405973	0.103741327	0.337795976	0.093234421	0.05356803	0.079465402	0.396593611	0.574288518	1.503611971	1.1444838	0.248495833	0.142770398	0.630215996	0.553350575	0.215515198	0.066516716	0.485441065	1.324047886	0.195633116	0.591783286
042-10-4C01	0.092939832	0.111966278	0.498422826	0.65093763	0.113318684	0.352480154	0.173163112	0.170283093	0.796344544	0.813865516	0.037949413	0.052126131	0.035430521	0.04621314	0.102453055	0.574680228	0.232899419	0.171723102	0.80510503	0.045037772	0.040821831	0.282078641	0.596147813	0.063213067	0.045576419	0.439113227	0.054394743	0.133715336	0.254204681	0.084245756	0.059824941	0.462013115	0.575319557	0.897248628	1.012981173	0.189655961	0.054032316	0.543287524	0.622064067	0.193960008	0.072035349	0.518666336	0.955114901	0.121844138	0.582675795
01.h.02	0.089909505	0.155465821	0.68004394	0.810687788	5.792514544	6.148433002	0.240500863	0.200681295	1.162782583	0.867877924	0.066048934	0.101780765	0.031827064	0.100775428	0.122687663	0.745365864	5.970473773	0.220591079	1.015330254	0.083914849	0.066301246	0.267892207	0.724325082	2.653852627	2.781389193	0.496108645	2.71762091	0.109519314	0.15898322	0.078277464	0.049574747	0.398902356	0.453108372	0.584957356	0.655978215	0.188406161	0.092630482	0.638082672	0.543705015	0.134251267	0.063926105	0.426005364	0.620467785	0.140518322	0.590893843
K77-2D02	0.027140385	0.054275788	0.200817728	0.337221313	0.009062964	0.016658165	0.151579071	0.196171603	0.268912402	0.408213936	1.549999478	2.353101579	0.224173232	0.271407337	0.040708087	0.269019521	0.012860565	0.173875337	0.338563169	1.951550529	0.247790285	0.111843986	0.286546186	0.019378137	0.079077034	0.199195086	0.049227586	0.054556071	0.168907959	0.015700974	0.023435893	0.214403673	0.281807005	0.440713854	0.804648694	1.023974209	0.952793381	0.484372907	0.757685732	0.111732015	0.019568434	0.248105339	0.622681274	0.988383795	0.62102932
W85-2A08	0.15083354	0.103748822	0.533600059	0.651048621	0.020350589	0.427960283	0.343948635	0.752695915	0.753203443	1.15620971	2.37856393	4.350665515	5.1775575	18.09568783	0.127291181	0.59232434	0.224155436	0.548322275	0.954706576	3.364614722	11.63662267	0.194728369	0.713007503	0.049074502	0.123910889	0.453867936	0.086492695	0.238700549	0.288355052	0.08527887	0.138555061	0.427926128	0.647915251	1.012233762	0.757224859	4.322497754	8.73932648	6.131198351	9.803223657	0.263527801	0.111916966	0.537920689	0.88472931	6.530912117	7.967211004
01.m.01	0.100664892	0.074892173	0.652886079	0.979096376	0.147739718	0.350531699	0.149046854	0.092279454	0.983798173	1.089808759	0.053010759	0.021791378	0.013197912	0.020805558	0.087778532	0.815991227	0.249135709	0.120663154	1.036803466	0.037401069	0.017001735	0.291558564	1.320288757	0.065627054	0.133844673	0.80592366	0.099735863	0.097056872	0.230619533	0.058358973	0.096493703	0.273270997	0.574288518	0.890091426	0.897534171	0.180071981	0.130986175	0.640808358	0.671925699	0.163838202	0.077426338	0.423779757	0.893812798	0.155529078	0.656367029
K77-1G08	0.084030807	0.056497604	0.297595766	0.548477647	0.143899134	0.026010117	0.038000982	0.069614325	0.364049271	0.609674208	0.061270818	0.073975995	0.259324656	0.674903106	0.070264206	0.423036706	0.084954626	0.053807653	0.48686174	0.067623406	0.467113881	0.358710153	0.474767701	0.049720219	0.129580014	0.416738927	0.089650117	0.097556521	0.069288968	0.008614318	0.014764064	0.209753954	0.32009524	1.028923661	0.465141982	0.282076351	0.392579588	0.675636968	0.94240945	0.083422745	0.011689191	0.264924597	0.747032821	0.337327969	0.809023209
C6-2-D02	0.134537745	0.13819505	1.17036807	1.375744556	0.284659752	0.635252303	0.350177047	0.295150253	1.928481823	1.622746754	0.081748171	0.126115122	0.093621821	0.072129542	0.136366397	1.273056313	0.459956027	0.32266365	1.775614289	0.103931646	0.082875682	0.297226143	0.741935825	0.059095524	0.108217789	0.519580984	0.083656657	0.121697193	0.202753328	0.072283968	0.159517266	0.383914655	0.730398927	0.818691606	1.127767016	0.239478909	0.130161647	0.498014869	0.713525035	0.162225261	0.115900617	0.557156791	0.973229311	0.184820278	0.605769952
W85-2A10	0.157345759	0.110623171	0.964017215	0.705928413	0.288257689	0.325657591	0.269848806	0.150542306	1.189512129	0.75242513	0.06079864	0.050696144	0.068588783	0.041658763	0.133984465	0.834972814	0.30695764	0.210195556	0.970968629	0.055747392	0.055123773	0.283505366	0.731773847	0.069224333	0.086261179	0.507639606	0.077742756	0.13493576	0.260486231	0.124105117	0.104739002	0.372488827	0.618971081	0.678835006	0.697141545	0.177238658	0.113701831	0.395416454	0.445565799	0.197710995	0.11442206	0.495729954	0.687988275	0.145470245	0.420491126
009-10-1G06	3.360731597	4.271234485	7.836760624	6.099785666	0.146831418	0.085147986	0.520405897	0.542555574	0.968495049	0.870338189	0.062725012	0.185189905	0.259847275	0.059349516	3.815983041	6.968273145	0.115989702	0.531480736	0.919416619	0.123957458	0.159598395	0.169113875	0.428737973	10.30256453	7.573682887	0.298925924	8.938123711	5.394759229	5.352980876	17.2608278	19.01354053	0.985429437	1.162105623	0.784838112	1.776039348	0.219201609	0.124642426	0.67553234	0.818076793	5.373870053	18.13718417	1.07376753	1.28043873	0.171922017	0.746804567
K77-2A03	0.133763325	0.306284566	1.539602585	1.671902949	0.363957129	0.91049547	0.401931472	0.319166545	2.511197013	2.043191776	0.126793081	0.084027081	0.10522417	0.087519033	0.220023945	1.605752767	0.637226299	0.360549009	2.277194394	0.105410081	0.096371601	0.44934002	0.727751407	0.07942035	0.105037045	0.588545713	0.092228697	0.138041625	0.788015218	0.072786848	0.366348974	0.393288664	0.622957037	0.951754386	1.401507704	0.338695042	0.14809404	0.70508781	1.116079974	0.463028421	0.219567911	0.50812285	1.176631045	0.243394541	0.910583892
C6-2-C01	6.772883039	11.00032797	0.607945636	0.517045659	0.04489653	0.58447735	0.217365616	0.091569612	0.666075333	0.622731042	0.063721651	0.074331648	0.099153545	0.04301149	8.886605507	0.562495647	0.31468694	0.154467614	0.644403188	0.06902665	0.071082518	0.299216762	1.078994605	0.921643089	0.893297808	0.689105684	0.907470448	13.99823461	12.67988123	0.025296014	0.211253704	0.349589924	0.489208738	0.574074074	1.231026557	0.151858565	0.047942652	0.423256175	0.319372091	13.33905792	0.118274859	0.419399331	0.902550315	0.099900609	0.371314133
039-10-4D04	0.109769057	0.133432191	0.539295821	0.861630806	0.078904111	0.695734314	0.171050424	0.314781198	1.026233054	1.194267862	0.026325682	0.079830705	0.032771087	0.061641793	0.121600624	0.700463313	0.387319213	0.242915811	1.110250458	0.053078194	0.04720644	0.262470844	0.892792663	0.06305979	0.110793207	0.577631754	0.086926499	0.085155732	0.332541888	0.086807185	0.114043458	0.325517442	0.570010764	0.790357188	0.874080854	0.204696208	0.127456479	0.457322207	0.58100093	0.20884881	0.100425322	0.447764103	0.832219021	0.166076343	0.519161568
024-10128-4B04	0.098193302	0.268363619	0.671053374	0.5451024	0.153018135	0.171066542	0.147926294	0.305232039	0.620875957	0.567039648	0.034903713	0.090098968	9.229356807	10.00160524	0.183278461	0.608077887	0.162042338	0.226579166	0.593957803	0.062501341	9.615481024	0.349984771	0.914936946	0.079149214	0.09275201	0.632460859	0.085950612	0.22479661	0.462287336	0.070891855	0.262677303	0.350834016	0.4067877	0.697727415	0.506672516	0.14547176	0.060677419	7.793147834	4.311523234	0.343541973	0.166784579	0.378810858	0.602199965	0.10307459	6.052335534
008-10053-6F06	0.035900486	0.130235286	0.371046632	0.349412524	0.223780042	0.010901299	0.150755068	0.128377005	0.780955635	0.696886962	0.077782297	0.093013934	0.272323117	0.065782279	0.083067886	0.360229578	0.117340671	0.139566037	0.738921299	0.085398116	0.169052698	0.386550344	0.978628077	0.169197164	0.179215748	0.682589211	0.174206456	0.066968298	0.279446418	0.089439479	0.104202566	0.240788978	0.38918726	0.631265664	1.205964335	0.186371875	0.064187683	0.952326393	0.997707856	0.173207358	0.096821022	0.314988119	0.918615	0.125279779	0.975017125
W85-1C02	0.030916995	0.017501975	0.57614059	0.462152035	0.312016763	0.016114964	0.060586471	0.063258234	0.94586666	0.595215531	0.029305948	0.00509255	0.522894639	0.343593239	0.024209485	0.519146312	0.164065864	0.061922353	0.770541096	0.017199249	0.433243939	0.302910796	0.883517408	0.04498496	0.084725394	0.593214102	0.064855177	0.276244231	0.288704035	0.056916032	0.034449482	0.385262365	0.495833803	1.068295739	0.837255567	0.141997619	0.047746166	1.190407992	1.310805871	0.282474133	0.045682757	0.440548084	0.952775653	0.094871893	1.250606931
150055-008-3F01	0.355665276	0.157698209	1.086076242	1.40845667	1.085869556	0.659135257	0.716892939	0.261807275	2.38466383	1.79945314	0.048161713	0.130411289	1.828575843	2.312687933	0.256681743	1.247266456	0.872502406	0.489350107	2.092058485	0.089286501	2.070631888	0.660896283	1.149922304	0.20038755	0.131022296	0.905409294	0.165704923	0.273453885	0.417335026	0.417384234	0.143794538	1.448301113	0.678850853	1.722222222	1.219420239	0.414159722	0.288260233	3.491863442	4.391671234	0.345394456	0.280589386	1.063575983	1.470821231	0.351209978	3.941767338
019-10117-4G04	0.014862592	0.029012283	0.427667385	0.642163558	0.006617402	0.140243741	0.087376407	0.10009411	0.790562023	0.782689862	0.0352203	0.075975346	0.140298894	0.233734514	0.021937437	0.534915471	0.073430572	0.093735259	0.786625942	0.055597823	0.187016704	0.160364539	1.427955162	0.037046438	0.176228819	0.794159851	0.106637629	0.104929979	0.179631651	0.083388605	0.144097263	0.298777435	0.442202159	0.852152183	1.009291651	0.126415031	0.043687742	0.542604573	1.113156908	0.142280815	0.113742934	0.370489797	0.930721917	0.085051387	0.82788074
150055-037-2G02	0.047495673	0.13418181	0.312383133	0.416843012	0.042293832	0.247096116	0.335069526	0.396801651	0.29721897	0.526536816	0.810373171	0.468514632	20.23163422	19.38384502	0.090838742	0.364613072	0.144694974	0.365935589	0.411877893	0.639443902	19.80773962	0.170387323	0.62085007	0.118085521	0.440572048	0.395618697	0.279328784	0.28712658	0.316997031	0.119523667	0.180121579	0.36706942	0.229715407	0.856578947	0.243202808	2.739666561	1.650425806	31.74818113	24.6148781	0.302061805	0.149822623	0.298392414	0.549890877	2.195046184	28.18152962
C7-3-C02	0.716027212	0.402545429	1.358472869	0.657605785	0.032697753	0.217274171	6.540895033	3.338606995	0.6893482	0.367667949	0.060910402	0.078758925	0.054159499	0.030849621	0.559286321	1.008039327	0.124985962	4.939751014	0.528508074	0.069834663	0.04250456	0.810491049	1.282411621	0.638300112	0.650024333	1.046451335	0.644162223	1.067043832	0.746226532	5.126423008	2.869733631	6.358625118	5.677993824	0.732118758	0.975559284	0.091230988	0.060334609	0.815804078	1.275519971	0.906635182	3.99807832	6.018309471	0.853839021	0.075782798	1.045662024
R95-2H10	0.036052821	0.053672724	0.308259263	0.416843012	0.13162734	0.311958846	0.059346748	0.132267217	0.428662343	0.388320902	0.017087076	0.023425732	0.01701645	0.011182988	0.044862773	0.362551137	0.221793093	0.095806982	0.408491622	0.020256404	0.014099719	0.42980586	0.724727709	0.119149354	0.102857287	0.577266784	0.111003321	0.08338841	0.075475484	0.028458016	0.018012158	0.172874138	0.236278705	0.721659919	0.736557074	0.081239022	0.031898986	0.636410426	0.582335606	0.079431947	0.023235087	0.204576421	0.729108497	0.056569004	0.609373016
024-10128-3G04	0.08541403	0.073233878	0.428723353	0.593458722	0.046536269	0.18720747	0.183018514	0.229864751	0.538021377	0.670223703	0.264728387	0.307857011	1.007857022	1.952036982	0.079323954	0.511091038	0.11687187	0.206441632	0.60412254	0.286292699	1.479947002	0.222446713	0.39398615	0.059764347	0.060302271	0.308216432	0.060033309	0.090758402	0.11564825	0.070218246	0.051000937	0.294338643	0.346793339	0.586185891	0.5648026	0.1699483	0.168106022	0.664872509	0.589909176	0.103203326	0.060609592	0.320565991	0.575494245	0.169027161	0.627390843
C1-2-B02	0.066572883	0.082948755	0.562246373	0.629053999	0.010778484	0.386368472	0.07471772	0.086574906	0.789016195	0.804165319	0.065972208	0.068147583	0.714125255	0.731977364	0.074760819	0.595650186	0.198573478	0.080646313	0.796590757	0.067059895	0.72305131	0.393414632	0.712679984	0.103684847	0.080747932	0.553047308	0.09221639	0.163182246	0.264720327	0.041786454	0.091008798	0.320510111	0.51021001	0.705640684	0.957451053	0.246923075	0.079710968	1.735886084	2.211460721	0.213951287	0.066397626	0.41536006	0.831545868	0.163317021	1.973673402
R95-2G10	0.00548945	0.142074857	0.370071978	0.17164124	0.009776464	0.087210394	3.556395396	3.687921227	0.229012942	0.588482324	4.28760255	3.8928054	7.759885985	12.32321369	0.073782154	0.270856609	0.048493429	3.622158312	0.408747633	4.090203975	10.04154984	0.272619717	0.206950023	0.1133621	0.08811441	0.23978487	0.100738255	0.06032071	0.209509532	0.064449036	0.085402473	0.562942598	0.732712937	0.461880805	0.712835815	0.588350429	1.439519466	0.845539794	1.175869973	0.134915121	0.074925754	0.647827767	0.58735831	1.013934947	1.010704883
K77-2F02	0.236194701	0.103712578	0.995193563	1.078513032	0.230044156	0.550301393	0.173572052	0.226991337	1.662819644	1.445102135	0.076961116	0.052170843	0.08709433	0.046880646	0.169953639	1.036853297	0.390172774	0.200281695	1.553960889	0.06456598	0.066987488	0.340774646	0.639422508	0.05744701	0.056483596	0.490098577	0.056965303	0.066968298	0.377377418	0.105701202	0.120617129	0.299648506	0.519594374	1.670426065	1.092964998	0.106498214	0.104018433	0.425145711	0.779247165	0.222172858	0.113159165	0.40962144	1.381695532	0.105258324	0.602196438
3C11	0.03225592	0.066586462	0.664736549	0.470123697	0.089999277	0.01672079	13.49160525	11.76680986	0.654895867	1.532103367	0.030575103	0.110963992	0.040598302	0.013453218	0.049421191	0.567430123	0.053360033	12.62920755	1.093499617	0.070769548	0.02702576	0.340774646	0.507968239	0.127457387	0.080104009	0.424371443	0.103780698	0.07790256	0.319660871	0.208471512	0.151362671	8.314955689	7.007285112	0.664014688	1.205795432	0.117987363	0.065266468	0.51676626	0.349137863	0.198781716	0.179917092	7.6611204	0.93490506	0.091626915	0.432952062
W85-1F07	0.046928899	0.008474641	0.42868807	0.605519322	0.090543121	0.16386374	0.110357028	0.175428098	0.598221157	0.864628877	0.019770441	0.007397599	0.024610904	0.009417253	0.02770177	0.517103696	0.12720343	0.142892563	0.731425017	0.01358402	0.017014078	0.263146445	0.614027542	0.054711438	0.159767886	0.438586993	0.107239662	0.096513136	0.237364926	0.052496669	0.032630721	0.261575519	0.491058298	0.671826625	1.110273687	0.167807774	0.09145582	0.717605947	0.693024815	0.166939031	0.042563695	0.376316909	0.891050156	0.129631797	0.705315381
W85-2D05	0.069294061	0.080509086	0.499317629	0.656074653	0.188744117	0.463036634	0.119816528	0.12191587	0.969288731	0.975237755	0.054092073	0.042777423	0.250103718	0.160775704	0.074901573	0.577696141	0.325890376	0.120866199	0.972263243	0.048434748	0.205439711	0.249966502	0.574455024	0.062257123	0.070036589	0.412210763	0.066146856	0.122856093	0.152957701	0.06672282	0.049885962	0.293858197	0.294354676	0.616111535	0.883720689	0.148457253	0.066682422	0.598462762	0.484011471	0.137906897	0.058304391	0.294106437	0.749916112	0.107569838	0.541237116
AG2-B01	0.136550061	0.268363619	1.197468677	1.875793552	1.013289733	2.84160533	1.55202343	0.198400826	2.088788874	3.290855101	0.129434604	0.351385974	0.268540851	0.07455325	0.20245684	1.536631114	1.927447532	0.875212128	2.689821987	0.240410289	0.171547051	0.973641845	0.819522093	0.02249248	0.079302969	0.896581969	0.050897724	0.298313329	0.234812615	0.072438586	0.100067544	0.238356766	1.914295061	1.211323764	3.2427041	0.19766714	2.049548387	1.060545302	3.135653261	0.266562972	0.086253065	1.076325913	2.227013932	1.123607764	2.098099281
R95-1B02	0.135015791	0.333141045	1.170559268	0.948677199	0.311501203	0.77537057	0.389659505	0.428728221	1.728211428	1.162012284	0.05235557	0.080778385	0.050690857	0.113115276	0.234078418	1.059618234	0.543435887	0.409193863	1.445111856	0.066566977	0.081903067	0.35079743	0.820992527	0.090300692	0.139128015	0.585894978	0.114714354	0.050483794	0.196236257	0.055164769	0.025731654	0.35496823	0.541472031	0.937112011	1.111784263	0.073592997	0.12482212	0.499971356	0.627130652	0.123360026	0.040448212	0.448220131	1.024448137	0.099207558	0.563551004
037-10-5E04	0.005251925	0.150954536	3.972372053	3.126322587	25.85759508	38.96396874	0.240831222	0.099200413	1.555636469	1.036619357	0.089608572	0.021961623	0.074365159	0.083872406	0.078103231	3.54934732	32.41078191	0.170015817	1.296127913	0.055785098	0.079118783	0.278589491	0.823820286	0.089641563	0.076252854	0.551204889	0.082947209	0.16564995	0.365026884	6.397580887	5.862138662	0.275638209	0.313248283	9.828694332	3.891244921	0.072477951	0.317729032	0.299128162	0.570118775	0.265338417	6.129859774	0.294443246	6.859969626	0.195103492	0.434623468
01.g.01	0.019334522	0.016430426	0.238434029	0.301147808	0.00430424	0.063539001	0.090933323	0.051827154	0.312562132	0.322369479	0.036654047	0.031553026	0.034221135	0.03286429	0.017882474	0.269790918	0.03392162	0.071380239	0.317465806	0.034103537	0.033542712	0.3164336	0.361790329	0.03373872	0.095087492	0.339111964	0.064413106	0.035411295	0.081836743	0.0535038	0.01436049	0.183597586	0.187068925	0.616243847	0.756200074	0.083427858	0.044229554	0.571510024	0.551774976	0.058624019	0.033932145	0.185333255	0.68622196	0.063828706	0.5616425
AG8-2D02	0.138560425	0.195173541	1.096436495	1.597898211	0.200500546	0.587789245	0.305471085	0.480971698	2.087713619	1.946590653	0.071533507	0.124227365	0.064230836	0.121996227	0.166866983	1.347167353	0.394144895	0.393221392	2.017152136	0.097880436	0.093113531	0.32583096	0.797648435	1.13313363	1.003687315	0.561739697	1.068410472	0.192213374	0.338130166	0.101280902	0.180121579	0.441671803	0.878023334	0.871591306	1.243036572	0.270377166	0.112185806	0.60231363	0.655003126	0.26517177	0.14070124	0.659847569	1.057313939	0.191281486	0.628658378
W85-3D10	0.105716176	0.059391949	0.521478295	0.246005712	0.596206604	0.018228402	0.124299985	0.078059341	0.367528834	0.401376425	0.033402478	0.028802129	0.582127265	0.894639001	0.082554063	0.383742003	0.307217503	0.101179663	0.38445263	0.031102304	0.738383133	0.302910796	0.561976357	0.209929815	0.091152838	0.432443577	0.150541326	0.1472444	0.092247813	0.143019772	0.050033772	0.295806859	0.255239341	0.292847503	0.727034848	0.044601816	0.030820276	1.02558227	1.07425158	0.119746106	0.096526772	0.2755231	0.509941176	0.037711046	1.049916925
R95-1G10	0.0395638	0.05963636	0.487902228	0.573159141	0.13113641	0.312302035	0.700364975	0.609898834	0.687730011	0.731301133	1.631344784	1.480376095	3.135606173	4.489762393	0.04960008	0.530530684	0.221719222	0.655131905	0.709515572	1.555860439	3.812684283	0.215226092	0.510075991	0.055244688	0.093233089	0.362651042	0.074238889	0.087008054	0.092043273	0.050304574	0.084726178	0.823655048	0.660331746	0.730639731	0.940610162	0.770901846	0.916715297	1.586609439	1.775413432	0.089525663	0.067515376	0.741993397	0.835624946	0.843808572	1.681011436
220-14-IgG-1A03	32.58678643	34.88653928	1.548514142	1.206232366	0.146062765	0.482746362	0.716343736	0.456267838	1.494291901	1.028683643	0.411440742	0.32553469	0.197496847	0.026814793	33.73666286	1.377373254	0.314404564	0.586305787	1.261487772	0.368487716	0.11215582	0.361484707	0.628669341	0.123957176	0.129841133	0.495077024	0.126899155	45.56299315	22.10473619	0.776082812	1.307693816	1.369543172	0.928107141	0.891882635	3.614159369	0.622587174	0.411779886	0.531422917	0.524226861	33.83386467	1.041888314	1.148825157	2.253021002	0.51718353	0.527824889
220-14-IgG-1E01	0.270396161	0.238545439	1.618361133	1.343160815	0.712713888	0.768743471	0.381514807	0.323319864	2.391484651	1.813626811	0.102522458	0.130142953	0.1020987	0.033134778	0.2544708	1.480760974	0.740728679	0.352417335	2.102555731	0.116332706	0.067616739	0.34982176	1.169508272	0.058520258	0.153687924	0.759665016	0.106104091	0.19654498	0.528328385	0.12450382	0.242471356	0.436987405	0.618464558	1.031067251	1.122474496	0.452987196	0.186699752	0.295121981	0.301505121	0.362436682	0.183487588	0.527725981	1.076770874	0.319843474	0.298313551
037-102909-2G04	0.164502662	0.152696051	1.18972035	1.281691272	0.36564262	0.525093499	0.348308057	0.283822132	2.064214887	1.998021338	0.110856931	0.118371833	0.32452372	0.22912997	0.158599357	1.235705811	0.44536806	0.316065094	2.031118112	0.114614382	0.276826845	0.307108487	0.809560007	0.089949811	0.085374964	0.558334247	0.087662387	0.214244497	0.332447798	0.135452589	0.103604235	0.541814583	0.756166448	0.811657587	1.093822745	0.286607967	0.158106096	0.57926406	0.955037844	0.273346148	0.119528412	0.648990515	0.952740166	0.222357032	0.767150952
C1-2-C06	5.004718525	6.295333098	0.284050709	0.384259596	0.058817934	0.235773652	0.310653607	0.258830187	0.620012596	0.625883385	0.175790252	0.178060817	0.116908947	0.033759962	5.650025811	0.334155152	0.147295793	0.284741897	0.622947991	0.176925535	0.075334455	0.389456738	0.587957351	0.302626096	0.242168742	0.488707045	0.272397419	8.388333754	7.028683732	0.076516255	0.153056679	0.446248065	0.363021758	0.655512955	1.003054066	0.244793081	0.199197994	0.482864169	0.666123232	7.708508743	0.114786467	0.404634911	0.82928351	0.221995538	0.5744937
C3-2-3F02	0.038288715	0.03285021	0.319924571	0.288334415	0.047315847	0.077777663	0.101064127	0.057053087	0.402599182	0.372395209	0.021479848	0.024123648	0.028582889	0.008691441	0.035569463	0.304129493	0.062546755	0.079058607	0.387497196	0.022801748	0.018637165	0.184757338	0.3561153	0.068290422	0.065799721	0.270436319	0.067045072	0.061663721	0.125838805	0.056103719	0.066895982	0.193588331	0.319401717	0.63208807	0.980873202	0.112544259	0.081648191	0.899092163	0.935498763	0.093751263	0.061499851	0.256495024	0.806480636	0.097096225	0.917295463
K77-1C04	0.075185459	0.166466155	0.672667121	0.930844921	0.214636918	0.872267867	0.223605777	0.244644627	1.088599575	1.146108333	0.044018246	0.116247991	0.046967469	0.073992699	0.120825807	0.801756021	0.543452393	0.234125202	1.117353954	0.080133119	0.060480084	0.379318277	1.055294793	0.076320983	0.140812374	0.717306535	0.108566678	0.150871109	0.144301145	0.074797697	0.18250204	0.452055936	0.493331546	0.853297036	0.926741976	0.198273016	0.126166264	0.632147692	0.694125887	0.147586127	0.128649869	0.472693741	0.890019506	0.16221964	0.66313679
K77-1C11	0.109500765	0.107913413	0.60873706	0.716793538	0.241448322	0.201337576	0.288154461	0.197351086	0.913646858	0.796769997	0.056840017	0.064451748	0.046145445	0.05049109	0.108707089	0.662765299	0.221392949	0.242752773	0.855208428	0.060645883	0.048318267	0.392837439	0.804203923	0.075443527	0.130936366	0.598520681	0.103189946	0.073246576	0.247520568	0.083002546	0.058197602	0.287163152	0.456461956	0.821454678	0.931164223	0.245907335	0.109787899	0.674564529	0.782646896	0.160383572	0.070600074	0.371812554	0.876309451	0.177847617	0.728605712
01.z.01	0.133153294	0.120013544	0.974060342	0.85828235	1.490594569	2.451776675	5.131342517	5.234824266	1.139339386	1.044897595	0.041213008	0.061110604	0.083367906	0.136140718	0.126583419	0.916171346	1.971185622	5.183083391	1.09211849	0.051161806	0.109754312	0.463188839	0.745020084	0.142161209	0.15681378	0.604104462	0.149487495	0.192916097	0.202258094	0.445712304	0.257776857	2.760802618	3.279300447	9.043839622	5.390487988	0.12509893	0.159780253	0.745771582	0.81897205	0.197587095	0.351744581	3.020051532	7.217163805	0.142439591	0.782371816
028-10134-4F05	0.243028424	0.253658764	1.537872694	1.418979293	0.384731311	0.65666639	1.495137952	1.119741645	2.053371207	1.954677769	0.937746432	0.810273593	5.05460263	7.579920849	0.248343594	1.478425993	0.52069885	1.307439799	2.004024488	0.874010013	6.31726174	0.413978088	0.891525558	0.103565375	0.075219618	0.652751823	0.089392497	0.223101187	0.267843359	0.117379238	0.203201224	1.280509268	1.932424874	0.997589583	1.171980103	0.997855081	1.479244496	6.066696818	9.786906627	0.245472273	0.160290231	1.606467071	1.084784843	1.238549789	7.926801723
AG10-3A02	0.279974496	0.216766859	1.507111607	1.451984895	0.351706606	0.571206792	2.271026787	1.786575965	2.342989309	2.046434865	3.692489838	2.671483452	0.156331333	0.124638028	0.248370678	1.479548251	0.461456699	2.028801376	2.194712087	3.181986645	0.140484681	0.281838011	0.988340272	0.083262074	0.090735662	0.635089142	0.086998868	0.256542502	0.424100336	0.26684786	0.180530018	2.337398207	2.758668474	0.899557821	1.041194786	3.712359571	5.112203292	0.392820747	0.62641962	0.340321419	0.223688939	2.54803334	0.970376304	4.412281431	0.509620183
C6-G03	0.099490026	0.129175026	0.958629296	1.185202891	0.13466233	0.307026144	0.259694141	0.28427581	1.290836244	1.414576521	0.056583433	0.110135902	0.051653759	0.040058463	0.114332526	1.071916094	0.220844237	0.271984975	1.352706382	0.083359668	0.045856111	0.444269168	1.002520196	0.082222511	0.122782374	0.723394682	0.102502442	0.116254459	0.236146778	0.102266239	0.05799369	0.370154037	0.617795224	0.427526034	0.810676025	0.160459208	0.099290323	0.458975488	0.463221504	0.176200619	0.080129965	0.493974631	0.61910103	0.129874765	0.461098496
R95-2A08	0.017068758	0.060761574	0.39291941	0.353923312	0.007599673	0.027973145	0.180623416	0.074868236	0.409450092	0.536471473	0.040448314	0.039779544	0.795552272	1.164718699	0.038915166	0.373421361	0.017786409	0.127745826	0.472960782	0.040113929	0.980135486	0.325958357	0.598676854	0.143756286	0.23602074	0.462317605	0.189888513	0.100967588	0.124312561	0.018388256	0.10595387	0.290428552	0.517985722	0.863900135	1.23985745	0.086973542	0.057108159	0.589709805	0.830025863	0.112640075	0.062171063	0.404207137	1.051878793	0.072040851	0.709867834
K77-2G11	0.042482241	0.227392074	0.878143696	0.725497761	0.043233695	0.577186346	1.106039685	1.756831737	1.08870208	1.241983788	12.51776434	13.91059284	22.68633111	41.04412515	0.134937158	0.801820728	0.310210021	1.431435711	1.165342934	13.21417859	31.86522813	0.405245525	0.727433773	0.134043024	0.085089022	0.566339649	0.109566023	0.345772268	0.333969238	0.111950542	0.293980815	1.291460297	0.892676453	1.620342178	1.688558353	13.57074765	12.71144777	3.691248582	3.826146855	0.339870753	0.202965679	1.092068375	1.654450265	13.14109771	3.758697718
034-100809-1B02	0.048282895	0.032203634	0.734359244	0.950402066	0.150481923	0.859894482	0.205793162	0.222208925	1.05750838	1.137319523	0.045766932	0.112443512	0.092579829	0.03578556	0.040243264	0.842380655	0.505188203	0.214001043	1.097413951	0.079105222	0.064182695	0.375725892	0.904667245	0.115057687	0.075526637	0.640196568	0.095292162	0.116673658	0.352218923	0.024790094	0.040027018	0.484764694	0.561526551	0.854463938	0.64854082	0.204871009	0.107870968	0.407384068	0.313565326	0.23444629	0.032408556	0.523145623	0.751502379	0.156370988	0.360474697
C7-3-A05	0.173790987	0.175947009	0.77563312	0.919263065	0.420054653	0.265096495	0.437874949	0.278549503	1.087551232	1.234397569	0.070600693	0.111698853	0.087886097	0.124419993	0.174868998	0.847448093	0.342575574	0.358212226	1.1609744	0.091149773	0.106153045	0.218095773	1.18367677	0.264511566	0.086467411	0.700886272	0.175489489	0.191772855	0.454833885	0.196619019	0.167829818	0.422231986	0.636088595	1.161881978	1.2128224	0.169428977	0.07389586	0.670957232	0.802430953	0.32330337	0.182224418	0.52916029	1.187352189	0.121662418	0.736694092
K77-1B08	0.070477451	0.082152128	0.525617011	0.382815011	0.154655097	0.862315016	0.097664274	0.016195986	0.750808904	0.515791167	0.026244804	0.014342285	0.035640445	0.018257939	0.07631479	0.454216011	0.508485056	0.05693013	0.633300035	0.020293545	0.026949192	0.32992195	0.798235805	0.069196611	0.35403111	0.564078877	0.21161386	0.112799728	0.230296988	0.03486107	0.127008806	0.310261057	0.368133665	0.586915205	0.717136484	0.11958862	0.124466501	0.656212405	0.683411608	0.171548358	0.080934938	0.339197361	0.652025844	0.12202756	0.669812007
R95-1C09	0.056020538	0.153914429	0.672424719	0.75706047	0.20619147	0.285250663	0.757486236	0.624379069	0.923157041	1.084046386	7.407641934	7.470396911	0.881364845	1.32441656	0.104967483	0.714742594	0.245721066	0.690932652	1.003601713	7.439019422	1.102890703	0.326188961	0.769446972	0.086381626	0.102920519	0.547817967	0.094651073	0.107352014	0.212523072	0.09649046	0.064329135	0.413772449	0.477134446	0.97777892	1.18858515	0.88162633	1.029235023	0.585903933	0.760336975	0.159937543	0.080409798	0.445453447	1.083182035	0.955430677	0.673120454
AG9-4A02	0.080664294	0.118138332	0.860710007	0.96508219	0.126084127	0.598268041	0.216930977	0.288975115	1.031043969	1.476592376	0.235890244	0.267358893	0.029364404	0.068070359	0.099401313	0.912896099	0.362176084	0.252953046	1.253818172	0.251624569	0.048717381	0.437125861	0.761576086	0.075158471	0.108674439	0.599350974	0.091916455	0.137626462	0.351000172	0.083876257	0.130884192	0.374314211	0.612044511	0.835915859	0.807870918	0.637996703	0.69201652	0.666080261	0.851725886	0.244313317	0.107380225	0.493179361	0.821893388	0.665006611	0.758903073
R95-1A03	0.066829206	0.016472447	0.283166122	0.26545757	0.068665281	0.174420788	0.045332936	0.044652871	0.380673395	0.327233878	0.007309248	0.012581595	0.021230524	0.018304634	0.041650827	0.274311846	0.121543034	0.044992904	0.353953636	0.009945422	0.019767579	0.158499835	0.482689069	0.052726558	0.096801746	0.320594452	0.074764152	0.03089228	0.123826965	0.026671948	0.023453331	0.127256583	0.260224485	0.561495265	0.820176135	0.049127314	0.040451613	0.596200153	0.592017868	0.077359623	0.025062639	0.193740534	0.6908357	0.044789464	0.594109011
236-14-IgG-1F03	0.090781204	0.123860132	5.781683944	4.194081993	0.070060143	0.513199625	0.281080946	0.207557787	0.814264713	0.777654375	0.037288639	0.086495009	0.032135636	0.055054708	0.107320668	4.987882969	0.291629884	0.244319366	0.795959544	0.061891824	0.043595172	0.306468473	0.469423224	0.050721297	0.064473958	0.387945849	0.057597628	0.175968814	0.234812615	31.98371476	21.48723079	0.256647588	0.568487624	0.695844596	0.761544145	0.136635171	0.156903226	0.563915327	0.522608877	0.205390715	26.73547277	0.412567606	0.728694371	0.146769198	0.543262102
W85-1G05	0.127111117	0.112048728	1.200227821	1.804887267	0.208448174	0.69543546	0.316669011	0.413164606	2.210423416	2.344988707	0.15388999	0.246332435	0.057915723	0.262857851	0.119579922	1.502557544	0.451941817	0.364916808	2.277706062	0.200111213	0.160386787	0.37485211	0.931275106	0.086910943	0.122213479	0.653063608	0.104562211	0.182043269	0.501094963	0.124680923	0.227473128	0.399815503	0.787426525	0.939569764	1.140796675	0.301871183	0.2151859	0.595034663	0.977871249	0.341569116	0.176077026	0.593621014	1.040183219	0.258528541	0.786452956
AG11-2C03	0.096388279	0.053672724	0.633954005	0.583580216	0.028610534	0.049419223	0.302219572	0.370348208	0.804239566	0.421229453	0.33500721	0.327960243	0.151646598	0.775353801	0.075030501	0.608767111	0.039014878	0.33628389	0.61273451	0.331483726	0.4635002	3.180563361	0.745020084	0.314894722	2.37908906	1.962791723	1.346991891	0.164072331	0.08128129	0.079682445	0.06927753	1.258523726	1.236929116	0.761403509	2.619107158	1.217629583	2.613796526	1.833228307	2.291438922	0.122676811	0.074479987	1.247726421	1.690255333	1.915713054	2.062333614
C2-3-D06	0.14030832	0.088277506	1.054651312	0.782494776	0.187412119	0.272022478	0.400648883	0.239009182	1.128886731	1.06231112	0.218495111	0.099662104	0.307466956	0.098096382	0.114292913	0.918573044	0.229717299	0.319829032	1.095598925	0.159078607	0.202781669	0.318646422	1.083289901	0.061343128	0.11729969	0.700968161	0.089321409	0.158315407	0.234686643	0.188721579	0.101463336	0.515185151	0.486789624	0.818174823	0.913315264	0.099180354	0.146875813	0.482428502	0.770455576	0.196501025	0.145092458	0.500987387	0.865745044	0.123028084	0.626442039
C3-2-3C01	0.030771845	0.026836362	0.404778144	0.70863312	0.155275948	0.024709612	0.084422838	0.211627547	0.80235168	0.947766269	0.072920903	0.023425732	0.01210325	0.0298213	0.028804103	0.556705632	0.08999278	0.148025193	0.875058975	0.048173318	0.020962275	0.38289286	0.563096575	0.042457715	0.06147517	0.472994718	0.051966442	0.083225096	0.129386543	0.01154818	0.018379753	0.098797152	0.140642086	1.255212306	1.141564199	0.088234028	0.07925214	0.77290258	0.383957542	0.106305819	0.014963967	0.119719619	1.198388252	0.083743084	0.578430061
K77-1G05	0.045516687	0.035870385	0.246977915	0.269297094	0.004053159	0.020183594	0.074925269	0.078574584	0.398768785	0.277604807	0.01294346	0.013916276	0.021483268	0.028787889	0.040693536	0.258137504	0.012118376	0.076749927	0.338186796	0.013429868	0.025135578	0.027537345	0.349228165	0.019084529	0.038550054	0.188382755	0.028817291	0.052587286	0.11013492	0.047673257	0.023127393	0.273397248	0.241166477	0.561291048	0.709035375	0.137522267	0.060127473	0.70508781	0.62286768	0.081361103	0.035400325	0.257281863	0.635163212	0.09882487	0.663977745
014-10-3C04	0.021631693	0.016101817	0.160057694	0.200084646	0.009631269	0.029651534	0.139888763	0.047616198	0.248172935	0.126368836	0.010252246	0.014055439	0.038287012	0.01789278	0.018866755	0.18007117	0.019641401	0.09375248	0.187270886	0.012153842	0.028089896	0.136309858	0.302035169	0.062978944	0.071444116	0.219172514	0.06721153	0.016973	0.182367158	0.005495341	0.009143227	0.209753954	0.250704632	0.840169389	0.543194088	0.029990876	0.029568692	0.701109258	0.787892571	0.099670079	0.007319284	0.230229293	0.691681738	0.029779784	0.744500915
039-10-5C05	0.036719344	0.01829752	0.460371361	0.345790225	0.008174438	0.589661185	0.124125896	0.105212559	0.459565466	0.47268646	0.008701486	0.047916269	0.02707975	0.003388784	0.027508432	0.403080793	0.298917812	0.114669227	0.466125963	0.028308878	0.015234267	0.220298761	0.378330512	0.047711322	0.04130363	0.299314636	0.044507476	0.075514462	0.140594664	0.086683831	0.054298605	0.228184218	0.331917272	0.692909051	0.915170648	0.120088991	0.092845282	0.550874995	0.694276658	0.108054563	0.070491218	0.280050745	0.804039849	0.106467136	0.622575826
R95-2G12	0.01477753	0.014697399	0.213077153	0.276486135	0.03036706	0.138333728	0.073510744	0.056341005	0.288095183	0.339632267	0.014007491	0.019957013	0.014083724	0.02540557	0.014737465	0.244781644	0.084350394	0.064925875	0.313863725	0.016982252	0.019744647	0.134172596	0.238099202	0.037030303	0.032702255	0.186135899	0.034866279	0.04582524	0.228466328	0.028800884	0.048681508	0.147034535	0.297122245	0.685930324	0.863886421	0.048583249	0.041232532	0.512931549	0.702192622	0.137145784	0.038741196	0.22207839	0.774908372	0.04490789	0.607562085
AG13-3F04	0.047374511	0.108901179	1.017237422	1.105540161	0.203485122	0.895275781	0.334214757	0.237697607	1.19165599	1.220954936	0.441134262	0.28518282	0.052612085	0.047541203	0.078137845	1.061388792	0.549380452	0.285956182	1.206305463	0.363158541	0.050076644	0.41573247	0.944391656	0.10826325	0.108591702	0.680062063	0.108427476	0.139636027	0.242817591	0.067814846	0.127358692	0.363722282	0.5423836	0.943654349	1.044052457	0.664329818	1.679354839	0.79073484	0.657220254	0.191226809	0.097586769	0.453052941	0.993853403	1.171842328	0.723977547
041-102909-3A03	0.037668982	0.084746406	0.670995379	0.551611805	0.016771692	0.295400619	0.199308597	0.101438016	1.296489646	0.965977317	0.035706098	0.031703998	0.059264188	0.026906436	0.061207694	0.611303592	0.156086156	0.150373307	1.131233481	0.033705048	0.043085312	0.398642038	0.758598105	0.098033262	0.062839119	0.578620072	0.080436191	0.092801092	0.171287187	0.111771755	0.047348498	0.34168065	0.30066803	0.861316186	1.185380606	0.169224538	0.079751263	0.791809841	0.719517369	0.13204414	0.079560127	0.32117434	1.023348396	0.124487901	0.755663605
16.p.01	0.107584897	0.05750649	1.197468677	1.250529035	0.198973257	0.317695006	0.301647187	0.283429751	1.795322668	1.466781131	0.101978779	0.050197996	0.097651219	0.063902786	0.082545693	1.223998856	0.258334131	0.292538469	1.631051899	0.076088387	0.080777002	0.52357429	0.745020084	0.093842798	0.158605937	0.634297187	0.126224368	0.191152231	0.435093964	0.023208479	0.052976935	0.621116078	0.810760261	1.644779424	0.5722419	0.396869559	0.057108159	0.453048478	1.567826631	0.313123097	0.038092707	0.71593817	1.108510662	0.226988859	1.010437554
W85-2D08	0.060132137	0.067090905	0.214226048	0.416843012	0.348051079	0.864836405	0.082486535	0.066133609	0.418106197	0.526536816	0.009499787	0.058564329	0.082779565	0.07455325	0.063611521	0.31553453	0.606443742	0.074310072	0.472321506	0.034032058	0.078666408	0.14780587	0.34652097	0.022763474	0.030737585	0.24716342	0.026750529	0.044343873	0.372937683	0.021535796	0.185419272	0.184243338	0.540506841	0.578769559	1.072953563	0.064642497	0.02855408	0.765721897	0.276675288	0.208640778	0.103477534	0.362375089	0.825861561	0.046598288	0.521198593
240-14-IgG-2E03	0.169145882	0.419318155	1.013985573	1.537108605	0.56168938	0.478748724	0.198879977	0.297601238	1.911149937	1.842878856	0.056784213	0.102487576	0.045738571	0.055914938	0.294232019	1.275547089	0.520219052	0.248240607	1.877014397	0.079635895	0.050826754	0.404153219	1.113248402	0.084028511	0.136729256	0.75870081	0.110378884	0.197004412	0.508760667	0.099960056	0.350236404	0.402216364	0.531748628	0.846003899	1.216014038	0.249386499	0.431483871	0.734724932	0.522608877	0.352882539	0.22509823	0.466982496	1.031008968	0.340435185	0.628666905
C1-2-E05	0.081629927	0.089815244	0.600050238	0.531138676	0.205241279	0.291932104	0.158084084	0.133333888	0.901455338	0.72186499	0.045515465	0.027392993	0.033995501	0.056516173	0.085722585	0.565594457	0.248586692	0.145708986	0.811660164	0.036454229	0.045255837	0.450449244	1.206795206	0.089582119	0.121817156	0.828622225	0.105699638	0.078754719	0.167073479	0.095618933	0.044323111	0.288062097	0.335552872	0.928912281	0.848026544	0.18786285	0.079293633	0.688849424	0.682948564	0.122914099	0.069971022	0.311807485	0.888469412	0.133578241	0.685898994
AG6-3E02	0.956381752	1.094821008	0.269080996	0.378344772	0.253598427	0.165255364	0.104953684	0.128897352	0.31475913	0.306866998	0.042305474	0.033571908	0.037616617	0.011396675	1.02560138	0.323712884	0.209426895	0.116925518	0.310813064	0.037938691	0.024506646	0.380399605	0.594882957	0.175755194	0.125638417	0.487641281	0.150696805	2.223260253	1.546927601	0.031146232	0.036253284	0.210095573	0.248209444	0.46812675	0.633770028	0.106238039	0.058620558	0.670428475	0.572987487	1.885093927	0.033699758	0.229152509	0.550948389	0.082429299	0.621707981
K77-2E05	0.121377832	0.016101817	0.653164733	0.500211614	0.02947752	0.014825767	0.129740726	0.07936033	1.024254599	0.758213015	0.073215533	0.056221756	0.026040325	0.03578556	0.068739825	0.576688173	0.022151643	0.104550528	0.891233807	0.064718645	0.030912943	0.267093641	0.644728919	0.044681008	0.152505709	0.45591128	0.098593358	0.062820487	0.124980908	0.05025019	0.154943294	0.302348042	0.333457849	1.054646752	1.359843655	0.152791357	0.05219563	0.780736052	0.691192386	0.093900698	0.102596742	0.317902946	1.207245204	0.102493493	0.735964219
C6-C01	0.107542017	0.174073699	1.358785701	1.318125199	0.176406917	0.060104461	0.219618109	0.386077282	2.455778158	1.579610448	0.069747144	0.132956855	0.046751153	0.19343546	0.140807858	1.33845545	0.118255689	0.302847696	2.017694303	0.101352	0.120093307	0.393882383	1.203493983	0.07667891	0.101670473	0.798688183	0.089174691	0.240105851	0.124312561	0.084217218	0.158930805	0.494541843	0.540506841	1.083297675	0.643772138	0.233343648	0.057108159	0.352283341	0.138337644	0.182209206	0.121574011	0.517524342	0.863534906	0.145225904	0.245310492
C1-2E01	0.060270372	0.040254543	0.656543171	0.687790969	0.167716921	0.111193252	0.292319276	0.476161981	0.817181352	0.710824702	1.221148537	0.878464935	0.026668885	0.0894639	0.050262457	0.67216707	0.139455087	0.384240629	0.764003027	1.049806736	0.058066392	0.389456738	1.655600188	0.041524579	0.0979049	1.022528463	0.069714739	0.116620039	0.301901934	0.042966024	0.096493703	0.287897584	0.553778214	0.905099759	1.129155892	1.402661529	1.456258065	0.767929861	0.671925699	0.209260987	0.069729864	0.420837899	1.017127826	1.429459797	0.71992778
16.ND.92	0.485154335	0.462361416	0.491314354	0.662931055	0.257494803	0.107174219	0.343774764	0.242224301	0.375311798	0.463098645	0.018273121	0.016934264	0.02274699	0.028743422	0.473757876	0.577122704	0.182334511	0.292999532	0.419205222	0.017603692	0.025745206	15.44209584	21.1958214	0.125517477	0.12688475	18.31895862	0.126201113	0.065050704	0.22253832	0.033347279	0.030020263	0.272587738	0.360235525	0.683418348	0.582212782	0.130268741	0.060309677	0.535945801	0.783913315	0.143794512	0.031683771	0.316411631	0.632815565	0.095289209	0.659929558
K77-1D04	0.041067688	0.032203634	0.16206343	0.200084646	0.029255884	0.029651534	0.048286962	0.031744132	0.154196308	0.252737672	0.217995122	0.449774047	0.048458499	0.03578556	0.036635661	0.181074038	0.029453709	0.040015547	0.20346699	0.333884584	0.04212203	0.181746478	0.186255021	0.062978944	0.264343229	0.184000749	0.163661087	0.033899242	0.132082096	0.019755978	0.028143997	0.156015338	0.358930324	0.550601711	1.596018424	2.034174568	1.152870968	0.757532358	0.538940404	0.082990669	0.023949987	0.257472831	1.073310068	1.593522768	0.648236381
W85-1C11	0.038669044	0.073190078	0.317912038	0.341053373	0.008608479	0.06738985	0.022733331	0.072145755	0.201652989	0.718004749	0.045817559	0.063888359	0.034221135	0.081330818	0.055929561	0.329482706	0.037999164	0.047439543	0.459828869	0.054852959	0.057775977	0.943683635	0.169322746	0.145336026	0.120156013	0.556503191	0.132746019	0.045575648	0.16510262	0.008853605	0.028143997	0.116529975	0.179465162	1.374756335	0.608007019	0.057982361	0.03033871	1.055495086	0.587934986	0.105339134	0.018498801	0.147997568	0.991381677	0.044160535	0.821715036
C2-3-F04	0.049654568	0.094101529	0.693987529	0.495339423	0.818001166	0.365830613	0.350299959	0.17005785	0.569669693	0.88212012	0.047067129	0.022817271	0.117181462	0.005809344	0.071878048	0.594663476	0.59191589	0.260178905	0.725894907	0.0349422	0.061495403	0.425968307	0.353648774	0.118085521	0.02091323	0.389808541	0.069499375	0.214007389	0.136602016	0.155900435	0.113004032	0.273592114	0.314439341	1.075896262	0.647307853	0.056721875	0.059062431	0.579676935	0.488828075	0.175304702	0.134452234	0.294015728	0.861602058	0.057892153	0.534252505
W85-3C05	0.066881663	0.009939393	0.219943226	0.293333971	0.019852207	0.009151708	0.078638766	0.029392715	0.186014594	0.234016363	0.02113218	0.008676197	0.10522417	0.011044926	0.038410528	0.256638599	0.014501958	0.054015741	0.210015478	0.014904189	0.058134548	0.194728369	0.409761046	0.134954881	0.079302969	0.302244708	0.107128925	0.020008821	0.153456377	0.194347426	0.093424055	0.255797505	0.26212339	0.13928113	0.50457014	0.084852236	0.032227011	1.178794255	0.487912852	0.086732599	0.143885741	0.258960448	0.321925635	0.058539623	0.833353553
K77-2A10	0.124136419	0.100636357	0.555190023	0.792746084	0.305092327	0.321004329	1.780691458	1.991093999	0.849325724	0.973152865	5.426839929	5.258240113	0.041013512	0.143781268	0.112386388	0.673968054	0.313048328	1.885892729	0.911239295	5.342540021	0.09239739	0.287689148	0.541146345	0.085448819	0.098235659	0.414417747	0.091842239	0.099915843	0.254466535	0.104710905	0.052899142	1.852154308	1.489270959	0.762623707	0.689253184	4.713854451	4.837086258	0.35788548	0.801180128	0.177191189	0.078805023	1.670712634	0.725938446	4.775470355	0.579532804
01.d.04	0.163860074	0.307828858	1.806768915	2.648179132	0.615126473	0.741288347	0.498662295	0.256754009	2.54005663	3.391516551	0.094411123	0.248037158	0.064449804	0.026312912	0.235844466	2.227474024	0.67820741	0.377708152	2.965786591	0.17122414	0.045381358	0.437145318	1.142129846	0.101904706	0.149628243	0.789637582	0.125766474	0.234921747	0.514781503	0.108657879	0.277110122	0.600659051	1.08967565	1.072886762	1.558992356	0.347894166	0.099573201	0.643902505	0.643210925	0.374851625	0.192884	0.84516735	1.315939559	0.223733684	0.643556715
C1-2B06	0.118555092	0.024396693	0.626582447	0.795791204	0.015081522	1.033311029	0.428144394	0.553117453	1.289484886	1.148807599	4.888413869	5.132364834	0.049961089	0.054220546	0.071475892	0.711186826	0.524196275	0.490630924	1.219146242	5.010389352	0.052090817	0.165519114	0.544437754	0.080972928	0.061002284	0.354978434	0.070987606	0.083832578	0.214394127	0.075611079	0.039156865	0.32152066	0.58261154	1.208797541	1.797585969	4.697840934	3.447180926	0.693390932	0.772552253	0.149113353	0.057383972	0.4520661	1.503191755	4.07251093	0.732971593
K77-2F07	0.086592722	0.073190078	0.821434306	0.795791204	0.005931452	0.06738985	0.109646735	0.144291509	0.903134879	0.861605699	0.025255532	0.127776718	0.039298661	0.650646546	0.0798914	0.808612755	0.036660651	0.126969122	0.882370289	0.076516125	0.344972604	0.291529755	0.588173751	0.125593849	0.208692023	0.439851753	0.167142936	0.091527953	0.088054731	0.03292663	0.200135088	0.255691804	0.350954094	0.770842395	0.472894348	0.086254752	0.107870968	0.440746099	0.261304438	0.089791342	0.116530859	0.303322949	0.621868372	0.09706286	0.351025269
042-10-2D01	0.17751508	0.13418181	1.897239435	1.511055917	0.498538549	0.092661043	0.200692685	0.198400826	1.196306355	0.526536816	0.084132492	0.029282165	0.040281128	0.111829875	0.155848445	1.704147676	0.295599796	0.199546755	0.861421586	0.056707328	0.076055501	0.2664704	0.48781077	0.134954881	0.15734716	0.377140585	0.14615102	0.447051015	0.545371236	5.770262419	7.466329968	0.400653621	0.629864826	18.5859452	11.06180512	0.127040005	0.375808533	0.664755923	1.16322621	0.496211125	6.618296193	0.515259223	14.82387516	0.251424269	0.913991067
K77-2A05	0.037109146	0.024915771	0.232629265	0.224950097	0.004130608	0.00430148	0.046359584	0.056795594	0.241897959	0.149711629	0.015389252	0.023108555	0.008210166	0.005191329	0.031012459	0.228789681	0.004216044	0.051577589	0.195804794	0.019248904	0.006700747	0.17702579	0.336407747	0.036805877	0.046580305	0.256716769	0.041693091	0.037142358	0.083156164	0.036076697	0.026883818	0.204386235	0.198702269	0.674471612	0.546133849	0.027393241	0.041494463	0.652849737	0.496726619	0.060149261	0.031480258	0.201544252	0.61030273	0.034443852	0.574788178
K77-1B02	0.051149187	0.03472941	0.558685219	0.6228125	0.022773602	0.168606761	0.111689842	0.118262453	0.69351093	0.669011484	0.031168199	0.024803716	0.012933071	0.056134212	0.042939298	0.590748859	0.095690182	0.114976147	0.681261207	0.027985957	0.034533641	0.37305856	0.924762692	0.12927257	0.073942162	0.648910626	0.101607366	0.070134546	0.194225275	0.051607801	0.050118146	0.225512671	0.302155173	0.729842742	1.144242551	0.126179231	0.057300767	0.695124252	0.692699118	0.13217991	0.050862973	0.263833922	0.937042647	0.091739999	0.693911685
C6-2-2C06	2.789107634	3.578181592	0.458605025	0.555790682	0.020696982	0.041182686	0.054656731	0.044089072	0.727237906	0.43878068	0.022031422	0.039042886	0.082276346	0.049702167	3.183644613	0.507197854	0.030939834	0.049372902	0.583009293	0.030537154	0.065989256	0.064909456	0.266078602	0.269909762	0.47204148	0.165494029	0.370975621	5.100509426	7.607928738	0.069289082	0.360243158	0.364789486	0.574288518	0.620709382	1.459216845	0.132351042	0.291251613	0.181149042	0.156782663	6.354219082	0.21476612	0.469539002	1.039963114	0.211801327	0.168965853
K77-2B03	0.017746578	0.100636357	0.606299574	1.215792117	0.173832231	0.55596626	0.051006372	0.165334021	1.048850337	1.53573238	0.044858202	0.087846494	0.011633539	0.012425542	0.059191468	0.911045845	0.364899246	0.108170197	1.292291359	0.066352348	0.01202954	0.321566054	0.838986582	0.074943629	0.142888232	0.580276318	0.10891593	0.085806449	0.2289423	0.023993129	0.025016886	0.285877022	0.440287864	0.917062863	1.094412634	0.198481616	0.118658065	0.578413772	0.801333611	0.157374374	0.024505008	0.363082443	1.005737749	0.15856984	0.689873692
042-10-2B05	0.152510458	0.127119609	0.874774196	0.947769374	0.230556313	0.226288022	0.308597583	0.208842974	1.294703847	1.030903661	0.067238755	0.014795199	0.016740209	0.009417253	0.139815034	0.911271785	0.228422168	0.258720279	1.162803754	0.041016977	0.013078731	0.277052558	0.707655855	0.075523531	0.100434357	0.492354206	0.087978944	0.179054437	0.619693444	0.589188677	0.55526201	0.422778015	0.854955839	0.767338725	0.804580717	0.193704992	0.08759447	0.515931838	0.400797785	0.39937394	0.572225344	0.638866927	0.785959721	0.140649731	0.458364812
AG1-A01	0.11704291	0.805090858	0.513200862	2.501058069	0.069482725	0.741288347	0.137617841	0.793603302	0.325525539	1.579610448	0.073962631	0.702771948	0.092071149	0.894639001	0.461066884	1.507129465	0.405385536	0.465610572	0.952567994	0.388367289	0.493355075	0.495672212	1.241700141	0.171760757	0.146857349	0.868686176	0.159309053	0.12153506	0.528328385	0.08853605	0.112575987	0.349589924	0.717860648	0.564002599	0.304003509	0.22548696	0.121354839	0.370349153	1.763804959	0.324931722	0.100556018	0.533725286	0.434003054	0.173420899	1.067077056
C1-3E03	0.023593963	0.050927686	0.372430863	0.410671715	0.147069266	0.148656748	0.085998766	0.070495044	0.551213871	0.457087815	0.017891608	0.028375718	0.011136035	0.014449082	0.037260824	0.391551289	0.147863007	0.078246905	0.504150843	0.023133663	0.012792559	0.33880485	0.614471474	0.117402945	0.092037311	0.476638162	0.104720128	0.048331384	0.112290836	0.050650856	0.027755185	0.186989959	0.250831648	0.460383517	0.457459053	0.076860339	0.033014706	0.467673465	0.422363497	0.08031111	0.039203021	0.218910804	0.458921285	0.054937523	0.445018481
W85-1H08	0.037668982	0.016101817	0.37162821	0.425179872	0.033543384	0.207560737	0.044290799	0.015872066	0.39287565	0.189553254	0.035706098	0.028110878	0.177792564	0.16103502	0.0268854	0.398404041	0.120552061	0.030081433	0.291214452	0.031908488	0.169413792	0.340774646	0.121470666	0.118085521	0.114931839	0.231122656	0.11650868	0.054690777	0.192119413	0.026560815	0.029240516	0.13983597	0.186457311	0.761403509	0.489564093	0.028991181	0.031520737	0.94439034	0.570118775	0.123405095	0.027900665	0.16314664	0.625483801	0.030255959	0.757254557
236-14-IgG-1A06	0.091559579	0.107744501	1.972708514	1.738653751	0.185555022	0.418869252	0.322964413	0.218314663	0.816636323	0.93367309	0.047883322	0.070538448	0.044705067	0.066515911	0.09965204	1.855681132	0.302212137	0.270639538	0.875154706	0.059210885	0.055610489	0.585794432	1.004695135	0.101494993	0.098717388	0.795244784	0.100106191	0.146577587	0.300090522	6.163333753	4.780426706	0.483582604	0.656986065	0.735072552	1.381391947	0.220566907	0.116500645	0.701208627	1.078664722	0.223334055	5.47188023	0.570284334	1.058232249	0.168533776	0.889936674
SFV009-3A02	0.008275761	0.012016281	0.244936775	0.279969187	0.00736938	0.011064005	0.08757499	0.023689651	0.500618821	0.377220406	0.023533564	0.031467401	0.019530244	0.013352821	0.010146021	0.262452981	0.009216693	0.05563232	0.438919613	0.027500482	0.016441532	0.37485211	0.215947851	0.070851312	0.057465919	0.29539998	0.064158616	0.036192426	0.182367158	0.087885049	0.013714841	0.154230849	0.332329396	0.769801342	0.901208373	0.127902267	0.059137383	0.833285594	0.923187255	0.109279792	0.050799945	0.243280123	0.835504857	0.093519825	0.878236424
13001-22-3E05	0.017619363	0.009939393	0.202797115	0.277895341	0.06275859	0.210489284	0.062149993	0.088178145	0.624799018	0.682547725	0.033402478	0.034704788	0.062370778	0.154628963	0.013779378	0.240346228	0.136623937	0.075164069	0.653673371	0.034053633	0.108499871	0.123918053	0.965766776	0.171760757	0.04895245	0.544842415	0.110356604	0.064522827	0.090434588	0.017906167	0.012170377	0.17675895	0.196603276	5.62497536	2.716860192	0.09772308	0.087462947	0.505589012	0.840411572	0.077478708	0.015038272	0.186681113	4.170917776	0.092593014	0.673000292
R95-1H10	0.022124567	0.026505049	0.404714097	0.437427852	0.091119117	0.192185868	0.091048428	0.160027003	0.692256842	0.54603818	0.665850923	0.957273724	0.016316406	0.011044926	0.024314808	0.421070974	0.141652493	0.125537716	0.619147511	0.811562323	0.013680666	0.383729433	0.535041524	0.111139314	0.089547164	0.459385479	0.100343239	0.05366852	0.245517308	0.049646383	0.079465402	0.222169297	0.429027305	0.842050609	0.74391447	0.696330224	0.688153321	1.069512974	0.830025863	0.149592914	0.064555893	0.325598301	0.79298254	0.692241772	0.949769419
K77-2H08	0.006242289	0.07667532	0.205280345	0.267970507	0.02779309	0.017649723	0.029358473	0.018895317	0.195315323	0.263268408	0.011834021	0.033465331	0.022097076	0.042601857	0.041458804	0.236625426	0.022721406	0.024126895	0.229291866	0.022649676	0.032349466	0.243410461	0.638588644	0.06747744	0.075526637	0.440999553	0.071502039	0.012818151	0.240624809	0.029880917	0.01783382	0.147483249	0.136464598	0.499671053	0.746464063	0.035333001	0.057673587	0.526011531	0.900336085	0.12672148	0.023857368	0.141973924	0.623067558	0.046503294	0.713173808
W85-2E09	1.274467239	0.07667532	2.394937354	1.846019051	5.025917077	0.670689457	1.49850538	0.226743801	5.316917133	1.579610448	0.862897358	0.334653309	4.29665362	0.937240858	0.675571279	2.120478202	2.848303267	0.86262459	3.448263791	0.598775333	2.616947239	0.471841817	0.871192841	0.109002019	0.085272009	0.671517329	0.097137014	0.102545207	0.372937683	0.099603056	0.264884675	0.524384886	0.743196906	0.793128655	0.429181425	0.217433854	0.171324478	1.388809323	1.245038795	0.237741445	0.182243865	0.633790896	0.61115504	0.194379166	1.316924059
K77-1D10	0.078028606	0.04685714	0.336788065	0.330827787	0.193972606	0.258862597	0.080277074	0.067183348	0.366216231	0.401170908	0.012327105	0.022310221	0.026854085	0.052068937	0.062442873	0.333807926	0.226417602	0.073730211	0.383693569	0.017318663	0.039461511	0.43220199	0.896783435	0.138246463	0.127276369	0.664492712	0.132761416	0.031351401	0.104275339	0.055828464	0.022218945	0.213761992	0.204023553	0.957816516	0.904010436	0.099714888	0.033532258	0.61567598	0.520889769	0.06781337	0.039023705	0.208892772	0.930913476	0.066623573	0.568282875
051-10-2D06	0.080323565	0.061930066	0.396221253	0.432875435	0.064373701	0.285110903	0.084999255	0.061046408	0.452384756	0.486033984	0.0152276	0.108118761	0.028433737	0.309682731	0.071126816	0.414548344	0.174742302	0.073022831	0.46920937	0.061673181	0.169058234	0.129818913	0.186255021	0.06747744	0.396514843	0.158036967	0.231996142	0.086005657	0.258773086	0.102816058	0.202177283	0.236818981	0.281284172	0.675438596	2.134228719	0.077153948	0.158504279	1.128967579	0.639929237	0.172389372	0.15249667	0.259051576	1.404833658	0.117829114	0.884448408
K77-1E06	0.098035941	0.061930066	0.598734338	0.288583623	0.012471258	1.767687597	0.230539289	0.061046408	0.817987251	0.243016992	0.06637672	0.054059381	0.033051182	0.068818385	0.079983004	0.443658981	0.890079427	0.145792849	0.530502122	0.06021805	0.050934783	0.151455398	0.698456329	0.017494151	0.082607259	0.424955864	0.050050705	0.11431269	0.044027365	0.071844827	0.112575987	0.249297733	0.239286883	0.811331608	1.418683044	0.114063661	0.323612903	0.683020979	0.522608877	0.079170028	0.092210407	0.244292308	1.115007326	0.218838282	0.602814928
R95-2E11	0.037784798	0.020421817	0.230565645	0.200084646	0.002990801	0.049901362	0.069108626	0.050326063	0.15938491	0.203423004	0.00477545	0.010970099	0.0148616	0.010473822	0.029103307	0.215325145	0.026446082	0.059717345	0.181403957	0.007872775	0.012667711	0.116271567	0.294982572	0.044576748	0.059041127	0.205627069	0.051808938	0.05153554	0.089837215	0.046992211	0.048311962	0.134457663	0.230180418	0.673549258	0.603083885	0.056867316	0.044218362	0.572616767	0.580794076	0.070686378	0.047652086	0.182319041	0.638316571	0.050542839	0.576705421
034-100809-1A03	0.01451695	0.111047015	0.304340046	0.646825363	0.006463509	0.025561667	0.089611617	0.054731262	0.325525539	0.272346629	0.010320367	0.024233515	0.008564758	0.030849621	0.062781982	0.475582704	0.016012588	0.07217144	0.298936084	0.017276941	0.019707189	0.234418228	0.745020084	0.042119676	0.151053274	0.489719156	0.096586475	0.060655206	0.063763771	0.017674479	0.007763861	0.189980476	0.217833576	0.580552583	0.649938537	0.030545236	0.066954394	0.551416345	0.743366075	0.062209488	0.01271917	0.203907026	0.61524556	0.048749815	0.64739121
01.y.01	0.06183399	0.192521727	0.203343738	0.380595793	0.036707854	0.95078288	0.072703765	0.172522457	0.386945452	0.652447794	0.039074597	0.045832953	0.072962043	0.019448674	0.127177858	0.291969765	0.493745367	0.122613111	0.519696623	0.042453775	0.046205358	0.430452184	0.730411848	0.074580329	0.051832006	0.580432016	0.063206167	0.011889299	0.048029853	0.092385443	0.034113935	0.258392552	0.304546941	0.634502924	0.810676025	0.075629167	0.080903226	1.038587842	0.45134403	0.029959576	0.063249689	0.281469747	0.722589475	0.078266196	0.744965936
051-09-5B06	14.2544942	27.37308918	0.569527785	0.625264517	0.047451617	0.617740289	0.438586941	0.529068868	0.277887655	0.394902612	0.176788727	0.175692987	0.157194645	0.07455325	20.81379169	0.597396151	0.332595953	0.483827904	0.336395134	0.176240857	0.115873947	0.227183097	0.931275106	0.209929815	0.094408296	0.579229101	0.152169055	19.24848568	12.85123098	0.116608455	0.365111309	0.562754512	0.279383603	0.371416346	0.985957328	0.212130589	0.183672188	0.772313477	0.211868464	16.04985833	0.240859882	0.421069057	0.678686837	0.197901389	0.492090971
R95-2B02	0.020229639	0.041642631	0.26610415	0.51746029	0.036028079	0.012780834	0.047571599	0.041048447	0.295384285	0.245111966	0.038350994	0.012116758	0.071610894	0.138823293	0.030936135	0.39178222	0.024404456	0.044310023	0.270248126	0.025233876	0.105217093	0.358710153	0.114618475	0.099440439	0.061002284	0.236664314	0.080221361	0.046217558	0.173149639	0.033668639	0.018920334	0.206799673	0.202690065	0.99196936	0.827707034	0.061248973	0.061187314	0.727657843	0.513825534	0.109683598	0.026294486	0.204744869	0.909838197	0.061218143	0.620741689
009-10-2G06	0.056116464	0.066536435	0.31987177	0.506412584	0.009994091	0.245053999	0.096772363	0.085263165	0.468221665	0.665786222	0.017730768	0.05517631	0.039729331	0.088724529	0.061326449	0.413142177	0.127524045	0.091017764	0.567003944	0.036453539	0.06422693	0.110521507	0.344396077	0.042553341	0.039900865	0.227458792	0.041227103	0.072598377	0.107684766	0.068164923	0.031549958	0.21656013	0.279828482	0.707498836	1.04174451	0.120582786	0.060290939	0.835743664	0.564217864	0.090141571	0.049857441	0.248194306	0.874621673	0.090436863	0.699980764
R95-2C07	0.070326212	0.061930066	0.431705446	0.384778165	0.07097377	0.228088722	0.176402841	0.030523204	0.332511065	0.364525488	0.022220533	0.02702969	0.022128688	0.034409192	0.066128139	0.408241805	0.149531246	0.103463022	0.348518277	0.024625112	0.02826894	0.287978574	1.210657637	0.079832465	0.396514843	0.749318106	0.238173654	0.099773715	0.226426451	0.010767898	0.032164568	0.248019878	0.328164868	0.823138928	1.129155892	0.09402545	0.242709677	0.686897584	1.399845206	0.163100083	0.021466233	0.288092373	0.97614741	0.168367564	1.043371395
240-14-IgG-1A06	0.004300789	0.050318179	0.297009947	0.625264517	0.015319026	0.092661043	0.010113647	0.198400826	0.358847051	0.394902612	0.008153361	0.087846494	0.04567309	0.055914938	0.027309484	0.461137232	0.053990035	0.104257236	0.376874831	0.047999927	0.050794014	0.272619717	0.279382532	0.100025382	0.132171614	0.276001124	0.116098498	0.046260996	0.211331354	0.125814386	0.112575987	0.153766997	0.172286555	0.93744229	0.790409124	0.107899507	0.024270968	0.463632586	0.783913315	0.128796175	0.119195187	0.163026776	0.863925707	0.066085237	0.623772951
16.ND.95	0.065023839	0.100636357	0.513200862	1.406845164	0.440057256	1.853220867	0.321108296	0.496002064	1.410610668	1.184707836	0.073962631	0.175692987	0.076725958	0.111829875	0.082830098	0.960023013	1.146639061	0.40855518	1.297659252	0.124827809	0.094277916	0.465057164	1.693227465	0.111139314	0.300390033	1.079142314	0.205764673	0.149156665	0.220136827	0.060365488	0.075050658	0.548220562	0.526431142	0.922913344	1.418683044	0.118600284	0.202258065	0.517647111	0.849239425	0.184646746	0.067708073	0.537325852	1.170798194	0.160429174	0.683443268
014-10-1D01	0.069496651	0.080950635	0.428517618	0.400077845	0.119902594	0.188371262	0.122570165	0.107361324	0.389595178	0.522686455	0.024703225	0.039828026	0.017938315	0.031075212	0.075223643	0.414297731	0.154136928	0.114965744	0.456140817	0.032265625	0.024506764	0.365581995	0.579083793	0.068770112	0.069690488	0.472332894	0.0692303	0.03897205	0.122595537	0.047317366	0.022390804	0.201782308	0.309354312	0.651081385	0.51059153	0.078503434	0.05766031	0.435446154	0.461252862	0.080783793	0.034854085	0.25556831	0.580836457	0.068081872	0.448349508
041-102909-2C03	0.053661778	0.08276635	0.567222005	0.596046549	0.017065932	0.013855857	0.05858818	0.059334826	0.615643036	0.516695006	0.039965772	0.059111659	0.031659553	0.142138907	0.068214064	0.581634277	0.015460895	0.058961503	0.566169021	0.049538716	0.08689923	0.3966689	0.590877998	0.069976605	0.07292227	0.493773449	0.071449437	0.078440955	0.128860582	0.05396819	0.07138965	0.350982712	0.686344814	0.834207032	1.023231324	0.214835043	0.076956727	0.770208199	0.573595109	0.103650768	0.06267892	0.518663763	0.928719178	0.145895885	0.671901654
051-09-4D03	0.050358888	0.138015576	0.636951424	1.07188203	0.179373842	0.021179667	0.154860738	0.430813221	0.638353273	1.308820086	0.04039094	0.020079199	0.022854541	0.025561114	0.094187232	0.854416727	0.100276755	0.29283698	0.973586679	0.030235069	0.024207827	0.453331192	0.923033733	0.088227906	0.105269427	0.688182462	0.096748667	0.123648713	0.211331354	0.043883085	0.072048632	0.316150888	0.781032385	0.513119756	0.551259697	0.063024306	0.025889032	0.536201165	0.229947906	0.167490034	0.057965859	0.548591636	0.532189726	0.044456669	0.383074535
R95-1B07	0.016334961	0.022724339	0.194728551	0.231952966	0.043637749	0.107606373	0.043214574	0.02880012	0.183146144	0.242037085	0.011612824	0.005667516	0.007228015	0.003607415	0.01952965	0.213340759	0.075622061	0.036007347	0.212591615	0.00864017	0.005417715	0.333524121	0.427696715	0.100498316	0.215390779	0.380610418	0.157944547	0.079285446	0.102257107	0.023574688	0.016139926	0.155143457	0.19554627	0.559413821	0.56224305	0.075479997	0.017398543	0.512791135	0.604090906	0.090771276	0.019857307	0.175344863	0.560828435	0.04643927	0.55844102
R95-1F03	0.013827854	0.020127271	0.181893976	0.281369033	0.012313394	0.018532209	0.048775944	0.07936033	0.17306421	0.552863657	0.026214603	0.105415792	0.21211328	0.290757675	0.016977563	0.231631505	0.015422801	0.064068137	0.362963934	0.065815198	0.251435478	0.247836106	0.159647161	0.128820568	0.037763318	0.203741633	0.083291943	0.015191883	0.116543026	0.022134012	0.092709636	0.184505793	0.202690065	0.793128655	0.625889578	0.032212423	0.128493359	0.864148023	0.334315973	0.065867454	0.057421824	0.193597929	0.709509117	0.080352891	0.599231998
041-102909-3G01	0.055358133	0.054582431	0.412641233	0.508689777	0.003286345	0.358079964	0.108482532	0.013450903	0.492687302	0.455141994	0.038480558	0.005955694	0.017418866	0.030326746	0.054970282	0.460665505	0.180683155	0.060966718	0.473914648	0.022218126	0.023872806	0.192339064	0.666994332	0.069547301	0.062513601	0.429666698	0.066030451	0.042286683	0.063947528	0.018483041	0.033740353	0.145962803	0.215151318	0.627961657	0.665829012	0.091905031	0.036371479	0.528320248	0.478932631	0.053117106	0.026111697	0.180557061	0.646895334	0.064138255	0.503626439
K77-1B07	0.019164921	0.100636357	0.157561668	0.312632259	0.017065932	0.092661043	0.022533915	0.099200413	0.119930462	0.592353918	0.03633252	0.263539481	0.045227933	0.111829875	0.059900639	0.235096963	0.054863488	0.060867164	0.35614219	0.149936	0.078528904	0.378638495	0.186255021	0.104964907	0.264343229	0.282446758	0.184654068	0.010384325	0.042266271	0.010086385	0.036024316	0.146031234	0.32160157	0.674661337	0.486405615	0.088074473	0.194167742	1.012600216	1.254261304	0.026325298	0.023055351	0.233816402	0.580533476	0.141121107	1.13343076
C1-2-2F03	0.080400676	0.126785962	0.839186049	1.063442014	0.13852076	0.42025796	0.187013471	0.162469967	1.166683531	1.094533224	0.031478496	0.132807297	0.0329983	0.084532819	0.103593319	0.951314031	0.27938936	0.174741719	1.130608377	0.082142896	0.058765559	0.395334366	1.269499398	0.107857641	0.243300982	0.832416882	0.175579311	0.119742229	0.400800843	0.074238302	0.144925408	0.449472759	1.003354652	0.632532418	2.124530273	0.102639583	0.089272525	0.481338884	1.369595677	0.260271536	0.109581855	0.726413706	1.378531345	0.095956054	0.92546728
K77-1B01	0.049906621	0.059197857	0.683833635	0.864336245	0.059254303	0.392446772	0.143439239	0.385131014	0.77498212	1.091789575	0.04204982	0.082679053	0.032715637	0.105251647	0.054552239	0.77408494	0.225850538	0.264285126	0.933385847	0.062364437	0.068983642	0.553758799	0.706484563	0.05904276	0.091152838	0.630121681	0.075097799	0.117194522	0.349886347	0.065046894	0.08350007	0.33389405	0.486814108	0.714786967	0.789201164	0.209446488	0.102870327	0.59180283	0.757955921	0.233540435	0.074273482	0.410354079	0.751994065	0.156158407	0.674879375
051-10-2B05	0.409650184	0.885599944	0.074841792	0.250105807	0.040531589	0.074128835	0.160554148	0.07936033	0.474724744	0.473883134	0.129434604	0.070277195	0.107416341	0.0894639	0.647625064	0.1624738	0.057330212	0.119957239	0.474303939	0.099855899	0.09844012	0.151455398	0.931275106	7.977332955	2.775603903	0.541365252	5.376468429	2.320451541	2.881791189	0.022766413	0.245620335	0.329613357	1.044160942	0.435087719	1.54765423	0.099398333	0.088258065	0.476163197	0.570118775	2.601121365	0.134193374	0.686887149	0.991370975	0.093828199	0.523140986
C1-2A02	0.096035208	0.050318179	0.355292904	0.312632259	0.01068965	0.046330522	0.070573252	0.049600206	0.550889373	0.592353918	0.068273198	0.175692987	0.042494376	0.055914938	0.073176693	0.333962581	0.028510086	0.060086729	0.571621646	0.121983092	0.049204657	0.402225811	1.176347502	0.030973251	0.208692023	0.789286657	0.119832637	0.027528915	0.145745761	0.02139126	0.031055445	0.246355315	0.237636628	0.65153656	0.838630371	0.110905858	0.066954394	0.693472575	1.946267541	0.086637338	0.026223352	0.241995972	0.745083465	0.088930126	1.319870058
K77-1F01	0.106958273	0.151837311	0.952034496	1.058561858	0.241284657	0.406408085	0.283380167	0.320225894	1.338649409	1.163923488	0.048664707	0.073975995	0.045434588	0.051010118	0.129397792	1.005298177	0.323846371	0.30180303	1.251286448	0.061320351	0.048222353	0.407934612	1.068227327	0.096537068	0.116622013	0.73808097	0.10657954	0.132583702	0.167723297	0.041393478	0.221578133	0.40407147	0.469458074	0.672957647	1.080901367	0.204569802	0.154101382	0.490592384	0.734141041	0.150153499	0.131485805	0.436764772	0.876929507	0.179335592	0.612366713
K77-1D09	0.050809325	0.189021332	0.208860816	0.358847462	0.011311141	0.019337957	0.201626139	0.110414372	0.304707045	0.467015263	0.054181927	0.036666363	0.02248249	0.023338409	0.119915329	0.283854139	0.015324549	0.156020256	0.385861154	0.045424145	0.022910449	0.301570483	0.455290052	0.066880295	0.06853343	0.378430267	0.067706862	0.040763312	0.115908778	0.066814472	0.048246852	0.188908841	0.363325389	0.591151793	0.849968996	0.043216667	0.061915734	0.491690257	0.467948255	0.078336045	0.057530662	0.276117115	0.720560394	0.0525662	0.479819256
R95-1H06	0.041694675	0.055909087	0.173678663	0.2952638	0.153463117	0.133843729	0.042487612	0.033066804	0.382678878	0.307146476	0.034252414	0.087846494	0.006559777	0.024851083	0.048801881	0.234471231	0.143653423	0.037777208	0.344912677	0.061049454	0.01570543	0.437023973	0.525334675	0.043267977	0.118615551	0.481179324	0.080941764	0.140825025	0.218878902	0.039081308	0.070762049	0.288626013	0.262531894	0.923227688	0.642750277	0.135081522	0.110952995	0.808309732	1.097478641	0.179851964	0.054921678	0.275578954	0.782988982	0.123017259	0.952894186
K77-2H01	0.06521794	0.032203634	0.482562004	0.550232775	0.3339319	0.355818407	0.095853223	0.222208925	0.714212749	0.695028597	0.07727439	0.112443512	0.038477495	0.03578556	0.048710787	0.51639739	0.344875153	0.159031074	0.704620673	0.094858951	0.037131528	0.292092554	1.078318543	0.115675612	0.243474027	0.685205548	0.179574819	0.06995332	0.561348909	0.080300138	0.140719984	0.308939933	0.75375368	0.486944104	0.912010528	0.155069105	0.060677419	0.51676626	0.44095124	0.315651114	0.110510061	0.531346806	0.699477316	0.107873262	0.47885875
034-100809-3E01	0.041615257	0.08945454	0.410560689	0.416843012	0.009264363	0.082365372	0.085628879	0.264534434	0.434034052	0.526536816	0.009861684	0.078085772	0.024552306	0.099404333	0.065534898	0.41370185	0.045814868	0.175081656	0.480285434	0.043973728	0.06197832	0.194728369	0.507968239	0.03373872	0.240312026	0.351348304	0.137025373	0.140422265	0.068171404	0.014357197	0.029051868	0.188967526	0.185254361	1.18326221	1.176787778	0.133202721	0.031317378	0.975920065	1.112651157	0.104296835	0.021704532	0.187110944	1.180024994	0.08226005	1.044285611
034-100809-1D05	0.07124351	0.241527257	0.390478916	0.250105807	0.010573458	0.177909203	0.153573533	0.047616198	0.718279178	0.505475343	0.090041463	0.014055439	0.028021654	0.01789278	0.156385384	0.320292362	0.094241331	0.100594865	0.611877261	0.052048451	0.022957217	0.507821041	1.234220019	0.092616095	0.095545745	0.87102053	0.09408092	0.040017642	0.328737662	0.032391238	0.060040526	0.324010173	0.450922836	0.820211097	0.990826253	0.070710196	0.057531183	0.379382059	0.801333611	0.184377652	0.046215882	0.387466505	0.905518675	0.06412069	0.590357835
01.ac.01	0.161552185	0.100636357	0.581868582	0.468948388	0.006850409	0.092661043	0.135679562	0.099200413	0.609787277	0.789805224	0.021876271	0.087846494	0.045387186	0.111829875	0.131094271	0.525408485	0.049755726	0.117439987	0.69979625	0.054861382	0.078608531	0.400911348	1.28050327	0.041677243	0.247821777	0.840707309	0.14474951	0.072384852	0.048029853	0.011718007	0.040936722	0.154230849	0.469872424	0.755804954	0.663280384	0.172668061	0.044129032	0.784268794	0.783913315	0.060207353	0.026327365	0.312051636	0.709542669	0.108398546	0.784091055
R95-2F01	0.07610987	0.08945454	0.419604803	0.597474983	0.003986714	0.164730744	0.194770606	0.088178145	0.65371932	0.473883134	0.021218787	0.031234309	0.015848313	0.109344767	0.082782205	0.508539893	0.084358729	0.141474375	0.563801227	0.026226548	0.06259654	0.400410209	0.682935077	0.053138484	0.079302969	0.541672643	0.066220726	0.039567282	0.196369842	0.010248546	0.019924953	0.215824004	0.462480134	0.44680431	0.484253378	0.092287038	0.030070226	0.503722481	0.860223461	0.117968562	0.01508675	0.339152069	0.465528844	0.061178632	0.681972971
01.r.01	0.032772015	0.017890908	0.251468422	0.138947671	0.019455163	0.016473074	0.012844332	0.035271258	0.29622824	0.140409818	0.010354768	0.015617154	0.025779922	0.019880867	0.025331461	0.195208046	0.017964119	0.024057795	0.218319029	0.012985961	0.022830394	0.222546707	0.266078602	0.038558537	0.026973799	0.244312655	0.032766168	0.029562582	0.181940901	0.014357197	0.08350007	0.12755308	0.182555291	0.471590011	0.918050333	0.039177271	0.006429395	0.480452955	0.955232119	0.105751741	0.048928633	0.155054185	0.694820172	0.022803333	0.717842537
SFV018-4D01	0.026972852	0.123860132	0.232841132	0.192389082	0.01200936	0.057022181	0.111000399	0.061046408	0.309450204	0.425279736	0.006391832	0.081089071	0.07956766	0.068818385	0.075416492	0.212615107	0.03451577	0.086023403	0.36736497	0.043740452	0.074193022	0.37485211	0.62085007	0.070851312	0.220286024	0.49785109	0.145568668	0.071470902	0.206176931	0.018109646	0.065898139	0.135068834	0.112056296	0.908492823	2.135439286	0.072477951	0.071036979	0.694404662	0.68831413	0.138823916	0.042003893	0.123562565	1.521966054	0.071757465	0.691359396
W85-1E07	0.136550061	0.021759212	0.449050754	0.236586574	0.060797384	0.02003482	0.160554148	0.021448738	0.569669693	0.256153046	0.064717302	0.018993836	0.161124511	0.217614892	0.079154637	0.342818664	0.040416102	0.091001443	0.412911369	0.041855569	0.189369701	0.340774646	0.242941332	0.118085521	0.172397758	0.291857989	0.145241639	0.037289166	0.288179119	0.036219293	0.065498756	0.28602812	0.459430815	1.038277512	0.950701884	0.237200568	0.044129032	0.530272651	0.726901438	0.162734143	0.050859024	0.372729467	0.994489698	0.1406648	0.628587044
W85-2F12	0.063511656	0.023002596	0.334177305	0.464482213	0.011311141	0.021179667	0.074676348	0.06802314	0.423940237	0.947766269	0.012040428	0.120475191	0.029976653	0.025561114	0.043257126	0.399329759	0.016245404	0.071349744	0.685853253	0.06625781	0.027768884	0.141010198	0.209864813	0.195451896	0.111694322	0.175437505	0.153573109	0.162164513	0.183766395	0.092654005	0.045683009	0.426824907	0.299628792	0.686148511	0.828299417	0.030339608	0.077385694	0.542604573	0.704385877	0.172965454	0.069168507	0.36322685	0.757223964	0.053862651	0.623495225
W85-2F05	0.096388279	0.245027652	0.475465504	0.543708276	0.071526334	0.032229928	0.736660208	0.655585336	0.703709621	0.892823297	1.994815657	1.222212084	0.056867474	0.077794696	0.170707966	0.50958689	0.051878131	0.696122772	0.798266459	1.60851387	0.067331085	0.207930292	0.781069443	0.032023192	0.255816028	0.494499868	0.14391961	0.065256041	0.172013893	0.045274116	0.062833109	0.667398946	0.400666408	0.43261563	0.395911547	2.540022749	1.693323331	0.284074634	0.218766507	0.118634967	0.054053613	0.534032677	0.414263589	2.11667304	0.25142057
051-10-4G03	0.043007893	0.021186602	0.495016579	0.493629882	0.107233181	0.019507588	0.303409413	0.041768595	0.699751749	0.374118264	0.057073526	0.036987997	0.050747877	0.023543132	0.032097247	0.494323231	0.063370385	0.172589004	0.536935006	0.047030762	0.037145505	0.230678222	0.873070411	0.101735218	0.289125407	0.551874317	0.195430312	0.045858726	0.422662708	0.01484766	0.098248134	0.227993429	0.54296369	0.614797864	1.54765423	0.064825	0.088258065	0.610731057	0.68414253	0.234260717	0.056547897	0.385478559	1.081226047	0.076541532	0.647436793
042-10-4C06	0.089341304	0.018723043	0.474090759	0.727051764	0.02892961	0.017239264	0.119371114	0.110735344	0.499784563	0.514291774	0.015397425	0.049030601	0.009583614	0.020805558	0.054032174	0.600571262	0.023084437	0.115053229	0.507038169	0.032214013	0.015194586	0.31263729	1.117530127	0.450675015	0.205600289	0.715083708	0.328137652	0.118892994	0.139558441	0.445759762	0.416318744	0.24319299	0.184205751	0.60691584	0.84891546	0.088234028	0.137382836	0.526539883	0.739540863	0.129225717	0.431039253	0.213699371	0.72791565	0.112808432	0.633040373
AG2-F02	0.187756334	0.201272715	0.53324777	1.667372046	0.030398692	0.030887014	0.140484879	0.132267217	1.174943741	1.908695958	0.064717302	0.409950303	0.060421692	0.07455325	0.194514524	1.100309908	0.030642853	0.136376048	1.54181985	0.237333802	0.067487471	0.525766596	0.770710432	0.040486464	0.068364628	0.648238514	0.054425546	0.25698076	0.429826482	0.019200589	0.091587244	0.619153239	0.934435555	1.421898119	1.401507704	0.199096059	0.065819574	0.361425077	0.664333318	0.343403621	0.055393916	0.776794397	1.411702912	0.132457816	0.512879197
01.ae.01	0.085063973	0.075477268	0.176675706	0.374042167	0.135548266	0.052949168	0.047376634	0.046057334	0.410909287	0.437213606	0.004243757	0.040785872	0.010565542	0.08786633	0.08027062	0.275358937	0.094248717	0.046716984	0.424061446	0.022514815	0.049215936	0.275865189	0.54401219	0.134954881	0.111233537	0.40993869	0.123094209	0.043947946	0.154385779	0.056916032	0.035592887	0.168552285	0.244846362	0.583516082	0.701938642	0.100951432	0.046507244	0.555523729	0.467531534	0.099166863	0.046254459	0.206699323	0.642727362	0.073729338	0.511527632
W85-1E01	0.025404663	0.161018172	0.334177305	0.250105807	0.022622282	0.148257669	0.029870539	0.15872066	0.476932766	0.631844179	0.024080856	0.14055439	0.059953306	0.1789278	0.093211417	0.292141556	0.085439976	0.0942956	0.554388473	0.082317623	0.119440553	0.400911348	0.372510042	0.16670897	0.264343229	0.386710695	0.2155261	0.164072331	0.150950967	0.031872978	0.128658271	0.209753954	0.164082434	1.598947368	1.042297747	0.31310475	0.138691244	0.79995417	0.671925699	0.157511649	0.080265624	0.186918194	1.320622558	0.225897997	0.735939935
014-10-1B04	0.093634328	0.402545429	4.310887237	2.501058069	0.194551629	0.370644173	0.440377091	1.190404953	0.716156185	0.789805224	0.029585052	0.702771948	0.073656919	0.894639001	0.248089878	3.405972653	0.282597901	0.815391022	0.752980705	0.3661785	0.48414796	0.280637944	1.241700141	0.16670897	0.881144096	0.761169042	0.523926533	0.205090414	0.264164192	4.780946675	1.80121579	0.262192443	0.14357213	1.903508772	2.128024566	0.081537695	0.121354839	0.677044545	0.979891644	0.234627303	3.291081232	0.202882286	2.015766669	0.101446267	0.828468095
009-10-2F01	4.078295163	5.635636007	2.694304523	2.000846455	0.032425271	0.444773008	0.342515515	0.317441321	0.227867877	0.631844179	0.138063577	0.14055439	0.128899609	0.1789278	4.856965585	2.347575489	0.23859914	0.329978418	0.429856028	0.139308983	0.153913704	0.123918053	3.104250352	22.32889846	13.21716144	1.614084202	17.77302995	4.294834552	28.52973277	13.5928876	31.52127632	1.110462111	2.297154073	1.343653251	7.296084226	0.511609068	2.912516129	0.882302394	7.839133153	16.41228366	22.55708196	1.703808092	4.319868738	1.712062599	4.360717773
W85-2B08	0.026259627	0.09584415	0.345423657	0.35729401	0.004676722	0.405943619	0.030875798	0.05668595	0.361521151	0.413707498	0.039826032	0.117128658	0.01859129	0.021300929	0.061051888	0.351358833	0.20531017	0.043780874	0.387614325	0.078477345	0.019946109	0.231033658	0.465637553	0.048034788	0.110143012	0.348335605	0.0790889	0.102545207	0.117406308	0.056026719	0.040027018	0.245805415	0.280763276	0.877398575	0.918766162	0.061153271	0.086296774	0.729124895	0.59229006	0.109975757	0.048026868	0.263284345	0.898082368	0.073725023	0.660707478
R95-1G06	0.08917555	0.038956009	0.439886453	0.363056817	0.337487519	0.005978132	0.052425844	0.025600107	0.465036484	0.331208642	0.02113218	0.017002547	0.078918128	0.021644492	0.06406578	0.401471635	0.171732826	0.039012975	0.398122563	0.019067364	0.05028131	0.320729078	0.587108219	0.055569657	0.071832399	0.453918649	0.063701028	0.040345655	0.066608736	0.078376175	0.01548323	0.275087153	0.194172049	0.249640495	0.53657926	0.099805703	0.036163046	0.601058461	0.619942908	0.053477196	0.046929703	0.234629601	0.393109877	0.067984375	0.610500685
16.ND.93	0.04369602	0.033545452	0.550835591	0.937896776	0.012970109	0.030887014	0.171257758	0.033066804	0.75955959	0.65817102	0.013806358	0.117128658	0.034373229	0.037276625	0.038620736	0.744366184	0.021928562	0.102162281	0.708865305	0.065467508	0.035824927	0.545239433	1.197353707	0.188936833	0.094408296	0.87129657	0.141672565	0.074578332	0.132082096	0.072438586	0.056287993	0.333699473	0.430716389	0.735446571	1.672019302	0.138366998	0.121354839	0.303012943	0.391956658	0.103330214	0.06436329	0.382207931	1.203732936	0.129860918	0.3474848
R95-1A10	0.025921368	0.032203634	0.22528648	0.200084646	0.00659497	0.504076076	0.043540108	0.095232396	0.169935366	0.252737672	0.730098917	0.758993704	0.008738957	0.07157112	0.029062501	0.212685563	0.255335523	0.069386252	0.211336519	0.744546311	0.040155038	0.188013598	0.573092373	0.048862974	0.406681891	0.380552985	0.227772432	0.068612066	0.103088465	0.002897543	0.021966046	0.129666081	0.364182963	0.526060606	0.593177579	1.62561456	2.6757262	0.69692977	0.994231522	0.085850266	0.012431795	0.246924522	0.559619093	2.15067038	0.845580646
AG11-E04	0.009103337	0.05750649	0.239493735	0.446617512	0.016212636	0.052949168	0.203368587	0.396801651	0.246856867	0.225658635	0.431448679	0.501979963	0.021483268	0.063902786	0.033304914	0.343055624	0.034580902	0.300085119	0.236257751	0.466714321	0.042693027	0.340774646	0.286546186	0.05904276	0.203340945	0.313660416	0.131191853	0.091151295	0.060380387	0.005902403	0.025731654	0.248597279	0.557880275	0.451202079	1.320243812	0.644248456	0.610241475	0.518488814	0.447950466	0.075765841	0.015817029	0.403238777	0.885722946	0.627244966	0.48321964
W85-3F09	0.022758344	0.11501298	0.561313442	1.607823045	0.020265795	0.105898335	0.187313173	0.453487601	0.474724744	1.128293177	0.043144868	0.40158397	0.05370817	0.127805572	0.068885662	1.084568243	0.063082065	0.320400387	0.801508961	0.222364419	0.090756871	0.789162338	0.372510042	0.149160658	0.132171614	0.58083619	0.140666136	0.046217558	0.234812615	0.044891518	0.366914328	0.398827941	0.382859012	0.589819619	0.630525797	0.269495481	0.035956989	0.352092505	0.58067653	0.140515087	0.205902923	0.390843477	0.610172708	0.152726235	0.466384517
034-100809-1F06	1.291018761	2.031895975	0.517088747	0.655039018	0.01473876	0.035299445	0.038922218	0.188953167	0.621457847	0.451317271	0.062756171	0.033465331	0.058590731	0.042601857	1.661457368	0.586063883	0.025019102	0.113937692	0.536387559	0.048110751	0.050596294	0.681549292	0.931275106	0.118085521	0.082607259	0.806412199	0.10034639	5.352859805	7.223689913	0.019920611	0.130997512	0.170425088	0.250598626	0.499671053	0.840155153	0.054358464	0.12356129	0.854117734	1.026213795	6.288274859	0.075459062	0.210511857	0.669913103	0.088959877	0.940165764
051-10-2A05	1.274467239	2.109893283	0.513200862	0.51746029	0.162126357	0.792411681	0.152908712	0.109462524	0.596796821	0.381285281	0.02465421	0.048467031	0.092071149	0.092548862	1.692180261	0.515330576	0.477269019	0.131185618	0.489041051	0.036560621	0.092310006	0.383371477	0.298008034	0.02952138	0.211474583	0.340689755	0.120497982	0.334221415	0.326603001	0.08853605	0.016374689	0.233059949	0.229715407	0.564002599	0.397968231	0.177168326	0.052954839	1.080185029	0.712648468	0.330412208	0.052455369	0.231387678	0.480985415	0.115061582	0.896416749
K77-2H03	0.094534658	0.015786095	0.397237205	0.735605315	0.233836092	1.380831235	0.012350319	0.155608491	0.744952675	0.960155371	0.059739048	0.068899211	0.049576773	0.052625824	0.055160377	0.56642126	0.807333663	0.083979405	0.852554023	0.064319129	0.051101298	0.867426371	0.951970108	0.143133965	0.176228819	0.90969824	0.159681392	0.172011315	0.100038511	0.096390054	0.021316163	0.152240773	0.244667298	0.614035088	0.64758144	0.112223925	0.05170147	0.483843248	0.649395646	0.136024913	0.058853109	0.198454035	0.630808264	0.081962697	0.566619447
K77-1G04	0.063511656	0.013880877	0.584810284	0.539021136	0.361956519	0.434548341	0.104546887	0.301021942	0.741895414	0.435754606	0.072242569	0.024233515	0.059953306	0.030849621	0.038696267	0.56191571	0.39825243	0.202784415	0.58882501	0.048238042	0.045401464	0.712528805	1.164093882	0.150290663	0.047204148	0.938311343	0.098747405	0.034181736	0.222454057	0.011067006	0.023700208	0.233059949	0.151128557	0.740253411	1.184013668	0.036238976	0.076645161	1.249928391	0.783913315	0.128317896	0.017383607	0.192094253	0.96213354	0.056442068	1.016920853
56.b.16	0.071992009	0.335454524	0.710246465	0.990002152	0.529581798	0.061774029	0.073606486	0.066133609	0.319929111	0.460719714	0.035603788	0.263539481	0.007386797	0.037276625	0.203723267	0.850124308	0.295677913	0.069870047	0.390324413	0.149571634	0.022331711	0.38245212	0.761952359	3.017552299	3.604680393	0.57220224	3.311116346	0.056661616	0.097537548	0.411572987	0.512653725	0.324394254	0.282726655	0.828855171	1.08505868	0.154097266	0.194167742	0.610575631	0.675371472	0.077099582	0.462113356	0.303560454	0.956956925	0.174132504	0.642973551
K77-2F01	0.069139272	0.073190078	0.318314458	0.113684458	0.098507154	0.06738985	0.016258648	0.072145755	0.201908246	0.43080285	0.039321905	0.063888359	0.016316406	0.081330818	0.071164675	0.215999458	0.082948502	0.044202201	0.316355548	0.051605132	0.048823612	0.353395929	1.086487623	0.13995321	0.110143012	0.719941776	0.125048111	0.049419377	0.096059706	0.009600295	0.040936722	0.202172486	0.156624141	0.779750581	0.663280384	0.09430866	0.088258065	0.622454299	1.068972703	0.072739542	0.025268509	0.179398314	0.721515483	0.091283362	0.845713501
AG11-2F01	1.391264775	2.342082496	0.508359344	0.113684458	0.009176964	0.06738985	1.308667771	0.577166038	0.343951513	0.2872019	0.078149195	0.127776718	0.01216034	0.081330818	1.866673636	0.311021901	0.038283407	0.942916905	0.315576706	0.102962956	0.046745579	109.7294359	112.451469	0.171760757	0.330429036	111.0904525	0.251094897	0.016085523	0.231949047	0.023436013	0.043932092	0.102820566	0.280140741	0.78379773	0.711813095	0.055424316	0.047357986	0.678065729	1.338388587	0.124017285	0.033684053	0.191480653	0.747805412	0.051391151	1.008227158
R95-1E01	0.341375153	0.08945454	0.561313442	0.277895341	0.060797384	0.082365372	0.080277074	0.088178145	0.284834846	0.351024544	0.064717302	0.078085772	0.080562255	0.099404333	0.215414846	0.419604392	0.071581378	0.084227609	0.317929695	0.071401537	0.089983294	0.454366194	1.862550211	0.314894722	1.321716144	1.158458203	0.818305433	0.032814466	0.105665677	0.031872978	0.090060789	0.377557118	0.459430815	0.913684211	0.486405615	0.069578833	0.097083871	0.999942713	0.783913315	0.069240072	0.060966884	0.418493966	0.700044913	0.083331352	0.891928014
56.f.01	0.017908205	0.068035847	0.225752292	0.38748787	0.127574839	0.229694981	0.014037521	0.044710045	0.423361083	0.311472483	0.022633373	0.009898196	0.007043694	0.012600549	0.042972026	0.306620081	0.17863491	0.029373783	0.367416783	0.016265785	0.009822122	0.239140102	0.605328819	0.016573406	0.066085807	0.42223446	0.041329607	0.024436305	0.118873887	0.033907423	0.052535461	0.107108402	0.248858358	0.437402016	0.63840737	0.055515027	0.03236129	0.794280736	0.777380704	0.071655096	0.043221442	0.17798338	0.537904693	0.043938158	0.78583072
039-10-4B05	0.073526956	0.052792843	0.293610108	0.635514755	0.037413775	0.012152268	0.160554148	0.052039561	0.262924474	0.621486078	0.039826032	0.103687664	0.012394193	0.014666213	0.0631599	0.464562432	0.024783021	0.106296854	0.442205276	0.071756848	0.013530203	0.31156539	0.443464336	0.053981952	0.047204148	0.377514863	0.05059305	0.021308095	0.091521452	0.031045108	0.085096809	0.340509666	0.316536979	0.766347687	0.880892059	0.124247917	0.015288799	0.692601013	0.913536777	0.056414774	0.058070959	0.328523322	0.823619873	0.069768358	0.803068895
AG12-C06	0.00728267	0.017890908	0.395164663	0.61136975	0.058365489	0.016473074	0.034251552	0.105813774	0.394970987	0.31592209	0.013806358	0.015617154	0.008593307	0.019880867	0.012586789	0.503267207	0.037419282	0.070032663	0.355446538	0.014711756	0.014237087	0.43813883	0.24426888	0.03373872	0.065002433	0.341203855	0.049370577	0.053501847	0.125233395	0.01154818	0.013342339	0.23559321	0.195683495	0.30345792	0.630525797	0.037814583	0.043148387	0.603830141	0.452927693	0.089367621	0.01244526	0.215638352	0.466991859	0.040481485	0.528378917
AG7-3B02	0.153618819	0.17251947	0.870035836	0.803911522	0.486379072	1.350203775	0.140484879	0.311772726	0.747691472	0.620561248	0.080896627	0.125494991	0.020140564	0.095854179	0.163069144	0.836973679	0.918291423	0.226128803	0.68412636	0.103195809	0.057997371	0.416502345	1.463432309	0.07872368	0.377633184	0.939967327	0.228178432	0.025636302	0.142791455	0.024900764	0.097363016	0.344127581	0.403554094	0.505619518	0.525843908	0.217433854	0.236149956	0.520803496	0.93222124	0.084213879	0.06113189	0.373840838	0.515731713	0.226791905	0.726512368
K77-2G05	0.119170963	0.08945454	0.849114153	1.945267387	0.017686512	0.082365372	0.116766653	0.352712579	1.408637786	1.579610448	0.075307406	0.39042886	0.023436292	0.099404333	0.104312751	1.39719077	0.050025942	0.234739616	1.494124117	0.232868133	0.061420313	0.535503015	0.876494217	0.101216161	0.077748008	0.705998616	0.089482085	0.234389045	0.198123144	0.056916032	0.056287993	0.749121265	0.717860648	0.951754386	0.456005264	0.455575694	0.182032258	0.476163197	1.861794124	0.216256094	0.056602013	0.733490957	0.703879825	0.318803976	1.16897866
R95-2C10	0.035525219	0.027761754	0.175239319	0.043121691	0.007908603	0.817973348	0.020885092	0.027365631	0.20378428	0.326815955	0.016837022	0.024233515	0.010479643	0.030849621	0.031643486	0.109180505	0.412940976	0.024125362	0.265300118	0.020535269	0.020664632	0.104853737	0.186255021	0.145336026	0.132171614	0.145554379	0.13875382	0.061018636	0.078854983	0.013170652	0.013441909	0.06934015	0.120000586	0.283166594	0.798576383	0.050315272	0.11592104	0.619799202	0.702011924	0.069936809	0.01330628	0.094670368	0.540871489	0.083118156	0.660905563
024-10128-3E05	0.019164921	0.439140468	0.472685004	0.341053373	0.102395594	0.06738985	0.067601746	0.072145755	0.319814564	1.005206649	0.03633252	0.063888359	0.022613966	0.650646546	0.229152694	0.406869189	0.084892722	0.069873751	0.662510607	0.05011044	0.336630256	0.524268686	0.310425035	0.072668013	0.110143012	0.417346861	0.091405512	0.017833949	0.062156281	0.017322271	0.026488467	0.296391457	0.371598453	0.786231884	0.85836285	0.037814583	0.02855408	0.724596169	1.567826631	0.039995115	0.021905369	0.333994955	0.822297367	0.033184332	1.1462114
W85-3F01	0.546200245	0.268363619	1.796203015	1.250529035	0.486379072	0.247096116	0.642216592	0.264534434	2.278678771	2.106147264	0.517738415	0.234257316	0.644498043	0.298213	0.407281932	1.523366025	0.366737594	0.453375513	2.192413018	0.375997865	0.471355522	0.908732389	0.372510042	0.314894722	0.264343229	0.640621216	0.289618975	0.164072331	0.352218923	0.159364889	0.300202632	0.629261863	2.680013085	1.903508772	3.2427041	0.695788333	0.323612903	0.333314238	1.567826631	0.258145627	0.22978376	1.654637474	2.573106436	0.509700618	0.950570434
R95-1H04	0.224465854	0.100636357	0.885798747	0.765949034	0.19988181	0.620828991	0.351899502	0.178560743	0.998872886	0.849040616	0.099292299	0.043923247	0.017657481	0.033548963	0.162551106	0.825873891	0.4103554	0.265230123	0.923956751	0.071607773	0.025603222	0.401939326	1.04214119	0.157447361	0.133745086	0.722040258	0.145596223	0.222814277	0.360809628	0.098373388	0.087864185	0.517910998	0.350175926	0.869504007	0.889766369	0.246961908	0.023678993	0.843573071	0.592714946	0.291811953	0.093118787	0.434043462	0.879635188	0.135320451	0.718144008
013-10-3F02	0.040459277	0.11501298	0.532208301	1.42917604	0.036028079	0.105898335	1.189289984	1.020347103	0.16879102	0.225658635	0.115052981	0.100395993	0.047740596	0.127805572	0.077736129	0.98069217	0.070963207	1.104818543	0.197224828	0.107724487	0.087773084	1.453971822	0.543243812	0.251915778	0.110143012	0.998607817	0.181029395	0.164072331	0.062156281	6.162109047	4.079223995	2.656883421	2.432280783	1.269005848	0.85836285	0.173947083	0.057108159	1.444361696	1.198926247	0.113114306	5.120666521	2.544582102	1.063684349	0.115527621	1.321643972
C1-E04	0.016806161	0.053672724	0.179620302	0.500211614	0.01496551	0.049419223	0.098802553	0.15872066	0.192811281	0.210614726	0.007965206	0.046851463	0.009915355	0.0596426	0.035239443	0.339915958	0.032192367	0.128761606	0.201713004	0.027408335	0.034778977	0.187091962	0.294086875	0.055569657	0.069564008	0.240589419	0.062566832	0.077601778	0.269343882	0.016151847	0.017658978	0.233847314	0.180168947	0.810277383	0.66761555	0.099902041	0.038072106	0.472945878	0.614833973	0.17347283	0.016905413	0.20700813	0.738946466	0.068987074	0.543889925
AG2-G02	0.052858088	0.322036343	0.347652197	0.750317421	0.172586122	0.074128835	0.14501665	0.07936033	0.588046135	0.947766269	0.066804957	0.070277195	0.020790259	0.0894639	0.187447216	0.548984809	0.123357478	0.11218849	0.767906202	0.068541076	0.05512708	0.329023796	0.532157203	11.30363467	11.70662871	0.4305905	11.50513169	0.041713305	0.052832838	0.013505499	0.090060789	0.15998183	0.459430815	0.61299435	0.608007019	0.132671504	0.145625806	0.762668171	0.705521984	0.047273071	0.051783144	0.309706322	0.610500685	0.139148655	0.734095077
K77-2B11	0.148625917	0.070347745	0.72092502	0.849874101	0.172052461	0.676515579	0.12232697	0.177212388	0.992077832	1.518266353	0.04930842	0.177398744	0.008768681	0.191087942	0.109486831	0.78539956	0.42428402	0.149769679	1.255172093	0.113353582	0.099928311	0.529611551	0.969899419	0.174495801	0.127908014	0.749755485	0.151201908	0.12042006	0.324653964	0.113309898	0.138354256	0.413734864	0.469418441	1.397070658	1.543809126	0.355075468	0.151957363	0.89444417	0.927062703	0.222537012	0.125832077	0.441576652	1.470439892	0.253516416	0.910753437
039-10-5B02	0.013655006	0.03500395	0.089810151	0.271854138	0.024318954	0.354529209	0.016055415	0.034504491	0.056966969	0.206036145	0.01294346	0.030555302	0.016112451	0.038897348	0.024329478	0.180832144	0.189424082	0.025279953	0.131501557	0.021749381	0.027504899	0.584185107	0.429819279	0.269909762	0.101670473	0.507002193	0.185790117	0.036192426	0.02071876	0.011718007	0.035317957	0.185077019	0.112605592	0.867776058	0.5722419	0.025580453	0.019036053	1.053861193	0.799284165	0.028455593	0.023517982	0.148841305	0.720008979	0.022308253	0.926572679
AG12-3A03	0.049654568	0.30965033	0.571519141	0.288583623	1.149623261	2.337909402	0.058383327	0.183139224	0.103576308	0.729050976	0.047067129	0.054059381	0.058590731	0.068818385	0.179652449	0.430051382	1.743766331	0.120761275	0.416313642	0.050563255	0.063704558	0.340774646	1.862550211	0.236171041	0.146857349	1.101662428	0.191514195	0.102545207	0.070443785	0.099603056	0.300202632	0.721029218	0.382859012	1.070723684	1.94562246	0.108716927	0.647225806	0.937446293	1.672348406	0.086494496	0.199902844	0.551944115	1.508173072	0.377971367	1.30489735
042-10-2C02	0.023747837	0.013198211	0.585718375	0.676515707	0.613260569	0.364568039	0.195457224	0.02601978	0.445828455	0.569695572	0.112551829	0.046083406	0.028021654	0.014666213	0.018473024	0.631117041	0.488914304	0.110738502	0.507762013	0.079317618	0.021343934	0.511161969	0.570781516	0.05904276	0.063954007	0.540971743	0.061498384	0.167420746	0.220793952	0.081308617	0.067209544	0.299648506	0.334287346	1.709273183	0.871174236	0.248495833	0.02898026	1.054361364	0.666911328	0.194107349	0.074259081	0.316967926	1.290223709	0.138738047	0.860636346
C2-3-G05	0.040459277	0.061930066	0.532208301	0.192389082	0.036028079	0.114044361	0.047571599	0.061046408	0.59076857	0.60754248	0.230105962	0.054059381	0.047740596	0.068818385	0.051194672	0.362298692	0.07503622	0.054309004	0.599155525	0.142082671	0.05827949	0.227183097	1.490040169	0.236171041	0.132171614	0.858611633	0.184171328	0.034909007	0.03643644	0.033907423	0.031055445	0.200828254	0.237636628	0.405001866	0.670904297	0.203555097	0.267817575	0.212753769	1.135322732	0.035672723	0.032481434	0.219232441	0.537953082	0.235686336	0.674038251
K77-2H12	0.060688916	0.201272715	0.299367169	0.312632259	0.054042119	0.185322087	0.071357399	0.198400826	0.126593265	1.184707836	0.172579472	0.175692987	0.071610894	0.22365975	0.130980815	0.305999714	0.119682103	0.134879112	0.655650551	0.174136229	0.147635322	0.681549292	0.310425035	0.472342083	0.220286024	0.495987163	0.346314053	0.683634713	0.096059706	0.132804074	0.081873445	0.87397481	0.208832188	4.124269006	0.884373846	0.144955903	0.176516129	1.111047459	0.997707856	0.38984721	0.10733876	0.541403499	2.504321426	0.160736016	1.054377657
01.q.01	0.064258852	0.11501298	0.515087629	0.803911522	11.16526075	23.4035321	0.103887978	0.05668595	0.552914702	0.789805224	0.030455201	0.050197996	0.009477912	0.063902786	0.089635916	0.659499576	17.28439643	0.080286964	0.671359963	0.040326599	0.036690349	0.498694604	1.396912658	0.253451849	0.413036295	0.947803631	0.333244072	0.138574604	0.150950967	0.037687643	0.032164568	0.425176934	0.287144259	0.84886202	2.866318803	0.305582714	0.104018433	0.653115736	1.679814247	0.144762786	0.034926105	0.356160597	1.857590412	0.204800573	1.166464991
W85-1C01	0.023747837	0.184020768	0.442542772	0.535941015	0.007048972	0.021179667	0.214072197	0.02267438	1.139339386	1.579610448	0.105048374	0.060237596	0.009340551	0.025561114	0.103884302	0.489241893	0.01411432	0.118373289	1.359474917	0.082642985	0.017450833	0.439220655	1.217821292	0.115461398	0.101670473	0.828520973	0.108565935	0.037478451	0.090202407	0.04853753	0.252609532	0.314098561	0.37819	0.995235551	1.038060764	0.097127813	0.106555468	0.7613777	0.573595109	0.063840429	0.150573531	0.34614428	1.016648157	0.101841641	0.667486404
K77-1E03	0.034679381	0.036595039	0.171066954	0.454737831	0.007720303	0.033694925	0.101939142	0.036072877	0.307440787	0.14360095	0.03287228	0.031944179	0.010230128	0.081330818	0.03563721	0.312902392	0.020707614	0.069006009	0.225520868	0.03240823	0.045780473	0.471841817	0.724325082	0.036334006	0.146857349	0.59808345	0.091595678	0.037048591	0.132082096	0.030844817	0.092107626	0.155623902	0.326300294	0.712280702	0.497460288	0.033667177	0.044129032	0.720388836	1.051156491	0.084565344	0.061476221	0.240962098	0.604870495	0.038898105	0.885772664
AG1-E04	0.036960919	0.009045965	0.243095145	0.337221313	0.03291287	0.199897981	0.067601746	0.053501346	0.282693231	0.301723344	0.03114216	0.007896314	0.00484585	0.010052124	0.023003442	0.290158229	0.116405425	0.060551546	0.292208288	0.019519237	0.007448987	0.35110115	0.413900047	0.057253586	0.083918485	0.382500599	0.070586036	0.059899423	0.16709921	0.032884818	0.02094437	0.153153681	0.331217564	0.749317739	0.904940679	0.07454875	0.139981395	0.719535497	0.802143857	0.113499316	0.026914594	0.242185622	0.827129209	0.107265073	0.760839677
014-10-3F03	0.124450689	0.182975195	0.318314458	0.426316716	0.024626788	0.050542387	0.715380507	1.154332076	0.201908246	0.574403799	0.039321905	0.047916269	0.016316406	0.020332705	0.153712942	0.372315587	0.037584588	0.934856291	0.388156022	0.043619087	0.018324555	0.340774646	0.196057917	0.649470364	0.173910019	0.268416281	0.411690191	0.428996462	0.579758581	0.796824446	0.781058174	1.260448074	1.138412638	1.501850958	0.73176066	0.287252064	0.103097916	0.519847894	0.346864299	0.504377522	0.78894131	1.199430356	1.116805809	0.19517499	0.433356096
W85-3B05	0.048551133	0.028753245	0.263443109	0.267970507	0.172934781	0.052949168	0.068503103	0.028342975	0.313951297	0.225658635	0.013806358	0.025098998	0.005728871	0.063902786	0.038652189	0.265706808	0.112941974	0.048423039	0.269804966	0.019452678	0.034815829	0.374183925	0.899162171	0.055569657	0.091152838	0.636673048	0.073361247	0.019078178	0.078687206	0.003088467	0.009580935	0.150404967	0.329910425	0.67877057	0.802051812	0.070792418	0.123936857	0.355276804	0.617123248	0.048882692	0.006334701	0.240157696	0.740411191	0.097364637	0.486200026
R95-2E07	0.02010553	0.030965033	0.253451959	0.480972706	0.005967841	0.02851109	0.094559498	0.030523204	0.391429482	0.364525488	0.006352619	0.02702969	0.007907951	0.034409192	0.025535282	0.367212332	0.017239466	0.062541351	0.377977485	0.016691154	0.021158572	0.651916714	0.642258693	0.082146449	0.136729256	0.647087704	0.109437853	0.082470219	0.0498423	0.016864009	0.008496301	0.149824253	0.292562075	0.574074074	1.170126716	0.082831944	0.018317712	0.705426958	0.547260239	0.06615626	0.012680155	0.221193164	0.872100395	0.050574828	0.626343598
024-10-4C04	0.095824604	0.073190078	0.378148003	0.738948975	0.238923053	0.033694925	0.067601746	0.180364387	0.559675488	0.574403799	0.03633252	0.191665077	0.022613966	0.040665409	0.084507341	0.558548489	0.136308989	0.123983067	0.567039644	0.113998799	0.031639688	0.302910796	1.029304064	0.104964907	0.034782004	0.66610743	0.069873456	0.058597261	0.179094368	0.939114525	0.839549733	0.159188269	0.155739259	0.628837719	0.474039371	0.046592969	0.041137233	0.535683596	0.810486648	0.118845814	0.889332129	0.157463764	0.551438545	0.043865101	0.673085122
W85-1B04	0.031211443	0.054644176	0.215544362	0.37346116	0.016675854	0.566867559	0.110094273	0.068228338	0.559903927	0.486033984	0.047336084	0.028619672	0.007365692	0.012144421	0.042927809	0.294502761	0.291771707	0.089161306	0.522968955	0.037977878	0.009755056	0.33156452	0.823524267	0.089362016	0.114694376	0.577544394	0.102028196	0.077329172	0.226974168	0.048985109	0.054899175	0.309473047	0.326735993	0.819132873	0.843620769	0.149708555	0.049316916	0.922078321	0.873795974	0.15215167	0.051942142	0.31810452	0.831376821	0.099512735	0.897937148
024-10-4C05	0.047495673	0.100636357	0.4685747	0.468948388	0.042293832	0.092661043	0.111689842	0.297601238	0.29721897	0.789805224	0.045020732	0.175692987	0.056043308	0.111829875	0.074066015	0.468761544	0.067477438	0.20464554	0.543512097	0.110356859	0.083936592	0.227183097	0.206950023	0.157447361	0.146857349	0.21706656	0.152152355	0.096513136	0.234812615	0.093744052	0.050033772	0.185077019	0.382859012	0.895768834	1.216014038	0.051160907	0.215741935	0.490167997	0.871014795	0.165662876	0.071888912	0.283968015	1.055891436	0.133451421	0.680591396
C1-2-2F04	0.023747837	0.063559805	0.488098645	0.756899153	0.021146916	0.390151762	0.055844921	0.292380164	0.421060208	1.080786096	0.022510366	0.240421982	0.014010827	0.047086263	0.043653821	0.622498899	0.205649339	0.174112542	0.750923152	0.131466174	0.030548545	0.487612501	0.659056229	0.023041077	0.061002284	0.573334365	0.04202168	0.117194522	0.044773592	0.147312082	0.114484054	0.264395741	0.321212222	1.18369453	1.545780556	0.109630515	0.02468234	0.644220795	0.757339983	0.080984057	0.130898068	0.292803981	1.364737543	0.067156427	0.700780389
045-09-1F04	0.129606838	0.170089618	0.182664713	0.792588825	0.131899409	0.281898385	0.174160432	0.134130136	0.84967683	0.667441035	0.017550455	0.059389179	0.021847391	0.037801648	0.149848228	0.487626769	0.206898897	0.154145284	0.758558932	0.038469817	0.02982452	0.551039853	0.763779583	0.060298989	0.133122489	0.657409718	0.096710739	0.080035284	0.090755796	0.068021599	0.044201614	0.460435509	0.373463699	0.951754386	0.939986311	0.137884883	0.089340986	0.447128855	0.961856829	0.08539554	0.056111607	0.416949604	0.945870349	0.113612934	0.704492842
008-10053-5D03	0.064258852	0.067090905	0.422636004	0.625264517	0.057221067	2.038542954	0.075554893	0.132267217	0.670199639	1.184707836	0.060910402	0.058564329	0.075823299	0.07455325	0.065674879	0.52395026	1.047882011	0.103911055	0.927453737	0.059737365	0.075188275	0.113591549	0.354771469	0.07872368	0.188816592	0.234181509	0.133770136	0.321011083	0.075475484	0.034644541	0.032164568	0.182394743	0.369185476	0.662090008	0.521148873	0.037814583	0.208036866	0.434757701	0.671925699	0.198243283	0.033404554	0.275790109	0.59161944	0.122925725	0.5533417
K77-2F08	0.020229639	0.154166335	0.532208301	0.798210022	0.036028079	0.015772092	0.285429596	0.135081413	0.928350611	0.873827057	0.095877484	0.029905189	0.023870298	0.076139489	0.087197987	0.665209161	0.025900086	0.210255505	0.901088834	0.062891337	0.050004894	0.43970922	0.773674703	0.152368414	0.040668189	0.606691962	0.096518301	0.202280956	0.069861605	0.06549242	0.00744304	0.143667092	0.189847444	1.09516943	0.844175034	0.09531347	0.048140762	0.844700465	1.166152039	0.13607128	0.03646773	0.166757268	0.969672232	0.071727116	1.005426252
150055-015-1G03	0.034679381	0.201272715	0.142555795	0.521053764	0.432336953	1.482576694	0.142714798	0.132267217	0.687220582	0.526536816	0.065744561	0.234257316	0.020460255	0.298213	0.117976048	0.33180478	0.957456823	0.137491008	0.606878699	0.150000938	0.159336628	0.353395929	0.429819279	0.069976605	0.203340945	0.391607604	0.136658775	0.012244204	0.039135436	0.035678707	0.066711696	0.297412323	0.255239341	0.965959675	0.630525797	0.194716884	0.035956989	0.397987149	1.393623672	0.02568982	0.051195201	0.276325832	0.798242736	0.115336937	0.895805411
C1-B01	0.019164921	0.357818159	0.913857674	1.111581364	0.017065932	0.082365372	0.090135662	0.440890723	0.75955959	0.87756136	0.03633252	0.234257316	0.022613966	0.099404333	0.18849154	1.012719519	0.049715652	0.265513193	0.818560475	0.135294918	0.06100915	0.170387323	1.034750117	0.03936184	0.293714699	0.60256872	0.166538269	0.020509041	0.098293653	0.009960306	0.02094437	0.209753954	0.160266563	0.927960526	0.678705509	0.076101849	0.135465866	0.604132056	1.057371449	0.059401347	0.015452338	0.185010259	0.803333018	0.105783858	0.830751752
W85-2F03	0.072826699	0.042373203	0.239493735	0.460721223	0.064850543	0.468182114	0.085628879	0.250611569	0.455735754	0.83137392	0.069031789	0.036987997	0.085933072	0.047086263	0.057599951	0.350107479	0.266516328	0.168120224	0.643554837	0.053009893	0.066509668	0.340774646	0.582046941	0.236171041	0.082607259	0.461410793	0.15938915	0.337795976	0.099684601	0.046872026	0.067970407	0.308461698	0.281726443	0.671826625	1.46839431	0.358126348	0.036635423	1.568537589	0.680377594	0.218740288	0.057421217	0.29509407	1.070110468	0.197380885	1.124457592
K77-2A09	0.156057213	0.161018172	0.769801292	0.250105807	0.138965449	0.148257669	0.183490455	0.15872066	1.302102155	0.31592209	0.147925261	0.281108779	0.184142298	0.1789278	0.158537692	0.50995355	0.143611559	0.171105558	0.809012122	0.21451702	0.181535049	0.681549292	0.206950023	0.472342083	0.146857349	0.444249658	0.309599716	0.117194522	0.616383115	0.113832064	0.075050658	0.599297012	0.765718024	0.271929825	0.810676025	0.37274375	0.080903226	1.666571188	0.914565534	0.366788819	0.094441361	0.682507518	0.541302925	0.226823488	1.290568361
R95-2H06	0.040459277	0.024772026	0.332630188	0.519450522	0.01801404	0.057022181	0.118928998	0.140406738	0.632966325	0.704749277	0.009587748	0.005405938	0.011935149	0.048172869	0.032615652	0.426040355	0.03751811	0.129667868	0.668857801	0.007496843	0.030054009	0.477084504	0.588173751	0.094468417	0.09043321	0.532629128	0.092450813	0.111646853	0.186782762	0.084868876	0.063679346	0.453018895	0.510478683	0.77717222	0.884373846	0.113219995	0.085806452	0.87766175	0.669097729	0.149214807	0.074274111	0.481748789	0.830773033	0.099513223	0.773379739
R95-2E12	0.024156276	0.027137894	0.260383238	0.245890541	0.035851037	0.289435619	0.053649543	0.051272123	0.324725722	0.359405748	0.020353353	0.01381855	0.003167067	0.010052124	0.025647085	0.253136889	0.162643328	0.052460833	0.342065735	0.017085951	0.006609595	0.110949885	0.425455632	0.043938798	0.046964533	0.268202758	0.045451666	0.065816981	0.071035749	0.073061267	0.039102023	0.129218052	0.194646809	0.758131001	0.718708577	0.049841571	0.010877745	0.768819373	0.537979726	0.068426365	0.056081645	0.16193243	0.738419789	0.030359658	0.65339955
56.d.01	0.054620025	0.081873647	0.628671055	0.614666814	0.486379072	0.640774673	0.449551614	0.282468972	0.79753757	0.615780344	0.051773841	0.023822778	0.064449804	0.015163373	0.068246836	0.621668935	0.563576872	0.366010293	0.706658957	0.03779831	0.039806589	0.314561212	1.044156937	0.145336026	0.120156013	0.679359074	0.132746019	0.249675287	0.12837886	0.069289082	0.016833792	0.364789486	0.300562215	0.413806255	0.590960093	0.075629167	0.018146518	0.797055786	0.43957756	0.189027073	0.043061437	0.33267585	0.502383174	0.046887842	0.618316673
K77-1C12	0.054232648	0.023335967	0.25478057	0.271854138	0.006898994	0.290069353	0.009109455	0.011501497	0.210090951	0.206036145	0.058750458	0.040740403	0.009141816	0.012965783	0.038784308	0.263317354	0.148484174	0.010305476	0.208063548	0.049745431	0.011053799	0.259637825	0.088692867	0.089969921	0.083918485	0.174165346	0.086944203	0.050413286	0.111444269	0.026709199	0.007035999	0.128899078	0.201898307	0.733754778	0.693508006	0.252660568	0.14790121	0.763457192	0.587934986	0.080928777	0.016872599	0.165398693	0.713631392	0.200280889	0.675696089
028-10134-4D06	0.955850429	0.805090858	0.673576131	3.751587104	0.121594768	0.741288347	0.481662444	0.793603302	0.854504539	1.579610448	0.258869207	0.702771948	0.161124511	0.894639001	0.880470643	2.212581617	0.431441557	0.637632873	1.217057494	0.480820578	0.527881756	0.454366194	1.862550211	0.314894722	1.321716144	1.158458203	0.818305433	0.037289166	0.264164192	0.036219293	0.225151974	0.28602812	0.861432777	0.519138756	2.432028075	0.158133712	0.242709677	0.454519415	1.567826631	0.150726679	0.130685633	0.573730448	1.475583416	0.200421695	1.011173023
H1N1-300-16-IgG-2E02-	0.054620025	0.13418181	0.449050754	0.208421506	0.048637907	0.123548058	0.064221659	0.132267217	0.227867877	0.263268408	0.051773841	0.117128658	0.064449804	0.1491065	0.094400917	0.32873613	0.086092983	0.098244438	0.245568143	0.08445125	0.106778152	NA	NA	NA	NA	NA	NA	0.123054248	0.352218923	0.039841222	0.300202632	0.209753954	0.382859012	0.095175439	1.62135205	0.043486771	0.323612903	0.583299916	1.567826631	0.237636586	0.170021927	0.296306483	0.858263744	0.183549837	1.075563273
051-09-4C02	0.020482509	0.055523507	0.348014334	0.086243382	0.060797384	0.613480011	0.080277074	0.054731262	0.341801816	0.217877303	0.019415191	0.024233515	0.008056226	0.030849621	0.038003008	0.217128858	0.337138698	0.067504168	0.279839559	0.021824353	0.019452923	0.145010488	0.161960888	0.040199326	0.229863677	0.153485688	0.135031502	0.026126167	0.027093763	0.03045189	0.138555061	0.200401867	0.323957626	0.945692256	1.184834191	0.08309574	0.0248933	0.806747836	0.663311267	0.026609965	0.084503475	0.262179746	1.065263223	0.05399452	0.735029552
C1-C02	0.034137515	0.05963636	0.056131344	0.185263561	0.030398692	0.027455124	0.040138537	0.146963574	0.42725227	0.643544997	0.032358651	0.026028591	0.040281128	0.033134778	0.046886938	0.120697452	0.028926908	0.093551056	0.535398634	0.029193621	0.036707953	0.389456738	0.232818776	0.134954881	0.082607259	0.311137757	0.10878107	0.051272604	0.022013683	0.099603056	0.243914638	0.589932996	0.646074583	1.189692982	0.96267778	0.108716927	0.060677419	0.416642797	0.783913315	0.036643143	0.171758847	0.61800379	1.076185381	0.084697173	0.600278056
042-100809-3D03	0.052019071	0.201272715	0.513200862	0.312632259	0.046321816	0.185322087	0.061163485	0.198400826	0.434034052	0.394902612	0.04930842	0.175692987	0.061380766	0.22365975	0.126645893	0.41291656	0.115821952	0.129782155	0.414468332	0.112500704	0.142520258	1.022323937	0.62085007	0.236171041	0.440572048	0.821587004	0.338371545	0.102545207	0.301901934	0.049801528	0.128658271	0.065548111	0.328164868	1.189692982	0.694865164	0.108716927	0.138691244	1.041606993	0.671925699	0.202223571	0.089229899	0.196856489	0.942279073	0.123704086	0.856766346
R95-2B05	0.121377832	0.13418181	0.598734338	1.250529035	0.216168476	2.347413099	0.428144394	0.132267217	0.25318653	0.526536816	0.115052981	0.117128658	0.143221787	0.1491065	0.127779821	0.924631687	1.281790788	0.280205806	0.389861673	0.11609082	0.146164144	0.454366194	0.310425035	0.629789444	0.220286024	0.382395615	0.425037734	0.091151295	0.124312561	0.08853605	0.10595387	0.466119898	0.40538013	0.423001949	0.5722419	0.096637268	0.114216319	0.740698306	0.368900384	0.107731928	0.09724496	0.435750014	0.497621925	0.105426794	0.554799345
W85-2B03	0.116212818	0.03500395	0.382170854	0.434966621	0.020696982	0.032229928	0.027328366	0.034504491	0.387860216	0.412072291	0.044062844	0.061110604	0.027425449	0.038897348	0.075608384	0.408568738	0.026463455	0.030916428	0.399966254	0.052586724	0.033161398	0.294724018	0.232818776	0.025532004	0.123910889	0.263771397	0.074721447	0.012620949	0.034085702	0.024517675	0.203363073	0.209753954	0.555763082	0.497840756	0.862977704	0.080283269	0.031317378	0.820465816	0.910350947	0.023353325	0.113940374	0.382758518	0.68040923	0.055800323	0.865408381
AG3-D06	0.078833025	0.074892173	0.833290059	0.697969694	0.050142172	0.017239264	1.456573713	1.402647697	0.916169815	1.506140195	2.850230036	3.562890342	0.013288619	0.083222233	0.076862599	0.765629876	0.033690718	1.429610705	1.211155005	3.206560189	0.048255426	0.47626336	1.019967973	0.159344317	0.110143012	0.748115667	0.134743665	0.131257865	0.185187269	0.050996765	0.204261584	1.031989455	1.657740052	1.035508772	0.977825721	4.487834747	7.156182241	0.453307363	0.71117909	0.158222567	0.127629174	1.344864754	1.006667246	5.822008494	0.582243227
K77-2G06	0.28610489	0.100636357	0.940868246	0.781580647	0.023160908	0.185322087	0.214072197	0.396801651	2.821221336	1.184707836	0.320504733	0.087846494	0.030690383	1.006468876	0.193370624	0.861224446	0.104241497	0.305436924	2.002964586	0.204175613	0.518579629	0.428402412	0.706484563	0.06747744	0.136729256	0.567443487	0.102103348	0.099437776	0.062156281	0.024146195	0.158930805	0.206575864	0.608070196	0.72102605	1.1444838	0.19766714	0.057108159	0.580774808	1.014476055	0.080797029	0.0915385	0.40732303	0.932754925	0.12738765	0.797625432
C05	0.218480098	0.201272715	1.436962412	1.563161293	0.194551629	0.185322087	0.256886637	0.396801651	2.734414526	0.789805224	0.414190732	0.175692987	0.257799217	0.22365975	0.209876406	1.500061853	0.189936858	0.326844144	1.762109875	0.294941859	0.240729484	0.454366194	1.117530127	0.157447361	0.264343229	0.785948161	0.210895295	0.102545207	0.105665677	0.099603056	1.260851053	0.655481107	0.459430815	4.04495614	0.486405615	0.434867708	0.097083871	2.083213985	1.097478641	0.104105442	0.680227054	0.557455961	2.265680878	0.26597579	1.590346313
AG10-3C01	0.079931743	0.13418181	0.438098296	0.625264517	0.023725808	0.123548058	0.125310554	0.529068868	0.778085434	1.31634204	0.025255532	0.234257316	0.031438929	1.043745501	0.107056776	0.531681407	0.073636933	0.327189711	1.047213737	0.129756424	0.537592215	0.545239433	0.931275106	0.251915778	0.660858072	0.738257269	0.456386925	0.086353859	0.352218923	0.013979376	0.300202632	0.423187803	0.765718024	0.534318252	5.674732176	0.061034064	0.323612903	0.29238091	4.703479892	0.219286391	0.157091004	0.594452913	3.104525214	0.192323484	2.497930401
W85-1E04	0.025404663	0.402545429	0.250632979	2.084215058	0.022622282	0.123548058	0.119482157	0.529068868	0.635910355	0.526536816	0.024080856	0.117128658	0.029976653	0.1491065	0.213975046	1.167424018	0.07308517	0.324275512	0.581223585	0.070604757	0.089541577	0.170387323	0.558765063	0.023617104	0.132171614	0.364576193	0.077894359	0.082036166	0.150950967	0.015936489	0.128658271	0.314630931	0.492247301	0.456842105	0.694865164	0.069578833	0.138691244	0.666628475	2.015777096	0.116493566	0.07229738	0.403439116	0.575853635	0.104135039	1.341202786
C1-F02	0.136550061	1.610181716	0.449050754	0.416843012	0.243189536	4.447730082	0.160554148	0.264534434	1.139339386	1.053073632	0.129434604	0.702771948	0.161124511	0.298213	0.873365889	0.432946883	2.345459809	0.212544291	1.096206509	0.416103276	0.229668756	1.363098583	0.931275106	0.269909762	0.660858072	1.147186844	0.465383917	0.164072331	0.132082096	0.079682445	0.562879934	0.524384886	0.430716389	1.33245614	0.304003509	0.173947083	0.121354839	0.666628475	0.391956658	0.148077214	0.321281189	0.477550637	0.818229825	0.147650961	0.529292566
FISW-k.01	0.182066748	0.402545429	1.496835846	0.625264517	0.162126357	0.370644173	0.428144394	0.396801651	1.139339386	0.789805224	0.172579472	0.351385974	0.214832681	0.4473195	0.292306089	1.061050182	0.266385265	0.412473023	0.964572305	0.261982723	0.331076091	0.681549292	0.372510042	0.472342083	0.264343229	0.527029667	0.368342656	0.410180828	4.226627076	1.693251947	0.900607895	0.393288664	0.574288518	0.237938596	2.432028075	0.434867708	0.485419355	0.624964196	3.135653261	2.318403952	1.296929921	0.483788591	1.334983336	0.460143531	1.880308728
AG13-3E05	0.136550061	0.11501298	1.122626885	0.535941015	0.121594768	0.105898335	0.160554148	0.1133719	0.854504539	0.676975906	0.258869207	0.100395993	0.161124511	0.127805572	0.12578152	0.82928395	0.113746552	0.136963024	0.765740223	0.1796326	0.144465041	0.454366194	1.034750117	0.125957889	0.146857349	0.744558156	0.136407619	0.164072331	1.056656769	0.079682445	0.360243158	0.419507909	0.918861629	1.142105263	0.486405615	0.086973542	0.194167742	0.666628475	0.627130652	0.61036455	0.219962801	0.669184769	0.814255439	0.140570642	0.646879564
029-09-2A06	0.565034736	0.245027652	0.805194455	0.380595793	0.006708677	0.032229928	0.194879517	0.103513474	0.220010364	0.343393576	0.021423659	0.030555302	0.008889628	0.038897348	0.405031194	0.592895124	0.019469302	0.149196496	0.28170197	0.02598948	0.023893488	0.209707474	0.814865717	4.5599178	3.38689762	0.512286596	3.97340771	1.072006336	0.783971151	1.075468577	0.900607895	0.283103497	0.555763082	0.922559466	1.64750289	0.122723402	0.093952133	0.541891245	0.404600421	0.927988744	0.988038236	0.419433289	1.285031178	0.108337768	0.473245833
045-09-1A01	0.027310012	0.201272715	0.987911658	0.625264517	0.535016979	1.853220867	0.096332489	0.198400826	0.227867877	1.184707836	0.025886921	0.175692987	0.032224902	0.22365975	0.114291363	0.806588088	1.194118923	0.147366657	0.706287857	0.100789954	0.127942326	0.545239433	1.862550211	0.094468417	0.660858072	1.203894822	0.377663244	0.42190028	0.198123144	3.665392451	2.13894375	0.299648506	0.14357213	2.610526316	0.912010528	0.1490975	0.060677419	0.952326393	0.391956658	0.310011712	2.902168101	0.221610318	1.761268422	0.10488746	0.672141525
K77-2F06	0.031211443	0.080509086	0.564520948	0.875370324	0.02779309	0.074128835	0.073396182	0.238080991	0.325525539	0.947766269	0.118340209	0.14055439	0.03682846	0.0894639	0.055860264	0.719945636	0.050960962	0.155738586	0.636645904	0.129447299	0.06314618	0.524268686	0.931275106	0.145336026	0.094408296	0.727771896	0.119872161	0.025636302	0.096059706	0.049801528	0.040936722	0.196644332	0.36545633	0.178453947	0.884373846	0.054358464	0.044129032	0.833285594	0.997707856	0.060848004	0.045369125	0.281050331	0.531413896	0.049243748	0.915496725
W85-2E02	0.047495673	0.402545429	0.624766266	0.625264517	0.042293832	0.370644173	0.614294131	0.396801651	0.69351093	1.579610448	0.045020732	0.351385974	0.056043308	0.4473195	0.225020551	0.625015392	0.206469003	0.505547891	1.136560689	0.198203353	0.251681404	0.908732389	0.465637553	0.104964907	0.330429036	0.687184971	0.217696972	0.179454112	0.117406308	0.024900764	0.100067544	0.262192443	0.255239341	1.011239035	0.810676025	0.244613086	0.107870968	0.989526643	0.348405918	0.14843021	0.062484154	0.258715892	0.91095753	0.176242027	0.66896628
013-10-4A03	0.03581641	0.13418181	0.26501356	0.416843012	0.015946855	0.123548058	0.021056282	0.132267217	0.261487728	0.263268408	0.01697503	0.117128658	0.021131083	0.1491065	0.08499911	0.340928286	0.069747456	0.076661749	0.262378068	0.067051844	0.085118792	0.340774646	0.931275106	0.236171041	0.660858072	0.636024876	0.448514557	0.01155439	0.088054731	0.022445759	0.075050658	0.088628431	0.574288518	0.455769706	0.405338013	0.024499589	0.080903226	0.845022011	0.653261096	0.04980456	0.048748208	0.331458475	0.430553859	0.052701407	0.749141553
AG11-3C06	0.182066748	0.402545429	1.197468677	6.877909691	0.162126357	0.370644173	0.642216592	0.396801651	3.038238362	0.789805224	0.172579472	0.351385974	0.214832681	0.4473195	0.292306089	4.037689184	0.266385265	0.519509121	1.914021793	0.261982723	0.331076091	0.240546809	0.069845633	0.055569657	0.016521452	0.155196221	0.036045554	0.091151295	0.105665677	0.08853605	0.090060789	0.116529975	0.229715407	0.634502924	0.486405615	0.096637268	0.097083871	0.925872882	0.470347989	0.098408486	0.08929842	0.173122691	0.56045427	0.09686057	0.698110436
S8V1-146-Ig	0.728266993	0.268363619	0.299367169	0.833686023	0.162126357	0.247096116	0.214072197	0.264534434	1.898898976	1.579610448	0.517738415	0.234257316	0.214832681	0.298213	0.498315306	0.566526596	0.204611236	0.239303316	1.739254712	0.375997865	0.256522841	0.340774646	4.966800563	0.118085521	0.440572048	2.653787604	0.279328784	0.082036166	0.528328385	0.079682445	0.450303947	0.419507909	1.148577036	0.951754386	1.216014038	0.086973542	0.485419355	0.499971356	0.783913315	0.305182275	0.264993196	0.784042472	1.083884212	0.286196448	0.641942336
01.l.01	0.068275031	0.268363619	0.224525377	0.416843012	0.060797384	0.247096116	0.080277074	0.264534434	0.42725227	0.526536816	0.064717302	0.234257316	0.080562255	0.298213	0.168319325	0.320684194	0.15394675	0.172405754	0.476894543	0.149487309	0.189387628	0.908732389	0.931275106	0.314894722	0.330429036	0.920003747	0.322661879	0.025636302	0.176109462	0.024900764	0.150101316	0.098322166	0.95714753	0.297423246	1.62135205	0.081537695	0.161806452	0.572883846	0.261304438	0.100872882	0.08750104	0.527734848	0.959387648	0.121672073	0.417094142
C1-3A03	0.054620025	0.402545429	0.089810151	0.937896776	0.048637907	0.185322087	0.064221659	0.198400826	0.113933939	0.394902612	0.051773841	0.175692987	0.064449804	0.22365975	0.228582727	0.513853463	0.116979997	0.131311242	0.254418275	0.113733414	0.144054777	0.454366194	0.62085007	0.629789444	0.440572048	0.537608132	0.535180746	0.051272604	0.088054731	0.049801528	0.075050658	0.196644332	0.574288518	0.118969298	1.013345031	0.054358464	0.080903226	0.833285594	0.130652219	0.069663667	0.062426093	0.385466425	0.566157165	0.067630845	0.481968907
2-12C	0.02061133	0.100636357	4.100765375	1.17237097	0.018353927	0.046330522	0.218111295	0.198400826	0.859878782	0.789805224	0.039074597	0.043923247	0.024320681	0.055914938	0.060623844	2.636568172	0.032342224	0.20825606	0.824842003	0.041498922	0.040117809	0.302910796	0.62085007	0.029989974	0.264343229	0.461880433	0.147166601	0.136726943	0.105665677	12.36285201	7.024741581	0.397261277	0.574288518	0.922913344	0.486405615	0.118600284	0.048541935	0.73228128	0.078391332	0.12119631	9.693796794	0.485774898	0.70465948	0.08357111	0.405336306
039-10-4G01	0.039014303	0.603818144	0.641501077	0.937896776	0.034741362	0.185322087	0.183490455	0.198400826	0.813813847	1.579610448	0.073962631	0.175692987	0.046035575	0.22365975	0.321416223	0.789698926	0.110031725	0.19094564	1.196712148	0.124827809	0.134847662	0.454366194	0.532157203	0.251915778	0.188816592	0.493261699	0.220366185	0.054690777	0.150950967	0.05312163	0.128658271	0.419507909	0.328164868	0.380701754	1.389730329	0.057982361	0.138691244	0.444418984	0.223975233	0.102820872	0.09088995	0.373836388	0.885216042	0.098336803	0.334197108
R95-1D02	1.09240049	0.201272715	1.796203015	0.312632259	0.972758144	0.185322087	1.284433183	0.198400826	2.278678771	0.394902612	1.035476829	0.175692987	1.288996086	0.22365975	0.646836602	1.054417637	0.579040115	0.741417004	1.336790692	0.605584908	0.756327918	2.726197166	1.862550211	0.944684166	1.321716144	2.294373689	1.133200155	0.273453885	0.528328385	0.265608149	0.450303947	0.349589924	0.574288518	0.634502924	1.216014038	0.289911805	0.485419355	2.222094918	0.783913315	0.400891135	0.357956048	0.461939221	0.925258481	0.38766558	1.503004116
W85-2G05	0.546200245	0.805090858	0.898101508	1.250529035	0.486379072	0.741288347	0.642216592	0.793603302	1.139339386	1.579610448	0.517738415	0.702771948	0.644498043	0.894639001	0.675645552	1.074315271	0.613833709	0.717909947	1.359474917	0.610255181	0.769568522	0.681549292	0.931275106	0.472342083	0.660858072	0.806412199	0.566600078	0.136726943	0.528328385	0.132804074	0.450303947	0.174794962	0.574288518	0.317251462	1.216014038	0.144955903	0.485419355	0.277761865	0.783913315	0.332527664	0.291554011	0.37454174	0.76663275	0.315187629	0.53083759
R95-1F02	0.273100123	0.402545429	0.898101508	0.625264517	0.243189536	0.370644173	0.321108296	0.396801651	0.569669693	1.579610448	0.258869207	0.351385974	0.322249022	0.4473195	0.337822776	0.761683013	0.306916855	0.358954973	1.074640071	0.305127591	0.384784261	0.681549292	1.862550211	0.472342083	1.321716144	1.272049751	0.897029114	0.205090414	1.056656769	0.199206111	0.900607895	0.262192443	2.297154073	1.427631579	2.432028075	0.217433854	1.941677419	0.833285594	1.567826631	0.630873592	0.549907003	1.279673258	1.929829827	1.079555637	1.200556112
D1-H1-17-H3-14	0.546200245	0.805090858	0.449050754	1.250529035	0.243189536	14.08447859	0.321108296	0.793603302	0.569669693	1.579610448	0.258869207	0.702771948	0.322249022	0.894639001	0.675645552	0.849789894	7.163834064	0.557355799	1.074640071	0.480820578	0.608444011	1.363098583	0.62085007	0.944684166	0.440572048	0.991974327	0.692628107	0.410180828	0.264164192	0.398412223	0.225151974	0.524384886	0.287144259	0.951754386	0.608007019	0.434867708	0.242709677	0.833285594	0.391956658	0.33717251	0.311782098	0.405764572	0.779880702	0.338788693	0.612621126
AG8-2B02	0.546200245	0.402545429	0.898101508	0.625264517	0.486379072	0.370644173	0.642216592	0.396801651	1.139339386	1.579610448	0.517738415	0.351385974	0.644498043	0.4473195	0.474372837	0.761683013	0.428511623	0.519509121	1.359474917	0.434562194	0.545908772	NA	NA	NA	NA	NA	NA	0.164072331	0.352218923	0.159364889	0.300202632	0.419507909	0.382859012	0.380701754	0.810676025	0.173947083	0.323612903	0.333314238	0.522608877	0.258145627	0.22978376	0.40118346	0.59568889	0.248779993	0.427961557
AG13-3B01	1.09240049	0.805090858	1.796203015	1.250529035	0.972758144	0.741288347	3.853299549	0.793603302	2.278678771	1.579610448	6.212860976	2.108315845	1.288996086	0.894639001	0.948745674	1.523366025	0.857023245	2.323451426	1.92914461	4.160588411	1.091817543	0.681549292	0.931275106	0.472342083	0.660858072	0.806412199	0.566600078	0.410180828	1.056656769	0.398412223	0.900607895	0.524384886	1.148577036	3.807017544	2.432028075	2.17433854	2.912516129	0.833285594	1.567826631	0.733418799	0.649510059	0.836480961	3.11952281	2.543427335	1.200556112
K77-2D08	1.09240049	0.805090858	1.796203015	1.250529035	0.972758144	0.741288347	1.284433183	0.793603302	2.278678771	3.159220897	1.035476829	0.702771948	1.288996086	0.894639001	0.948745674	1.523366025	0.857023245	1.039018243	2.718949834	0.869124389	1.091817543	0.681549292	0.372510042	0.472342083	0.264343229	0.527029667	0.368342656	0.820361656	0.352218923	0.796824446	0.300202632	1.048769772	1.148577036	1.903508772	0.810676025	0.869735416	0.323612903	1.666571188	0.522608877	0.58629029	0.548513539	1.098673404	1.357092399	0.59667416	1.094590033
300-16-IgG-2E02	NA	NA	NA	NA	NA	NA	NA	NA	NA	NA	NA	NA	NA	NA	NA	NA	NA	NA	NA	NA	NA	0.681549292	1.862550211	0.472342083	1.321716144	1.272049751	0.897029114	NA	NA	NA	NA	NA	NA	NA	NA	NA	NA	NA	NA	NA	NA	NA	NA	NA	NA
K77-1C10	NA	NA	NA	NA	NA	NA	NA	NA	NA	NA	NA	NA	NA	NA	NA	NA	NA	NA	NA	NA	NA	NA	NA	NA	NA	NA	NA	0.410180828	0.528328385	0.398412223	0.450303947	0.524384886	0.574288518	0.951754386	1.216014038	0.434867708	0.485419355	0.833285594	0.783913315	0.469254606	0.424358085	0.549336702	1.083884212	0.460143531	0.808599455